gender,SeniorCitizen,Partner,Dependents,tenure,PhoneService,MultipleLines,InternetService,OnlineSecurity,OnlineBackup,DeviceProtection,TechSupport,StreamingTV,StreamingMovies,Contract,PaperlessBilling,PaymentMethod,MonthlyCharges,TotalCharges
1,0,0,0,0.10704778280226633,0,1,0,0,0,2,0,2,2,0,0,2,-0.5172074769706297,-0.25504092025125735
1,0,1,1,-0.7073594915983407,1,0,1,2,0,0,0,0,0,0,0,3,0.3436033691154218,-0.49773564378084617
1,0,1,1,-0.7888002190384014,0,1,0,2,2,0,2,0,0,2,0,3,-0.8046983579993692,-0.7453274977070509
0,0,1,0,-0.2594354906780068,1,0,0,0,2,2,0,2,2,2,1,1,0.29042586511010604,-0.16501754570806054
1,0,1,1,-1.2774445836787656,1,0,0,0,0,0,0,0,0,0,0,2,-0.6717545979860794,-0.986125134686599
1,0,0,1,1.369379058123207,1,0,0,0,2,2,2,2,2,2,1,1,0.4898415051300408,1.2866507296996086
0,0,0,0,-1.2774445836787656,1,0,2,1,1,1,1,1,1,0,0,1,-1.4943441130683104,-0.9970444119222968
0,0,1,0,0.3106496014024181,1,2,0,0,2,0,0,0,0,0,0,1,-0.27126152094604356,0.043838447963830504
0,0,1,0,1.3286586944031769,1,0,0,0,0,0,2,2,0,2,1,1,-0.16490651293541178,0.6743329569551688
0,0,0,0,1.125056875803025,1,2,0,0,0,2,2,2,2,1,0,1,0.5247392421335293,1.1326558319573745
0,1,0,0,-1.1145631287986442,1,0,0,2,2,0,2,0,0,0,0,1,-0.1615829189350795,-0.8787853305878008
0,0,1,1,-1.1145631287986442,1,0,0,2,0,0,0,0,0,0,1,3,-0.5105602889699654,-0.9031827459871578
0,0,0,0,-1.2367242199587352,1,0,0,2,0,0,0,0,0,0,0,3,-0.4590445819648154,-0.9514922755753962
1,0,1,1,-0.0965540357978854,1,2,0,2,2,2,2,0,0,0,0,2,0.09433381909050333,-0.12332575989903286
1,0,1,0,0.14776814652229667,1,2,1,0,0,0,0,2,2,0,1,2,1.0182929511828682,0.5269778621380763
0,0,1,1,0.9214550572028734,1,0,1,0,0,0,0,0,0,2,1,1,0.142525932095321,0.6895096493554922
0,0,0,0,-0.055833672077855064,1,2,1,2,0,2,0,0,0,0,1,1,0.6643301901474837,0.14720760579510242
0,1,1,1,-0.1779947632379461,0,1,0,0,0,0,0,2,0,0,1,2,-0.9592454790148186,-0.5762220850022856
1,0,0,0,-0.6666391278783103,1,0,2,1,1,1,1,1,1,2,0,1,-1.5225946620711341,-0.8616012559077836
1,0,0,0,-1.0738427650786138,1,0,2,1,1,1,1,1,1,0,0,0,-1.4827115340671475,-0.9482054628317216
1,1,1,0,-0.21871512695797646,1,2,1,2,0,2,0,0,0,1,1,2,0.7025515211513048,-0.026309636095803397
1,0,0,0,1.0436161483629645,1,2,2,1,1,1,1,1,1,2,1,1,-1.3115464430500368,-0.35532179765223093
1,0,1,1,1.6137012404433893,1,2,1,2,2,2,2,0,2,2,1,1,1.3340343812144315,2.405733261910076
0,0,0,0,-0.1779947632379461,0,1,0,0,0,2,2,0,0,0,1,3,-0.9642308700153169,-0.5816265757553076
1,0,1,1,0.3106496014024181,1,0,1,0,0,2,0,2,0,1,1,2,0.6743009721484804,0.4746756271363808
1,0,0,0,-1.2774445836787656,1,0,2,1,1,1,1,1,1,0,0,3,-1.4710789550659844,-0.996735583879267
0,0,0,0,-1.1145631287986442,1,0,1,0,0,0,0,0,2,0,1,2,0.5064594751317021,-0.8237918797825595
0,0,0,0,-1.2774445836787656,1,0,1,0,0,0,0,0,0,0,1,2,0.14751132309581955,-0.9752499757427628
0,0,0,1,-0.8295205827584317,1,2,1,0,2,2,0,2,2,0,1,2,1.3473287572157604,-0.4429848435808425
1,0,0,0,-1.1145631287986442,1,0,1,0,0,0,2,2,2,0,1,2,1.0415581091851935,-0.8057474984112448
1,0,1,0,1.5729808767233588,1,0,0,2,2,2,2,2,2,2,1,0,0.7091987091519689,1.6615679739378277
1,0,0,0,-1.1960038562387048,1,2,1,0,0,0,0,0,0,0,1,2,0.40508985812156867,-0.905013655099406
0,0,1,0,-0.0965540357978854,1,0,2,1,1,1,1,1,1,0,0,0,-1.4993295040688086,-0.7164300165378306
0,0,1,0,-0.30015585439803716,1,0,2,1,1,1,1,1,1,1,1,0,-1.481049737066981,-0.7817030293467792
1,0,1,1,0.7992939660427822,1,2,2,1,1,1,1,1,1,2,0,3,-1.3364733980525287,-0.41854330988962424
0,1,0,0,0.5549717837226001,1,2,1,2,2,2,0,2,2,1,1,2,1.503537675231376,1.1448986579489144
1,0,0,0,-0.9516816739185228,1,0,1,0,0,0,0,0,0,0,1,2,0.19071804510013865,-0.7419965666715147
0,0,1,0,-0.5444780367182193,1,2,1,0,0,0,0,2,0,0,1,2,0.7341256641544608,-0.3155932758310357
0,0,0,0,-0.8295205827584317,1,0,0,0,2,0,0,0,0,0,1,2,-0.5105602889699654,-0.7359303015405715
1,1,1,0,0.5142514200025698,1,2,1,0,2,2,2,2,0,1,1,0,1.1279715531938321,0.990925819352611
0,0,1,1,0.14776814652229667,1,2,1,2,0,2,0,2,2,0,1,1,1.3207400052131024,0.6199571622359872
1,0,0,0,0.22920887396235737,1,2,1,0,2,2,0,0,2,0,1,1,1.0083221691818711,0.622714555477325
1,0,1,1,-1.2774445836787656,1,0,2,1,1,1,1,1,1,0,0,3,-1.5142856770703037,-0.9973091216734653
1,0,1,0,-0.9109613101984924,1,2,1,0,0,2,0,2,2,0,1,2,1.1213243651931677,-0.5479422599191249
1,0,1,1,-0.7888002190384014,1,0,0,0,0,0,0,0,0,0,0,0,-0.6634456129852487,-0.7590703456218785
1,0,0,0,-0.5851984004382496,1,2,0,0,0,2,2,2,2,1,1,1,0.572931355138347,-0.37689564237245793
0,0,1,0,0.18848851024232702,0,1,0,2,0,0,2,2,0,2,0,2,-0.6435040489832552,-0.30293132606681256
1,0,0,1,-1.1145631287986442,1,0,2,1,1,1,1,1,1,0,0,1,-1.4760643460664828,-0.951955517639941
1,0,0,0,-0.8702409464784621,1,0,1,0,2,0,0,0,0,0,0,2,0.3386179781149237,-0.6459951635810975
1,0,0,1,1.2879383306831464,1,0,1,0,2,0,2,2,2,0,1,1,1.1429277261953275,1.7168481936401683
1,0,0,0,-1.2774445836787656,1,0,0,0,0,0,0,0,2,0,0,3,-0.30615925794953225,-0.9812721225818445
1,1,1,0,0.18848851024232702,1,2,1,0,0,0,0,2,2,0,1,2,0.9219087251732329,0.5266249158031852
0,0,1,1,0.6364125111626608,1,2,1,2,2,0,0,2,2,0,1,1,1.3456669602155942,1.199031802062858
1,1,1,0,-0.5037576729981889,1,2,1,0,0,0,0,2,2,0,1,2,0.9900424021800438,-0.16768670236567554
0,0,0,0,-0.2594354906780068,1,2,0,2,2,0,0,2,0,0,1,0,0.1574821050968162,-0.21162852105963495
0,0,0,0,-0.0965540357978854,1,0,2,1,1,1,1,1,1,2,0,1,-1.5076384890696393,-0.7505555152926273
0,0,0,0,1.4915401492832983,1,2,0,2,2,0,2,0,0,2,1,3,0.07106866108817798,1.0139114494124029
1,0,1,0,1.247217966963116,1,2,0,2,2,2,2,2,2,2,1,1,0.8188773111629334,1.46380773066908
1,0,1,0,-1.1145631287986442,1,0,2,1,1,1,1,1,1,0,0,3,-1.5093002860698053,-0.950168726819554
1,0,1,0,0.26992923768238775,1,0,2,1,1,1,1,1,1,2,1,0,-1.4727407520661506,-0.6572453280057557
1,0,0,0,-1.1552834925186746,1,2,1,0,2,0,0,2,2,0,1,2,1.2276793732037996,-0.8449466007301032
1,0,1,0,1.125056875803025,1,2,1,0,0,2,0,2,2,2,0,1,1.2093996062019723,1.6710534066880298
1,0,1,0,-0.5444780367182193,1,2,1,0,0,2,2,2,2,0,0,2,1.2808568772091153,-0.11781097341635724
0,0,1,0,-0.8702409464784621,1,2,1,0,2,0,0,2,2,0,1,2,1.2376501552047963,-0.5004709778762533
0,1,0,0,-0.055833672077855064,1,2,1,0,2,0,0,2,2,0,1,2,1.1695164781979852,0.4001157138906064
1,0,0,0,-0.0965540357978854,1,0,1,2,2,2,0,0,0,0,1,1,0.6493740171459885,0.07008883162136646
1,0,0,0,0.8400143297628127,1,2,2,1,1,1,1,1,1,2,0,3,-1.3348116010523623,-0.4415068808034855
0,0,0,0,-1.1145631287986442,1,0,1,0,2,0,2,0,2,0,1,2,0.8172155141627669,-0.8020856801867483
1,1,0,0,0.758573602322752,1,2,1,0,2,0,0,0,0,1,1,0,0.4931650991303729,0.7477899129044081
0,0,1,0,1.5729808767233588,1,2,0,2,2,2,2,2,2,2,0,1,0.8155537171626008,1.8127834192927932
0,0,0,1,1.1657772395230555,1,2,2,1,1,1,1,1,1,2,1,1,-1.3215172250510334,-0.34473340760549376
1,1,0,0,-0.9924020376385531,1,0,1,0,2,0,0,0,0,0,1,2,0.3236618051134285,-0.7381803344255032
1,0,1,0,-0.9109613101984924,1,0,0,2,0,0,2,0,0,0,1,1,-0.32610082195152557,-0.754812930457253
0,0,1,0,-0.8295205827584317,0,1,0,0,0,2,0,2,2,0,1,0,-0.49560411596847015,-0.7335037954881942
1,0,1,0,1.369379058123207,1,2,0,0,0,0,2,0,2,0,0,2,-0.030300955921955676,0.8756888410106214
1,0,0,0,-0.3408762181180675,1,0,0,2,2,0,2,0,0,0,0,0,-0.143303151933252,-0.37014554371766295
0,0,1,1,-1.1552834925186746,1,0,0,0,2,0,2,0,0,0,0,3,-0.27458511494637583,-0.902057729544692
0,0,0,0,-1.1552834925186746,1,2,1,0,2,0,0,0,2,0,1,2,0.8039211381614382,-0.8490716610191446
0,0,0,1,0.10704778280226633,1,0,0,2,2,0,0,0,0,1,0,1,-0.304497460949366,-0.11615653747155455
0,1,0,0,0.5142514200025698,1,0,1,2,2,0,2,0,0,0,1,0,0.6959043331506402,0.661053351104886
1,0,0,0,1.3286586944031769,1,2,1,2,0,2,2,2,2,1,1,1,1.503537675231376,2.1436706082533306
0,0,1,1,-0.748079855318371,1,0,1,0,0,0,0,0,2,0,1,0,0.5363718211346925,-0.49718416513257857
0,0,1,1,1.1657772395230555,0,1,0,2,2,0,2,0,2,1,1,0,-0.467353566965646,0.3569239061582909
1,0,1,1,1.4508197855632678,1,0,1,2,0,2,0,0,0,2,0,1,0.5180920541328647,1.3656445312774539
0,0,1,0,-0.38159658183809786,1,0,0,2,2,0,2,0,0,1,1,3,-0.23304018994222275,-0.43980832656682145
0,0,0,0,0.9214550572028734,1,0,1,0,2,2,0,0,0,0,1,2,0.5579751821368518,0.983734537779202
1,0,1,1,1.4915401492832983,1,2,2,1,1,1,1,1,1,2,0,0,-1.3397969920528607,-0.24773934294819486
0,0,1,0,-1.0331224013585834,1,0,0,2,0,2,2,2,2,0,0,0,0.5480044001358552,-0.7498496226228448
0,0,1,0,1.6137012404433893,1,2,1,2,0,0,0,0,0,2,0,0,0.4748853321285456,1.5225071179906793
0,0,1,1,1.1657772395230555,1,0,0,2,0,0,0,0,0,1,1,0,-0.5005895069689685,0.30073926147279173
1,1,1,0,1.2879383306831464,1,0,1,2,0,2,0,0,0,1,0,1,0.5164302571326987,1.207943697018862
0,1,1,0,-0.015113308357824713,1,2,1,0,0,0,0,2,2,0,1,2,0.9451738831755587,0.28732730074692453
0,0,0,0,-1.2774445836787656,1,2,1,0,0,2,0,0,0,0,1,3,0.4915033021302069,-0.9706837325351073
1,0,0,0,-1.1960038562387048,1,0,1,2,0,0,2,0,0,0,1,3,0.5829021371393436,-0.9111902159600027
1,0,0,1,-1.1960038562387048,1,0,2,1,1,1,1,1,1,0,0,0,-1.481049737066981,-0.9834559780289841
0,0,1,0,1.6137012404433893,1,2,0,2,0,2,2,2,2,2,1,1,0.6526976111463211,1.683869770473768
0,0,0,1,-0.2594354906780068,0,1,0,0,0,2,0,0,0,0,1,3,-1.1619847130350858,-0.658789468220905
1,0,0,0,0.26992923768238775,1,0,1,2,0,2,0,2,2,2,1,2,1.1861344481996465,0.6714652679841775
0,0,0,0,-1.2774445836787656,1,0,2,1,1,1,1,1,1,0,0,3,-1.502653098069141,-0.9971547076519502
0,0,0,0,-1.2774445836787656,1,0,2,1,1,1,1,1,1,0,1,3,-1.504314895069307,-0.997176766797881
0,0,1,1,0.9621754209229036,1,0,1,0,0,0,0,2,2,1,0,0,0.8022593411612722,1.1860169059637438
0,1,1,0,0.43281069256250915,1,2,1,0,0,2,2,2,2,1,1,2,1.422109622223236,0.9944994009933846
0,0,0,1,-1.2774445836787656,1,2,2,1,1,1,1,1,1,0,0,3,-1.3082228490497045,-0.9945737875780581
1,0,0,0,-0.13727439951791576,1,2,0,0,2,2,0,0,2,1,0,1,0.20401242110146783,-0.13903187180169307
1,0,0,0,-1.2367242199587352,1,2,1,0,2,0,0,0,0,0,1,2,0.572931355138347,-0.9243154077887707
1,0,0,0,1.4508197855632678,1,0,1,0,2,2,0,0,0,1,0,1,0.4931650991303729,1.4037186171538465
1,0,1,1,1.4100994218432374,1,2,1,0,2,0,0,0,2,0,1,0,0.8238627021634315,1.805923024908345
0,0,1,1,-0.5444780367182193,1,2,2,1,1,1,1,1,1,2,1,0,-1.3248408190513656,-0.799438582675064
1,0,1,1,1.369379058123207,0,1,0,0,2,2,0,2,2,2,1,1,-0.2662761299455452,0.6303029016774868
0,0,1,0,-1.1552834925186746,0,1,0,2,0,0,0,0,0,0,1,2,-1.1869116680375775,-0.9486025274584742
0,0,1,1,-0.9516816739185228,1,0,2,1,1,1,1,1,1,2,0,3,-1.4960059100684764,-0.9128446519048055
1,1,1,0,0.8400143297628127,1,2,1,0,2,2,0,2,2,0,1,2,1.2991366442109427,1.4143290663465145
0,0,0,0,-0.38159658183809786,1,0,2,1,1,1,1,1,1,0,1,3,-1.504314895069307,-0.7983356253785289
0,0,1,0,0.7178532386027215,1,2,1,2,2,0,2,2,2,1,0,2,1.4553455622265583,1.4695651677569934
1,0,0,0,-1.2367242199587352,1,0,1,0,2,0,0,0,0,0,0,2,0.3386179781149237,-0.938830325811173
0,0,1,0,1.0843365120829946,1,0,2,1,1,1,1,1,1,1,0,3,-1.4760643460664828,-0.4468010758268541
1,0,1,0,1.247217966963116,1,2,0,2,2,2,0,2,2,2,0,1,0.6227852651433307,1.392049328956505
0,0,1,0,-0.30015585439803716,1,0,0,2,2,0,2,0,2,0,1,3,0.2089978121019659,-0.19501798417381594
0,0,0,0,-0.748079855318371,1,2,1,0,0,2,0,0,0,0,1,2,0.5214156481331973,-0.5328317449565938
1,0,1,0,1.3286586944031769,1,2,0,2,2,2,0,0,0,1,0,1,0.07605405208867606,0.8955200132023228
1,1,1,0,1.4915401492832983,0,1,0,2,2,0,0,2,2,2,0,1,-0.2729233179462098,0.7380618295489685
0,0,1,0,-0.46303730927815856,1,0,1,0,2,0,0,0,0,0,1,0,0.3087056321119333,-0.3150197380368374
1,0,1,1,0.43281069256250915,1,2,1,2,0,2,2,0,0,1,1,1,0.8803638001690798,0.7650401650222176
1,1,1,0,1.5729808767233588,1,2,1,2,2,2,2,0,0,1,1,2,0.9052907551715716,1.8994979219463848
1,0,0,1,-0.5444780367182193,0,1,0,0,0,0,0,0,0,0,1,1,-1.3098846460498705,-0.7560261834834415
0,0,0,0,0.3106496014024181,1,0,2,1,1,1,1,1,1,2,0,1,-1.4993295040688086,-0.6394877155315403
0,0,0,0,-0.9516816739185228,1,2,1,0,0,0,0,0,2,0,1,2,0.6161380771426661,-0.6513775951881889
1,0,0,0,1.0436161483629645,1,2,1,0,2,2,0,2,2,1,1,0,1.2791950802089493,1.6491045564869808
0,0,0,0,-1.2774445836787656,1,0,2,1,1,1,1,1,1,0,0,0,-1.491020519067978,-0.9970002936304354
1,0,1,1,0.5956921474426305,1,2,1,2,2,2,2,2,2,1,1,0,1.6182016682428386,1.3403426908949383
0,0,1,0,1.0436161483629645,1,2,0,2,0,2,2,2,2,2,1,2,0.6493740171459885,1.1632518673632586
1,0,0,0,0.3106496014024181,1,2,1,0,2,2,0,2,2,0,1,3,1.259253516206956,0.8066657733934529
0,0,0,0,0.35136996512244845,1,2,0,0,0,2,2,0,2,1,1,2,0.12756975909382579,0.2635254822876967
1,0,1,0,1.4100994218432374,1,0,1,2,2,0,0,2,2,1,1,1,1.2010906212011416,1.9647709347553333
1,1,0,0,0.06632741908223598,1,0,1,0,2,2,0,2,2,1,1,2,1.1661928841976528,0.46916084065370517
1,0,0,0,-1.1960038562387048,1,0,2,1,1,1,1,1,1,0,1,3,-1.517609271070636,-0.9823750798783796
0,1,1,0,1.125056875803025,1,2,1,2,2,2,2,2,2,2,1,0,1.7046151122514768,2.0498089423181916
0,1,0,0,-0.9924020376385531,1,0,1,0,0,2,0,2,2,0,1,2,0.9086143491719036,-0.6837383622685295
1,0,1,0,-0.7073594915983407,1,2,1,0,0,0,0,0,0,0,1,0,0.33695618111475767,-0.5172800470754485
1,0,0,0,1.4508197855632678,1,2,1,2,2,2,0,0,2,2,1,0,1.2409737492051283,2.148391265482501
1,1,1,0,1.5729808767233588,1,2,2,1,1,1,1,1,1,2,0,1,-1.3065610520495383,-0.216216823413221
0,0,0,0,1.0436161483629645,1,2,1,2,0,0,0,0,0,0,1,0,0.4998122871310375,0.9913890614171559
1,1,0,0,-1.2367242199587352,1,0,2,1,1,1,1,1,1,0,0,2,-1.5142856770703037,-0.9893678291384125
0,0,1,0,-0.748079855318371,1,0,1,0,2,0,2,0,2,0,1,1,0.827186296163764,-0.47267645400356817
0,0,1,0,1.5729808767233588,1,0,2,1,1,1,1,1,1,2,1,0,-1.4577845790646555,-0.347005499636356
1,0,0,0,-0.748079855318371,1,2,1,0,2,0,0,2,2,0,1,2,1.1894580421999785,-0.38126335326673705
0,0,0,0,-1.0738427650786138,0,1,0,2,2,0,2,0,2,0,0,1,-0.4590445819648154,-0.8700719679451734
1,0,1,1,-0.7073594915983407,1,0,0,0,2,2,2,0,2,0,1,3,0.1574821050968162,-0.5330964547077621
1,0,1,1,1.002895784642934,1,0,1,0,2,2,0,2,2,1,1,1,1.0897502221900113,1.463962144690595
0,0,0,0,1.369379058123207,1,0,0,2,2,2,0,0,0,2,1,0,-0.12003799393092641,0.7666504826751588
1,1,1,0,1.4915401492832983,1,2,1,0,2,0,0,2,0,0,1,2,0.8371570781647607,1.704473012773044
0,0,1,0,1.4508197855632678,1,0,0,2,0,0,2,0,0,1,0,0,-0.29452667894836937,0.6922449834508995
1,1,0,1,0.9621754209229036,1,0,1,2,0,0,0,2,2,1,0,1,0.9983513871808745,1.3167394047490868
1,1,0,0,0.10704778280226633,1,2,1,0,0,2,0,2,2,0,1,2,1.1396041321949948,0.4923891213187349
0,0,1,0,0.43281069256250915,1,0,0,0,0,0,0,2,0,0,0,2,-0.28621769394753876,0.09686863478123939
1,0,1,0,-0.055833672077855064,1,0,0,0,0,2,2,0,2,0,1,1,0.05445069108651675,-0.11467857469419752
0,0,1,0,0.025607055362205634,1,0,0,2,2,2,0,0,0,1,1,3,-0.20977503193989694,-0.14309075465294227
1,0,0,0,-1.2774445836787656,1,0,1,0,0,0,0,0,0,0,1,2,0.15249671409631763,-0.9751837983049707
1,0,0,0,0.47353105628253944,1,0,1,0,0,2,2,2,2,2,0,0,1.1745018691984834,0.9258733980029695
0,0,1,1,1.002895784642934,1,0,0,2,2,0,0,0,0,1,0,2,-0.37595473195650925,0.3411516168178386
1,0,0,1,1.5322605130033284,1,2,0,2,2,0,2,0,0,1,0,0,0.006258578081699082,1.002264220360992
1,0,0,0,-1.2774445836787656,1,0,2,1,1,1,1,1,1,0,0,1,-1.4694171580658184,-0.9967135247333362
1,0,1,1,0.9214550572028734,1,0,0,0,0,2,2,0,0,2,1,1,-0.3161300399505289,0.37066675407311855
1,1,1,0,-0.13727439951791576,1,2,1,0,0,0,0,2,2,0,1,2,0.9867188081797118,0.16496521826931793
0,0,0,0,0.025607055362205634,1,2,0,2,2,0,0,0,0,0,1,3,-0.12834697893175703,-0.10847995468767015
1,1,1,0,-1.1552834925186746,1,2,1,0,0,0,0,0,0,0,0,2,0.3386179781149237,-0.8695866667346979
1,0,0,0,1.5322605130033284,0,1,0,0,0,0,2,0,2,2,1,3,-0.8213163280010305,0.22942204267883054
1,0,0,0,0.10704778280226633,1,2,2,1,1,1,1,1,1,0,1,2,-1.3015756610490399,-0.6081637283099428
0,0,0,0,-1.2367242199587352,1,0,0,0,0,0,0,0,0,0,1,3,-0.62854787598176,-0.9591909175052115
1,1,1,0,-0.9109613101984924,1,2,1,0,0,2,0,0,2,0,1,2,0.8321716871642622,-0.6024062912220294
1,0,1,1,-1.2774445836787656,1,0,1,0,2,0,0,0,0,0,0,1,0.32698539911376057,-0.9728675879822469
1,0,0,0,-0.055833672077855064,1,0,2,1,1,1,1,1,1,2,0,0,-1.4744025490663168,-0.7370553179830374
1,1,0,0,-0.0965540357978854,1,2,1,2,0,0,0,0,2,0,1,1,0.8554368451665879,0.13946484557342576
1,1,1,1,1.125056875803025,1,2,1,2,2,0,0,0,2,0,1,2,0.9468356801757247,1.5418529889719055
0,0,1,0,1.6137012404433893,1,2,0,2,0,2,2,0,0,2,0,0,0.06940686408801149,1.0937214393896846
1,0,0,0,-1.1552834925186746,1,0,2,1,1,1,1,1,1,0,1,1,-1.46443176706532,-0.9688307642769284
1,0,1,1,-1.1552834925186746,1,0,1,0,0,0,0,0,0,0,1,3,0.15914390209698223,-0.8800868201977122
0,0,0,0,-0.30015585439803716,1,0,1,0,2,2,0,2,2,0,1,2,1.15456030519649,0.03940455963175942
1,0,1,0,1.5322605130033284,1,2,0,2,0,0,2,2,2,2,1,1,0.40508985812156867,1.3279895691737449
1,0,0,0,-1.2774445836787656,1,0,2,1,1,1,1,1,1,0,1,3,-1.4727407520661506,-0.9967576430251978
0,0,0,0,-0.5444780367182193,1,0,2,1,1,1,1,1,1,0,0,3,-1.491020519067978,-0.8436230519742611
0,0,0,0,-1.2774445836787656,1,0,2,1,1,1,1,1,1,0,0,3,-1.504314895069307,-0.997176766797881
0,0,1,1,-0.8295205827584317,1,0,2,1,1,1,1,1,1,2,0,0,-1.477726143066649,-0.9067342684820009
1,0,0,0,1.6137012404433893,1,0,2,1,1,1,1,1,1,2,0,0,-1.5109620830699715,-0.38159424045569756
0,0,0,0,-1.2367242199587352,1,0,2,1,1,1,1,1,1,0,0,3,-1.477726143066649,-0.9876030974639562
1,0,1,1,0.06632741908223598,1,0,1,0,2,2,0,2,0,0,1,2,0.8338334841644282,0.358247454914133
1,0,0,0,0.18848851024232702,0,1,0,2,2,0,2,0,0,2,1,3,-0.8046983579993692,-0.39216057135650406
1,1,1,1,1.0436161483629645,1,2,1,2,2,0,2,0,0,1,1,0,0.8338334841644282,1.2556135113751101
1,0,0,0,-1.2774445836787656,1,0,0,0,0,0,0,0,0,0,1,3,-0.6385186579827569,-0.985683951767985
0,1,0,0,-1.2774445836787656,1,0,1,0,0,0,0,0,0,0,1,2,0.21564500010263052,-0.9743455507596039
1,0,0,0,-1.2774445836787656,1,2,0,0,0,0,0,0,0,0,1,2,-0.4756625519664766,-0.9835221554667763
1,0,1,0,1.6137012404433893,1,2,0,2,2,2,2,0,0,2,0,3,0.11261358609233106,1.1157364670285255
0,1,1,1,-0.8295205827584317,0,1,0,0,0,0,2,0,0,0,1,3,-1.1786026830367469,-0.8487628329761147
0,0,0,0,-1.2367242199587352,1,0,2,1,1,1,1,1,1,0,0,3,-1.504314895069307,-0.9918605126285817
0,0,1,0,0.5956921474426305,1,0,2,1,1,1,1,1,1,2,0,0,-1.4993295040688086,-0.5992077150620776
1,0,1,1,-1.0738427650786138,1,0,0,0,0,0,0,0,0,0,1,0,-0.6700928009859131,-0.8907193285363109
0,0,0,0,1.125056875803025,0,1,0,2,0,2,0,2,2,2,0,2,-0.3709693409560109,0.42235133298875455
0,1,0,0,-1.2367242199587352,1,0,1,0,2,0,0,2,0,0,1,0,0.6327560471443273,-0.9335581899337352
1,0,1,0,0.758573602322752,1,0,0,2,2,2,2,2,2,2,1,1,0.6344178441444933,0.8944391150517185
0,0,1,1,1.6137012404433893,1,2,1,2,2,2,0,2,2,2,0,1,1.4885815022298807,2.4739401411278084
1,0,1,0,1.6137012404433893,1,2,0,2,2,2,0,2,2,2,1,2,0.6809481601491449,1.6779799785102707
0,0,1,1,0.7992939660427822,1,2,2,1,1,1,1,1,1,2,0,3,-1.3863273080575123,-0.4520511525583613
0,0,1,0,1.5729808767233588,1,2,0,2,2,2,2,2,2,2,0,1,0.9451738831755587,1.864622412229944
0,0,1,0,-0.1779947632379461,1,2,2,1,1,1,1,1,1,1,0,3,-1.303237458049206,-0.7092166758184908
1,1,1,0,1.5729808767233588,0,1,0,2,2,2,2,0,0,2,0,1,-0.6119299059800988,0.4736829655694992
1,0,1,1,1.4508197855632678,1,0,1,2,0,0,2,2,2,2,1,2,1.156222102196656,1.9360278676076281
1,0,0,0,-1.2774445836787656,1,0,1,0,0,0,0,0,0,0,1,2,0.1857326540996401,-0.9747426153863566
0,0,0,0,-0.8702409464784621,1,2,1,0,0,2,0,2,0,0,1,2,0.8122301231622688,-0.5688763894073616
1,0,1,0,-1.1960038562387048,1,0,0,0,2,2,0,0,0,0,1,3,-0.28621769394753876,-0.9315949259459025
0,0,1,0,1.1657772395230555,1,2,1,0,0,2,2,2,2,1,1,0,1.2808568772091153,1.8700048438370358
1,0,1,0,-1.0738427650786138,1,2,1,0,0,0,0,0,0,0,1,2,0.356897745116751,-0.8125417153579013
0,0,1,0,0.5549717837226001,1,2,0,2,0,0,0,0,0,0,0,2,-0.3875873109576722,0.07944190949598443
0,0,0,1,0.7178532386027215,1,0,1,0,0,0,0,0,0,2,0,1,0.1857326540996401,0.5531841275037508
1,0,0,0,1.4915401492832983,1,0,1,0,2,2,2,2,2,1,1,0,1.3057838322116073,2.1980905212643735
1,0,1,1,0.22920887396235737,1,2,0,2,0,2,2,2,2,2,1,0,0.6859335511496436,0.44880024895966675
0,0,0,0,-1.1960038562387048,1,2,1,0,0,0,0,0,0,0,1,2,0.3153528201125979,-0.9129990659263203
0,1,1,0,1.4508197855632678,1,2,1,0,2,0,0,0,2,0,1,0,0.8255244991635975,1.6976126183885958
1,0,0,1,-0.30015585439803716,1,0,2,1,1,1,1,1,1,0,0,3,-1.461108173064988,-0.8027474545646693
0,1,1,0,-0.5851984004382496,1,2,1,0,0,0,2,2,2,0,0,0,1.1628692901973208,-0.19565769940580632
1,0,0,0,-1.0331224013585834,1,2,1,0,0,0,0,0,2,0,1,3,0.6792863631489789,-0.7399450660999595
0,0,0,0,1.3286586944031769,0,1,0,2,0,2,2,2,2,2,0,1,-0.15992112193491323,0.724142508466695
0,0,0,0,-0.8295205827584317,1,0,2,1,1,1,1,1,1,1,0,3,-1.5109620830699715,-0.9048592410778912
1,0,0,0,-1.2774445836787656,0,1,0,0,0,0,0,0,0,0,0,0,-1.328164413051698,-0.9948384973292265
1,0,0,0,-0.5851984004382496,1,0,2,1,1,1,1,1,1,0,0,2,-1.5209328650709681,-0.8518952316982745
0,0,1,0,1.2879383306831464,1,2,0,2,0,2,2,2,2,2,1,1,0.6726391751483144,1.4138437651360387
1,0,0,0,-0.2594354906780068,1,2,1,2,2,0,0,0,0,0,1,1,0.7274784761537967,-0.03131706222207282
0,0,0,0,-1.1552834925186746,1,2,1,0,2,0,0,2,0,0,0,3,0.8255244991635975,-0.8444612995196277
1,0,1,0,1.5729808767233588,1,0,0,2,0,0,2,0,0,2,0,0,-0.3410569949530208,0.6610974693967474
0,0,0,0,0.6771328748826912,1,2,0,2,2,0,0,0,0,0,1,1,-0.16656830993557784,0.288783204378351
1,0,0,0,-1.0331224013585834,1,2,1,0,0,0,0,0,2,0,1,2,0.7324638671542947,-0.7320920101486293
0,1,0,0,0.10704778280226633,1,2,1,2,2,2,2,2,2,1,1,0,1.5301264272340338,0.6867301969682238
1,1,1,0,-1.2774445836787656,1,0,1,0,0,0,0,0,0,0,1,2,0.18407085709947407,-0.9747646745322872
0,0,0,0,-1.0738427650786138,1,0,1,0,0,0,0,2,2,0,0,2,0.8155537171626008,-0.75095257991938
1,0,1,0,-0.30015585439803716,1,0,1,0,0,0,0,2,2,1,1,2,0.8521132511662559,-0.044618727218286455
0,0,0,1,-0.7888002190384014,1,0,0,0,0,2,2,0,0,0,0,3,-0.37595473195650925,-0.688966379854106
1,1,0,0,-0.9516816739185228,1,2,0,2,0,0,0,0,0,0,0,2,-0.3393951979528547,-0.7878134127695838
0,0,1,0,1.6137012404433893,1,2,0,2,0,2,2,2,2,2,1,0,0.6693155811479823,1.6701269225589406
1,0,1,1,-0.4223169455581282,1,2,0,0,0,2,2,2,2,1,1,3,0.4615909561272169,-0.2717617528667299
1,0,0,0,0.025607055362205634,1,0,1,0,2,0,2,0,0,2,0,0,0.5264010391336954,0.16384020182685202
1,1,0,0,-0.5851984004382496,1,2,0,2,2,0,0,0,0,0,1,1,-0.2114368289400632,-0.5800824355401585
1,0,1,1,0.06632741908223598,1,2,0,0,0,2,0,2,2,1,0,0,0.4133988431223993,0.20914968756851504
0,0,0,0,-1.0738427650786138,1,2,1,0,2,0,0,2,0,0,1,2,0.8421424691652587,-0.775791178237351
0,0,0,0,-0.3408762181180675,1,0,2,1,1,1,1,1,1,1,0,0,-1.4527991880641573,-0.7712690533215569
1,0,0,0,-0.7073594915983407,1,2,1,0,0,0,0,2,2,0,1,2,0.9501592741760567,-0.3684249303350681
1,0,0,0,1.247217966963116,1,2,1,0,2,0,2,2,2,0,0,2,1.3506523512160928,1.955969335528983
1,1,0,0,-1.1552834925186746,1,0,1,0,0,0,0,0,0,0,0,2,0.15249671409631763,-0.8903443230554889
0,1,1,0,1.369379058123207,1,2,0,0,2,2,0,2,0,1,1,0,0.20235062410130134,1.0849198401633344
0,0,1,0,0.3920903288424788,1,0,2,1,1,1,1,1,1,0,0,1,-1.4760643460664828,-0.6219948128084932
0,1,0,0,-1.1552834925186746,1,2,1,2,0,0,0,0,0,0,1,2,0.5147684601325326,-0.8717925813277682
0,0,0,0,-0.2594354906780068,1,2,1,0,0,2,0,2,2,0,1,0,1.1877962451998125,0.14127369553974334
1,0,0,0,0.26992923768238775,1,0,1,0,0,2,2,0,0,1,0,2,0.5696077611380149,0.4147188684967314
0,0,1,0,1.5322605130033284,1,0,2,1,1,1,1,1,1,2,0,1,-1.4926823160681442,-0.4197345037698822
1,0,0,0,-1.1960038562387048,1,0,0,0,0,0,0,2,0,0,0,3,-0.3194536339508612,-0.935565572213429
1,0,0,0,0.8400143297628127,1,2,1,0,0,0,0,2,0,0,0,0,0.6875953481498096,0.9871537053984608
0,0,1,0,-1.2367242199587352,1,0,0,0,0,0,0,0,0,0,1,2,-0.6567984249845842,-0.966183666765244
0,0,1,1,1.6137012404433893,1,0,0,2,2,2,2,0,2,2,1,2,0.31867641411292996,1.3048715842383685
1,0,1,0,1.6137012404433893,0,1,0,2,2,2,2,2,2,2,1,1,0.001273187081200524,1.0764932464178059
0,0,0,0,-1.2774445836787656,1,0,0,0,0,0,0,0,2,0,1,2,-0.3094828519498643,-0.9813162408737061
1,0,0,0,0.6364125111626608,1,0,0,0,2,2,2,2,2,2,0,1,0.46989994112804756,0.6581415438420333
1,0,1,1,1.247217966963116,1,0,0,2,2,2,2,2,0,2,0,1,0.3236618051134285,1.0565517784964509
1,0,1,1,1.6137012404433893,1,2,2,1,1,1,1,1,1,2,0,1,-1.3514295710540236,-0.24048188393699374
1,0,0,0,1.0843365120829946,1,2,0,0,0,2,0,0,0,2,0,1,-0.35268957395418365,0.36901231812831586
1,0,0,0,-0.13727439951791576,0,1,0,2,0,0,2,0,0,1,0,3,-0.9692162610158153,-0.5325670352054254
0,0,1,1,1.002895784642934,1,0,0,2,0,2,2,0,0,1,1,3,-0.18152448293707302,0.43880745585305847
0,0,0,0,-0.0965540357978854,1,2,1,0,2,2,2,2,2,1,0,1,1.5184938482328711,0.462057795664019
1,0,0,0,0.22920887396235737,1,2,0,2,2,2,2,0,0,0,0,2,0.1724382780983114,0.16668583165191275
0,0,1,0,-0.7073594915983407,1,0,2,1,1,1,1,1,1,0,0,1,-1.4727407520661506,-0.8598365242333275
0,1,0,0,1.5729808767233588,1,2,1,0,2,0,0,2,2,0,1,1,1.1595456961969886,2.0609488110131964
1,0,0,0,-1.0331224013585834,1,0,1,0,2,0,0,2,2,0,1,2,0.9800716201790471,-0.7106284611580558
0,0,0,0,-0.21871512695797646,1,0,2,1,1,1,1,1,1,2,1,3,-1.5009913010689746,-0.758210038930581
0,0,1,0,0.3106496014024181,1,0,2,1,1,1,1,1,1,2,0,3,-1.517609271070636,-0.6616130389000349
0,1,0,0,-1.2774445836787656,1,0,1,0,2,0,0,0,2,0,1,2,0.7058751151516368,-0.9678381027100468
1,0,1,0,1.3286586944031769,1,2,1,0,2,0,0,2,0,0,1,0,0.9003053641710731,1.615221708337422
0,0,0,0,-1.2774445836787656,1,0,1,0,0,0,0,0,2,0,1,2,0.5430190091353566,-0.9699998990112556
0,0,0,0,-1.2774445836787656,1,0,0,0,0,0,0,0,0,0,1,2,-0.6867107709875744,-0.9863236669999754
0,0,1,0,-1.1960038562387048,1,0,2,1,1,1,1,1,1,0,1,3,-1.491020519067978,-0.9855957151842623
0,1,1,0,-0.13727439951791576,1,2,1,0,0,2,0,2,2,0,1,0,1.1396041321949948,0.2969671475186415
1,0,0,0,-0.7073594915983407,1,0,2,1,1,1,1,1,1,1,0,3,-1.4943441130683104,-0.8713955167010156
0,0,1,1,1.5322605130033284,1,2,0,2,2,2,2,2,0,2,0,0,0.4964886931307054,1.5280660227652165
0,1,1,0,-0.2594354906780068,1,2,1,0,2,2,0,0,2,0,1,2,0.966777244177718,0.044919346114435044
1,0,0,0,0.10704778280226633,1,2,1,2,2,2,2,0,0,0,1,3,1.0631614701873533,0.49574211150020164
1,0,1,1,1.4508197855632678,1,0,0,0,0,2,2,2,2,2,1,0,0.2721460981082788,1.1795094579141865
1,0,0,0,-1.2774445836787656,1,2,1,0,0,0,0,0,0,0,1,2,0.33695618111475767,-0.9727352331066627
1,0,0,0,-1.2774445836787656,1,0,2,1,1,1,1,1,1,0,0,3,-1.479387940066815,-0.9968458796089206
1,0,1,1,1.4915401492832983,1,2,1,0,0,2,0,0,0,2,1,1,0.47987072312904416,1.3857183540743931
0,0,0,0,-1.1552834925186746,1,0,2,1,1,1,1,1,1,0,0,3,-1.4860351280674797,-0.9690292965903046
1,0,0,0,-0.055833672077855064,1,0,0,2,2,2,2,2,0,0,1,0,0.25552812810661757,-0.054479165449310425
1,1,1,0,1.0436161483629645,1,2,1,2,2,2,0,2,2,1,1,2,1.465316344227555,1.7680474713453287
0,0,1,1,1.3286586944031769,1,2,0,2,2,2,2,2,2,2,0,0,0.8903345821700764,1.6254130337574064
0,0,1,0,0.758573602322752,1,0,0,2,2,0,2,0,2,1,1,1,0.1657910900976468,0.5659343138516969
0,0,0,0,-1.2774445836787656,1,0,2,1,1,1,1,1,1,0,0,3,-1.517609271070636,-0.9973532399653268
1,0,1,0,-0.7073594915983407,1,2,1,0,0,2,0,2,2,0,1,2,1.2077378092018058,-0.3422186649693936
0,0,1,1,0.7992939660427822,1,0,0,0,0,2,0,0,0,1,1,0,-0.4590445819648154,0.1459943527689138
1,0,0,0,-1.2774445836787656,0,1,0,0,0,0,0,0,0,0,1,2,-1.3165318340505352,-0.9946840833077116
1,0,0,1,-1.1960038562387048,1,0,2,1,1,1,1,1,1,0,0,3,-1.4893587220678117,-0.9800588695556558
0,1,0,0,-0.7888002190384014,1,0,0,0,2,2,0,0,0,0,1,2,-0.3310862129520241,-0.6831427653284006
1,0,0,0,-1.2774445836787656,1,0,1,0,0,0,0,0,0,0,1,2,0.17576187209864347,-0.9748749702619408
0,1,0,0,-1.1145631287986442,1,0,1,0,0,2,0,2,0,0,1,3,0.6676537841478158,-0.8224462718807867
0,0,0,0,-0.30015585439803716,1,0,0,2,0,0,2,2,2,0,1,1,0.37850110611891075,-0.12652433605898472
0,0,0,0,1.4915401492832983,1,2,1,0,2,2,2,2,2,2,1,0,1.5201556452330371,2.2834373568702615
1,0,0,0,-1.1552834925186746,1,2,0,0,0,0,2,0,2,0,0,3,0.02620014208369237,-0.9011312454156024
0,0,0,0,-1.1960038562387048,1,0,2,1,1,1,1,1,1,0,0,3,-1.4744025490663168,-0.9779191324003778
1,0,0,0,-1.1145631287986442,0,1,0,0,0,0,0,0,0,0,0,3,-1.3447823830533592,-0.9615733052657274
1,0,0,0,-1.1552834925186746,1,2,1,2,0,0,0,0,0,0,1,2,0.5097830691320341,-0.8574761956187422
1,1,0,0,-0.6666391278783103,1,0,1,0,0,0,0,0,2,0,1,2,0.464914550127549,-0.468308743109289
0,0,0,1,0.7178532386027215,1,0,0,2,0,2,2,2,0,1,1,1,0.2006888271011353,0.5287205346666018
1,0,1,0,-0.6666391278783103,1,0,0,2,2,0,0,0,0,1,1,3,-0.29618847594853537,-0.6273331261237233
0,0,1,1,0.6771328748826912,1,2,1,0,0,0,0,2,2,0,1,0,1.0182929511828682,1.0298160936284393
1,0,0,1,-0.38159658183809786,1,0,0,0,2,0,2,0,0,0,0,2,-0.35268957395418365,-0.4267493121758455
0,0,1,0,0.5956921474426305,1,2,1,0,0,2,0,2,2,0,1,2,1.1877962451998125,1.0709122824973383
0,0,0,0,-0.4223169455581282,1,0,0,2,0,0,0,0,0,0,1,1,-0.5305018529719588,-0.5405083277404783
0,0,1,1,1.2879383306831464,1,2,1,2,2,2,2,2,2,1,0,2,1.614878074242506,2.180774091708772
1,0,1,1,-0.5037576729981889,1,0,0,0,0,2,0,0,0,0,1,2,-0.5039131009693008,-0.5911561267973712
1,0,1,1,0.758573602322752,1,2,1,0,2,0,2,0,0,1,0,0,0.6460504231456565,0.891196420599905
0,0,0,0,-0.748079855318371,1,0,1,0,0,0,0,0,0,0,1,1,0.2073360151017999,-0.6025386460976137
0,0,0,0,0.758573602322752,0,1,0,0,2,2,0,2,2,1,1,1,-0.2779087089467081,0.28622434345038944
1,0,1,0,0.3106496014024181,1,0,0,0,2,0,0,0,0,0,1,3,-0.4856333339674735,-0.09760479574383378
0,0,1,0,-1.1552834925186746,1,2,1,0,2,0,0,2,2,0,1,2,1.1030445981913404,-0.8361450015037529
1,0,0,0,-1.2367242199587352,0,1,0,0,0,2,0,2,2,0,1,2,-0.5155456799704636,-0.9659189570140757
0,0,1,0,0.9214550572028734,1,2,1,0,2,0,0,0,0,0,1,1,0.43167861012422654,0.8764829702641264
1,0,1,0,1.2064976032430856,1,0,0,0,2,2,2,0,0,2,1,1,-0.15327393393424887,0.6500678964313961
1,0,0,0,-1.2367242199587352,1,0,0,2,0,0,2,0,0,0,1,3,-0.3427187919531868,-0.9672645649158484
1,0,0,0,-1.2774445836787656,1,0,0,0,0,2,2,0,0,0,0,3,-0.3227772279511935,-0.9814927140411515
0,1,0,0,-0.8702409464784621,1,0,1,0,0,0,0,2,2,0,0,0,0.82884809316393,-0.5435524898789151
0,0,0,0,-1.1145631287986442,1,2,1,0,0,2,2,0,0,0,1,2,0.5978583101408388,-0.8214756694598357
0,0,0,0,-0.748079855318371,1,0,0,0,0,0,2,2,2,0,1,2,0.16246749609731476,-0.5992738924998696
1,0,1,0,1.5322605130033284,1,2,1,0,2,2,2,0,2,2,1,0,1.1279715531938321,2.02024968677105
0,0,1,0,1.5729808767233588,1,2,2,1,1,1,1,1,1,2,0,0,-1.3215172250510334,-0.23238617738042597
0,1,0,0,0.6771328748826912,1,0,0,0,0,0,0,0,0,0,0,3,-0.6966815529885713,-0.07662654796373564
1,0,1,0,-0.3408762181180675,1,0,2,1,1,1,1,1,1,1,0,3,-1.4843733310673135,-0.7702322734628139
1,0,0,0,0.35136996512244845,1,2,0,0,0,2,0,0,2,1,0,3,0.00792037508186511,0.111207079636196
0,0,0,0,-0.7888002190384014,0,1,0,0,2,0,0,0,0,0,0,2,-1.1835880740372453,-0.8482113543278471
0,0,0,0,-1.2774445836787656,1,0,0,0,0,0,0,0,0,0,0,3,-0.6518130339840859,-0.9858604249354307
0,1,0,0,0.880734693482843,1,2,0,0,2,0,2,2,0,1,0,3,0.2438955491054544,0.7086790471692728
1,0,1,0,-1.0331224013585834,1,0,1,0,0,0,0,0,0,0,1,0,0.1724382780983114,-0.7721734783047157
1,0,1,0,1.6137012404433893,1,2,0,2,2,2,2,0,0,2,0,1,0.2438955491054544,1.207480454954317
0,1,0,0,-0.1779947632379461,1,2,1,0,2,2,0,2,2,0,1,2,1.3755793062185846,0.38504931721993657
0,0,0,0,-1.1145631287986442,0,1,0,0,2,0,0,2,2,0,1,1,-0.4590445819648154,-0.904572472180792
1,0,0,0,-0.9109613101984924,1,2,1,0,0,0,0,2,0,0,1,0,0.7075369121518029,-0.6377891612948763
1,1,1,1,1.5729808767233588,1,0,1,2,2,2,0,0,0,1,1,0,0.7291402731539627,1.7204438344268729
0,0,0,0,1.4508197855632678,0,1,0,2,0,2,2,0,0,2,0,3,-0.8595376590048512,0.19388475858446874
0,0,0,0,-1.2367242199587352,1,0,0,0,0,0,0,0,0,0,0,2,-0.6385186579827569,-0.9685439953798292
0,1,1,0,0.880734693482843,1,2,1,2,2,2,2,2,2,1,1,0,1.6896589392499817,1.8314895750420292
1,0,1,1,-0.7073594915983407,1,2,0,0,0,2,2,0,0,0,1,0,-0.1698919039359101,-0.6232301249806126
0,0,0,0,-1.1960038562387048,0,1,0,0,2,0,0,0,0,0,0,3,-1.181926277037079,-0.9623233162273711
1,1,1,0,1.3286586944031769,1,2,1,2,2,0,0,2,0,2,1,1,0.9285559131738974,1.6273762977452388
0,0,1,1,-0.7073594915983407,1,0,2,1,1,1,1,1,1,1,0,1,-1.4760643460664828,-0.857564432202465
0,0,0,0,-0.0965540357978854,1,0,1,0,0,0,2,2,2,1,1,0,0.9850570111795457,0.15810482388486938
0,0,0,0,1.5322605130033284,1,2,2,1,1,1,1,1,1,1,0,1,-1.286619488047545,-0.1867678635957332
0,0,0,0,-0.5037576729981889,1,0,2,1,1,1,1,1,1,2,0,3,-1.4976677070686424,-0.8262404449808675
0,0,0,0,-1.1552834925186746,0,1,0,0,0,0,0,0,0,0,1,2,-1.3397969920528607,-0.9675733929588783
0,0,0,0,1.247217966963116,1,2,0,2,2,2,2,0,2,2,1,1,0.5164302571326987,1.198083258787838
1,0,0,0,-1.0738427650786138,1,0,1,0,2,0,0,2,0,0,1,2,0.6676537841478158,-0.7748205758164001
0,1,1,1,-0.1779947632379461,0,1,0,0,2,0,0,0,2,1,1,2,-0.8528904710041867,-0.5219786451586882
0,0,1,0,-0.5037576729981889,1,0,2,1,1,1,1,1,1,1,1,3,-1.4876969250676457,-0.822049207254034
1,0,0,0,-1.1960038562387048,1,0,0,2,0,0,2,2,0,0,1,1,-0.012021188920128179,-0.9194623956840162
1,0,0,0,-0.8295205827584317,1,0,0,0,0,0,2,0,0,0,0,0,-0.4823097399671412,-0.7438274757837631
1,0,0,0,-1.1145631287986442,0,1,0,2,0,2,2,0,0,0,0,3,-0.8229781250011965,-0.9071975105465457
1,0,1,1,-0.38159658183809786,1,0,0,2,0,0,2,0,0,1,0,1,-0.25131995694405,-0.37782212650154745
0,0,1,0,1.5322605130033284,0,1,0,0,2,2,2,2,2,2,0,0,-0.23137839294205673,0.7762903294468759
1,0,1,0,1.3286586944031769,1,2,0,2,2,2,0,0,2,1,0,1,0.25552812810661757,1.0474192920811403
0,0,1,1,1.6137012404433893,1,2,0,2,0,2,2,2,2,2,1,0,0.6161380771426661,1.6601561885982627
1,0,1,0,-1.2774445836787656,0,1,0,0,2,0,0,0,0,0,0,2,-1.1486903370337564,-0.9924561095687108
1,0,1,1,0.06632741908223598,0,1,0,0,0,0,2,2,0,2,1,2,-0.8046983579993692,-0.4208374610664173
0,0,0,0,-0.46303730927815856,1,2,1,0,0,0,0,2,2,0,1,2,1.0831030341893466,-0.07069263770837675
0,0,1,1,-0.5444780367182193,1,2,1,0,0,0,2,0,2,1,1,0,0.8172155141627669,-0.26157042744674536
1,0,1,0,1.5322605130033284,0,1,0,0,2,2,2,0,2,1,1,0,-0.45572098796448335,0.5979862528890076
0,1,0,0,0.9621754209229036,1,2,1,2,2,0,0,0,2,0,1,2,1.0664850641876853,1.2970405874329691
1,0,0,0,-1.2774445836787656,1,0,0,0,0,0,0,0,2,0,1,3,-0.3011738669490337,-0.9812059451440526
0,0,1,1,0.22920887396235737,1,0,0,2,2,0,0,0,0,0,0,2,-0.3410569949530208,-0.08986203552215713
1,0,0,0,-0.7888002190384014,1,0,2,1,1,1,1,1,1,1,0,1,-1.5109620830699715,-0.891226688892717
1,1,1,0,0.5549717837226001,1,2,1,0,0,2,0,2,2,0,1,2,1.2044142152014738,1.0589782845488283
1,1,1,0,0.880734693482843,0,1,0,0,0,0,0,0,0,0,1,0,-1.3231790220511994,-0.40367544553233076
0,1,1,0,0.6364125111626608,1,0,1,0,0,0,0,0,0,0,1,0,0.19570343610063723,0.5582356719218818
0,0,1,1,1.4508197855632678,1,2,0,2,2,2,2,2,2,2,1,0,0.8072447321617703,1.7232894642519334
0,0,1,0,0.7992939660427822,1,2,1,0,2,2,0,2,0,0,0,0,0.9917041991802098,1.2115172786596358
0,0,1,0,1.5729808767233588,1,2,2,1,1,1,1,1,1,2,0,0,-1.329826210051864,-0.19537093050870716
0,0,0,0,-1.2774445836787656,1,0,1,0,0,0,0,0,0,0,0,2,0.12923155609399228,-0.9754926263480005
0,0,1,0,1.2879383306831464,1,0,0,2,2,2,2,0,2,2,1,3,0.31867641411292996,1.0940523265786453
0,0,0,0,0.5549717837226001,1,0,0,0,0,0,0,0,0,0,0,0,-0.6584602219847502,-0.04889820152884266
0,0,0,0,-0.8702409464784621,1,2,1,0,0,0,2,2,0,0,0,2,0.8438042661654253,-0.5699131692661046
1,0,0,0,0.8400143297628127,1,0,0,0,0,2,0,0,2,1,1,2,-0.12169979093109246,0.4756682887032624
0,0,0,0,-1.2367242199587352,1,0,2,1,1,1,1,1,1,0,1,3,-1.4860351280674797,-0.9884634041552536
1,1,1,0,1.002895784642934,1,2,1,0,0,2,0,2,2,0,0,2,1.1911198392001445,1.5293233940832662
0,0,0,0,0.43281069256250915,1,0,0,0,2,0,2,0,0,1,0,2,-0.3094828519498643,0.07258151511153588
1,0,0,0,0.47353105628253944,1,0,2,1,1,1,1,1,1,2,0,3,-1.4860351280674797,-0.6328699717523295
0,0,1,0,1.5729808767233588,0,1,0,2,2,2,2,2,2,1,0,0,0.06774506708784545,1.0629930491082158
1,0,0,1,-0.0965540357978854,0,1,0,0,0,0,0,2,2,0,1,2,-0.6734163949862454,-0.4288008127474009
1,0,1,0,-0.5037576729981889,1,0,2,1,1,1,1,1,1,1,0,3,-1.4660935640654862,-0.8215859651894892
1,0,1,1,-0.5851984004382496,1,0,2,1,1,1,1,1,1,1,0,0,-1.4860351280674797,-0.8531746621622552
1,1,1,0,0.06632741908223598,1,0,1,0,0,0,0,0,0,0,0,1,0.22561578210362715,0.06512552378695839
0,0,0,0,0.7992939660427822,0,1,0,2,2,2,0,2,2,2,1,0,-0.19980424993890028,0.3347765236438657
0,1,0,0,1.369379058123207,1,2,1,0,2,2,0,2,2,1,0,0,1.440389389225063,2.187766840968805
1,1,1,0,-0.13727439951791576,1,2,1,0,0,2,0,2,2,0,1,2,1.1213243651931677,0.3195998312435423
0,0,1,1,0.35136996512244845,1,2,0,2,2,2,2,0,2,0,0,1,0.50313588113137,0.4616827901831969
1,0,1,0,1.4915401492832983,1,0,0,2,2,2,2,2,0,2,1,0,0.3652067301175816,1.3713799092194365
1,1,1,0,-0.015113308357824713,1,2,1,0,0,0,0,0,2,0,0,2,0.682609957149311,0.16825203101299252
1,0,0,0,-0.9516816739185228,1,0,1,0,0,0,0,0,0,0,0,3,0.17576187209864347,-0.7157020647221174
1,0,0,0,-1.2367242199587352,0,1,0,0,0,0,2,0,0,0,0,0,-1.1603229160349193,-0.9724264050636329
1,0,0,0,0.18848851024232702,1,0,2,1,1,1,1,1,1,1,0,1,-1.4827115340671475,-0.6591203554098655
0,0,0,0,0.26992923768238775,1,0,0,2,0,0,0,0,0,1,1,2,-0.562075995975115,-0.1735323760373117
1,0,0,0,-0.9924020376385531,1,2,1,0,0,0,0,0,2,0,1,2,0.7241548821534641,-0.7191653506332376
1,0,1,1,-1.1145631287986442,1,0,2,1,1,1,1,1,1,1,0,2,-1.4694171580658184,-0.9619041924546878
0,0,0,0,-0.2594354906780068,0,1,0,0,0,2,0,2,2,0,1,1,-0.47898614596680894,-0.4421686551814066
1,0,1,1,1.247217966963116,1,0,1,0,2,2,0,0,0,0,1,1,0.5164302571326987,1.1544061498450473
0,1,1,0,1.0436161483629645,1,2,1,0,0,0,2,2,2,0,1,0,1.1844726511994805,1.5309337117362078
0,0,0,0,1.6137012404433893,1,0,2,1,1,1,1,1,1,2,1,0,-1.4494755940638249,-0.3795647990300729
0,1,0,0,1.2879383306831464,1,0,0,2,2,0,2,2,0,2,1,1,0.18074726309914202,0.9711608245987016
0,1,1,0,0.7178532386027215,1,2,2,1,1,1,1,1,1,1,0,2,-1.3148700370503688,-0.429462587125322
0,0,0,0,-0.9924020376385531,1,0,0,2,2,0,2,0,0,1,0,0,-0.21808401694072754,-0.7987547491512123
0,0,0,0,-1.2774445836787656,1,0,1,0,0,0,0,0,2,0,0,2,0.4615909561272169,-0.97108079716186
0,0,0,0,-1.0738427650786138,1,0,1,0,0,0,0,0,0,0,0,1,0.19237984210030468,-0.8143285061782881
0,0,1,1,1.3286586944031769,1,2,0,2,2,0,2,2,2,2,1,0,0.5895493251400082,1.2950332051532756
0,0,1,1,-0.7888002190384014,1,0,0,2,0,0,2,0,0,1,0,0,-0.35268957395418365,-0.6964885486164756
1,0,1,0,0.5956921474426305,1,2,1,0,2,2,2,2,2,0,1,2,1.4885815022298807,1.2550840918727733
1,0,0,0,-1.1552834925186746,1,0,0,0,0,0,0,0,2,0,0,2,-0.3477041829536853,-0.9196168097055311
0,0,0,0,0.758573602322752,1,2,2,1,1,1,1,1,1,2,0,0,-1.3231790220511994,-0.437536234535959
1,0,1,1,0.06632741908223598,0,1,0,0,0,2,2,2,0,0,1,2,-0.6617838159850825,-0.369329355318227
0,1,1,0,0.18848851024232702,1,0,1,0,0,2,2,2,0,0,0,2,0.8388188751649267,0.48177867212606695
0,0,1,0,-0.9924020376385531,1,2,1,0,0,0,2,0,2,0,1,2,0.8471278601657574,-0.6776500379916556
0,0,1,1,0.26992923768238775,1,2,1,0,0,0,2,2,2,0,1,1,1.1695164781979852,0.6563326938757157
0,0,0,0,-1.2367242199587352,1,2,0,0,2,0,0,0,0,0,0,3,-0.35268957395418365,-0.9609335900337368
0,0,1,0,-1.2367242199587352,1,0,2,1,1,1,1,1,1,0,0,3,-1.4760643460664828,-0.9873163285668571
1,0,1,0,0.43281069256250915,1,2,0,2,2,0,2,0,0,0,0,0,0.04946530008601819,0.27689332472170225
1,0,0,0,-1.2774445836787656,1,2,1,0,0,2,0,2,2,0,1,2,1.1628692901973208,-0.9617718375791036
1,0,0,1,0.5142514200025698,1,2,1,0,0,2,0,2,2,2,0,0,1.1612074931971548,1.0388162251681663
1,1,1,0,-1.2774445836787656,1,0,1,0,0,0,0,0,0,0,0,3,0.20235062410130134,-0.9745220239270497
1,0,0,0,-1.2774445836787656,1,2,0,0,0,0,0,0,0,0,0,3,-0.46569176996548,-0.983389800591192
1,0,1,1,-0.0965540357978854,1,2,1,0,0,0,0,2,0,0,0,2,0.6875953481498096,0.10156723286447886
1,1,0,0,1.5322605130033284,0,1,0,0,2,2,0,2,0,1,1,1,-0.6883725679877406,0.3229087031331477
1,0,0,0,1.2879383306831464,1,2,1,0,0,2,2,2,2,1,1,1,1.325725396213601,2.0338822389562243
0,0,1,1,-0.5851984004382496,1,2,2,1,1,1,1,1,1,2,0,3,-1.3181936310507012,-0.8167550122306654
1,0,1,1,0.18848851024232702,1,0,2,1,1,1,1,1,1,2,0,0,-1.4943441130683104,-0.6854369165051936
0,0,1,0,1.6137012404433893,0,1,0,2,2,2,2,2,2,2,0,0,0.02453834508352634,1.1647077709946851
0,0,1,1,0.5142514200025698,0,1,0,2,0,0,0,2,2,0,1,0,-0.4607063789649817,0.023874920896544752
0,0,1,1,0.9621754209229036,1,2,0,2,2,2,2,2,0,2,0,1,0.5480044001358552,1.0326617234534998
0,1,1,0,-0.055833672077855064,1,2,1,0,0,0,0,0,2,0,1,2,0.6676537841478158,0.15603126416738342
1,0,1,1,1.2064976032430856,1,0,2,1,1,1,1,1,1,1,0,0,-1.4893587220678117,-0.456595336620086
1,1,1,0,1.4915401492832983,0,1,0,0,0,2,0,0,0,1,1,1,-1.1619847130350858,-0.06416313051288873
0,0,0,1,-1.1552834925186746,1,0,2,1,1,1,1,1,1,1,1,3,-1.4744025490663168,-0.9683895813583143
1,0,0,1,1.369379058123207,1,0,2,1,1,1,1,1,1,2,0,1,-1.4893587220678117,-0.4458745916977646
0,0,1,0,1.5322605130033284,1,2,0,2,2,0,0,2,0,2,1,1,0.14751132309581955,1.1438177597983101
0,1,1,0,1.6137012404433893,1,2,1,0,2,2,0,2,2,1,1,1,1.3622849302172555,2.360379657876552
1,0,0,0,0.9621754209229036,1,0,0,2,0,2,0,0,0,1,0,3,-0.4008816869590011,0.32646022562799065
0,0,0,0,-0.8295205827584317,1,0,1,0,0,2,0,2,2,1,0,3,1.0216165451832002,-0.5137947020183975
0,0,0,0,-1.2774445836787656,1,0,1,0,0,0,0,0,0,0,0,3,0.19902703010096928,-0.974566142218911
0,0,0,0,0.35136996512244845,1,2,1,2,2,2,2,2,2,0,1,0,1.653099405246327,0.9916537711683241
1,0,0,1,-1.2774445836787656,1,0,0,0,0,0,2,0,2,0,1,3,-0.1732154979362424,-0.9795073909073883
0,0,0,0,-0.7888002190384014,1,0,2,1,1,1,1,1,1,1,0,2,-1.4993295040688086,-0.8977782552341357
1,0,1,0,-0.2594354906780068,1,2,1,0,0,0,0,2,0,0,1,2,0.6310942501441613,-0.09226648242860382
0,0,0,1,-0.6666391278783103,1,2,1,0,0,0,2,0,0,1,1,1,0.4898415051300408,-0.44803638799897344
1,0,0,0,-1.1960038562387048,1,0,0,0,0,0,0,0,2,0,0,3,-0.33607160395252245,-0.9223521438009382
1,0,0,0,1.0436161483629645,1,0,0,0,2,2,2,2,0,2,0,0,0.1774236690988095,0.7805477446115013
0,1,1,0,1.6137012404433893,1,2,0,2,2,2,2,2,2,2,0,1,0.8089065291619363,1.7967905384930338
1,0,0,0,0.9621754209229036,1,0,2,1,1,1,1,1,1,1,1,3,-1.4478137970636586,-0.4593086115695624
1,0,0,0,-1.2774445836787656,1,0,1,0,0,0,0,0,0,0,1,2,0.16246749609731476,-0.9750514434293864
0,0,1,0,0.025607055362205634,1,0,0,0,2,0,2,0,0,1,1,1,-0.3659839499555126,-0.1863707989689806
1,1,1,0,-0.7888002190384014,1,2,1,2,2,0,0,0,2,0,0,1,0.9651154471775519,-0.44944817333853837
1,0,0,0,1.002895784642934,1,2,1,0,0,0,0,2,0,1,1,2,0.7357874611546272,1.17333289705359
0,0,1,0,-0.5851984004382496,1,0,1,2,0,0,0,0,0,0,0,2,0.33363258711442517,-0.3713367375979209
1,0,0,0,0.3920903288424788,1,2,1,0,2,0,0,2,2,0,1,2,1.2293411702039656,0.8795933098403554
1,0,1,0,-0.015113308357824713,1,2,0,2,0,0,2,2,0,1,1,1,0.2671607071077802,0.023521974561653634
1,0,1,1,0.06632741908223598,1,0,2,1,1,1,1,1,1,0,0,3,-1.461108173064988,-0.7252316157641808
1,0,1,0,1.2879383306831464,1,2,1,0,2,0,2,2,2,2,1,2,1.3456669602155942,2.0045876931602513
0,0,0,0,-0.8702409464784621,1,2,1,0,0,0,0,0,0,0,1,2,0.39013368512007346,-0.6360906070582121
0,0,1,0,0.6771328748826912,1,2,1,2,0,0,0,2,2,0,1,3,1.1994288242009752,1.1327881868329588
0,0,1,0,-0.38159658183809786,1,0,1,0,2,2,2,0,0,0,0,2,0.6327560471443273,-0.16742199261450713
0,0,1,0,0.9621754209229036,1,2,0,2,0,2,0,0,2,1,1,0,0.13255515009432434,0.6742447203714461
0,0,0,0,-0.30015585439803716,1,0,2,1,1,1,1,1,1,0,0,3,-1.5192710680708021,-0.8022621533541939
1,1,1,0,-0.9924020376385531,0,1,0,0,2,2,0,0,2,0,1,3,-0.7116377259900661,-0.8419244977375969
0,0,1,0,0.06632741908223598,1,2,0,2,2,0,2,0,0,0,0,2,-0.07018408392594272,-0.002132812155753394
1,0,0,1,-1.0738427650786138,1,2,2,1,1,1,1,1,1,0,0,3,-1.2766487060465481,-0.9245801175399391
1,0,0,0,-0.38159658183809786,1,2,1,0,0,2,2,2,2,0,1,3,1.3057838322116073,0.08398609355770902
1,0,1,1,-0.055833672077855064,0,1,0,2,0,0,2,0,0,0,0,0,-0.9758634490164798,-0.5304052389042165
1,0,1,1,-0.8295205827584317,0,1,0,0,2,0,2,0,0,0,0,3,-0.9725398550161476,-0.8150785171399321
0,0,0,0,-1.1552834925186746,1,2,1,2,0,0,0,0,0,0,1,2,0.5114448661322006,-0.8646674771921513
0,0,1,0,1.247217966963116,1,2,1,2,2,2,0,2,0,0,1,2,1.1894580421999785,1.7363264194969787
1,0,0,0,-1.2367242199587352,1,0,2,1,1,1,1,1,1,0,1,3,-1.4993295040688086,-0.9886619364686298
0,0,1,1,1.5729808767233588,1,0,2,1,1,1,1,1,1,2,0,0,-1.4710789550659844,-0.34358633201709715
0,0,1,1,0.18848851024232702,1,2,1,0,2,0,0,2,0,0,1,2,0.7989357471609396,0.4680137650653087
0,0,0,0,-1.2774445836787656,1,0,0,0,0,0,0,0,0,0,0,2,-0.6518130339840859,-0.9858604249354307
1,1,1,0,-1.2367242199587352,1,0,1,0,0,0,0,0,0,0,0,2,0.1774236690988095,-0.9432862732891748
0,0,1,0,-1.0331224013585834,1,0,1,0,0,0,0,2,0,0,1,2,0.5430190091353566,-0.7513717036920632
1,1,0,0,1.4915401492832983,1,2,0,2,0,2,2,0,2,2,0,1,0.31036742911209936,1.2138114298364289
1,0,0,0,-0.5444780367182193,1,0,1,0,2,2,0,0,0,0,1,2,0.44829658012588774,-0.3479981612032377
0,0,0,1,-0.5444780367182193,1,0,1,2,0,2,2,2,2,0,1,2,1.3905354792200795,-0.15233353679790662
1,0,1,0,1.6137012404433893,1,2,0,2,2,2,2,2,2,2,1,0,0.7424346491552913,1.742833867546536
0,0,0,0,-0.13727439951791576,1,2,1,0,0,2,0,2,2,0,1,1,1.1246479591934997,0.2882979031678754
0,1,0,0,-1.1960038562387048,1,0,0,0,0,0,0,0,0,0,0,2,-0.6567984249845842,-0.9497054847550094
0,0,1,1,-0.8702409464784621,1,0,0,2,0,0,0,0,0,0,0,0,-0.4573827849646494,-0.7491437299530623
0,1,0,0,0.025607055362205634,0,1,0,2,2,2,0,2,2,0,1,0,-0.17653909193657447,-0.17430444614488627
0,0,1,0,1.6137012404433893,1,2,1,0,2,0,0,2,2,2,1,1,1.0947356131905097,2.025014462292082
1,1,0,0,-1.1145631287986442,1,0,2,1,1,1,1,1,1,0,0,0,-1.4860351280674797,-0.9642424619233422
1,1,1,0,1.0436161483629645,0,1,0,0,2,2,0,0,2,0,1,2,-0.6468276429835875,0.16388432011871337
1,0,1,0,1.5729808767233588,1,2,1,0,2,0,2,2,2,2,1,1,1.3091074262119398,2.243664716757205
1,0,0,0,-0.9516816739185228,0,1,0,0,0,0,0,2,2,0,1,2,-0.6435040489832552,-0.821012427395291
0,0,0,0,-1.2774445836787656,1,2,0,0,0,0,0,0,0,0,1,2,-0.48729513096763954,-0.9836765694882912
0,0,0,0,-1.2367242199587352,1,2,0,0,0,0,2,0,0,0,1,3,-0.34604238595351905,-0.9541393730870804
1,0,1,0,0.18848851024232702,1,0,2,1,1,1,1,1,1,0,0,0,-1.4760643460664828,-0.6979885705397633
1,0,1,1,-1.0738427650786138,1,0,0,0,2,2,0,0,0,0,1,3,-0.31446824295036285,-0.8627262723502495
0,0,1,0,-0.3408762181180675,1,2,0,2,2,2,0,0,0,0,0,3,0.051127097086184216,-0.31777713127817525
1,0,0,0,0.880734693482843,1,2,0,2,0,2,2,2,2,2,0,0,0.7424346491552913,1.0833095225103928
1,0,0,1,-0.38159658183809786,1,0,2,1,1,1,1,1,1,1,0,3,-1.4943441130683104,-0.8004312442419456
1,1,1,0,-0.5851984004382496,1,0,1,0,0,0,0,0,2,0,0,2,0.4582673621268844,-0.37813095454457724
1,0,1,0,1.6137012404433893,0,1,0,2,2,2,2,2,2,2,1,2,-0.0020504069191315333,1.0880963571773554
0,0,0,1,0.8400143297628127,1,2,0,0,2,2,2,2,2,1,1,2,0.6593447991469852,0.9573738583920125
0,0,1,1,-0.3408762181180675,1,2,0,2,0,2,0,2,2,2,0,1,0.4599291591270504,-0.19106939705222017
1,1,1,0,0.9621754209229036,1,0,0,2,2,2,2,2,2,2,1,0,0.6942425361504742,1.122685097996697
1,0,1,0,-0.38159658183809786,1,0,1,2,0,0,2,2,2,0,1,2,1.1661928841976528,0.022749904454079047
0,0,1,1,1.5729808767233588,1,2,2,1,1,1,1,1,1,2,0,0,-1.3065610520495383,-0.2057607882420681
1,0,0,0,-1.2774445836787656,0,1,0,0,0,0,0,2,2,0,1,3,-0.6468276429835875,-0.9857942474976384
0,1,0,0,-0.4223169455581282,1,2,1,0,0,0,0,0,0,0,1,0,0.32033821111309646,-0.2590336256647146
1,0,0,0,1.002895784642934,1,0,2,1,1,1,1,1,1,2,0,1,-1.4694171580658184,-0.4530438141252429
1,0,1,0,1.4915401492832983,0,1,0,2,0,2,2,2,2,2,0,0,-0.1499503399339166,0.7834374927284234
0,0,1,0,1.002895784642934,1,2,1,0,2,2,0,2,2,0,1,1,1.3207400052131024,1.606618641424448
0,0,0,0,0.5956921474426305,1,2,0,2,0,2,2,0,0,2,1,3,0.00792037508186511,0.26478285360574666
1,0,1,1,-0.7073594915983407,1,0,2,1,1,1,1,1,1,0,1,2,-1.4876969250676457,-0.878697094004078
0,0,0,0,-0.13727439951791576,0,1,0,0,0,0,2,0,0,0,1,2,-1.115454397030434,-0.5971562144905223
0,0,1,0,-0.2594354906780068,1,2,2,1,1,1,1,1,1,1,0,3,-1.288281285047711,-0.7039886582329143
1,0,0,0,-0.055833672077855064,1,0,2,1,1,1,1,1,1,2,0,3,-1.4727407520661506,-0.7240624810298536
1,1,0,0,-0.8702409464784621,1,0,1,0,0,0,0,0,2,0,1,2,0.45660556512671835,-0.6200977262584528
0,0,0,0,0.3920903288424788,1,2,0,0,0,2,2,2,2,2,1,1,0.45494376812655235,0.4825066239417802
0,0,1,1,1.4100994218432374,0,1,0,2,2,2,2,2,0,2,0,1,-0.3510277769540174,0.5930450042005302
1,1,1,0,0.025607055362205634,1,2,1,0,2,0,0,2,2,0,1,0,1.1911198392001445,0.4369986058867409
0,0,1,0,-0.9924020376385531,1,0,2,1,1,1,1,1,1,1,0,2,-1.4943441130683104,-0.9351685075866762
0,1,0,0,-1.1552834925186746,1,2,1,0,0,0,0,2,2,0,1,2,1.0199547481830342,-0.83102727964783
1,0,1,0,1.369379058123207,0,1,0,2,2,2,2,2,0,2,1,0,-0.27126152094604356,0.6659504815015019
1,0,0,0,0.9621754209229036,1,2,1,0,2,0,2,0,2,0,1,2,0.9867188081797118,1.255106151018704
0,1,1,0,-1.1145631287986442,1,2,1,0,2,0,0,0,0,0,1,2,0.5396954151350245,-0.8418142020079434
1,0,1,0,-0.8702409464784621,1,2,1,0,2,0,0,0,0,0,1,0,0.5230774451333633,-0.6100828740059139
0,1,0,0,-1.0738427650786138,0,1,0,0,0,0,0,2,2,0,1,2,-0.6767399889865777,-0.8897266669694293
1,0,1,1,0.14776814652229667,1,0,2,1,1,1,1,1,1,2,0,1,-1.505976692069473,-0.6729073216165545
1,0,1,0,-1.2774445836787656,1,0,1,0,0,0,0,2,0,0,1,2,0.5247392421335293,-0.9702425496164933
1,0,1,0,0.3106496014024181,1,0,1,0,2,2,0,0,0,1,0,2,0.53304822713436,0.37633595457730906
1,0,1,0,1.5322605130033284,1,2,1,0,2,2,0,2,0,1,1,0,1.0049985751815391,1.9073068596058533
1,0,0,0,0.47353105628253944,1,2,0,0,2,2,2,2,2,1,1,0,0.6809481601491449,0.6284278742733771
0,0,0,0,-1.1145631287986442,1,0,1,0,0,0,0,2,0,0,1,1,0.5396954151350245,-0.8338949686188213
0,0,0,0,-0.62591876415828,1,0,2,1,1,1,1,1,1,1,0,3,-1.502653098069141,-0.8818736110180992
1,0,1,0,1.6137012404433893,1,2,2,1,1,1,1,1,1,2,0,1,-1.328164413051698,-0.17887068935254175
0,0,0,0,-0.3408762181180675,1,0,0,2,0,0,2,0,0,0,0,1,-0.27957050594687416,-0.3964179865211296
1,0,0,0,0.35136996512244845,1,2,1,0,2,2,0,2,2,0,1,2,1.327387193213767,0.9117776037532503
1,0,1,1,0.880734693482843,1,2,0,2,2,0,2,0,0,2,1,1,0.0295237360840249,0.5677872821098758
1,0,1,1,-1.1552834925186746,1,2,2,1,1,1,1,1,1,1,0,1,-1.3514295710540236,-0.9735293623601681
0,0,0,1,-0.7888002190384014,0,1,0,0,2,0,0,0,0,0,0,2,-1.150352134033923,-0.8371597222165652
0,0,1,1,1.6137012404433893,1,2,2,1,1,1,1,1,1,2,1,0,-1.2799723000468803,-0.1286861323601936
1,0,1,1,-0.7888002190384014,1,0,2,1,1,1,1,1,1,0,1,3,-1.4926823160681442,-0.8946017382201145
0,0,1,0,-1.2774445836787656,1,0,2,1,1,1,1,1,1,0,1,3,-1.4660935640654862,-0.9966694064414748
0,0,0,0,1.247217966963116,1,0,1,0,0,2,2,2,0,1,1,1,0.8404806721650927,1.5605812038670719
0,0,1,0,-0.46303730927815856,1,2,1,2,0,2,0,2,2,0,1,0,1.3174164112127704,-0.03506711703029224
1,0,1,1,1.6137012404433893,1,2,1,0,2,2,2,2,2,2,0,1,1.5334500212343665,2.489602134738607
1,0,0,0,0.6364125111626608,1,0,2,1,1,1,1,1,1,2,0,1,-1.4827115340671475,-0.5721190838591749
0,0,1,1,1.5322605130033284,1,0,2,1,1,1,1,1,1,2,1,1,-1.4827115340671475,-0.3831824989627081
1,0,0,0,1.6137012404433893,1,2,1,0,2,2,0,2,2,2,1,0,1.2010906212011416,2.2850256153772723
0,0,0,0,-0.5444780367182193,1,0,0,0,0,0,0,0,2,0,1,2,-0.2845558969473725,-0.5233904304982531
0,0,0,0,0.10704778280226633,1,2,1,0,0,0,0,2,0,0,1,2,0.720831288153132,0.3306073450629628
0,0,1,0,1.4508197855632678,1,2,0,2,2,2,2,2,2,2,1,2,0.895319973170575,1.8286880635088298
1,0,0,0,-1.1552834925186746,1,0,1,0,0,2,0,0,2,0,0,2,0.7075369121518029,-0.8698513764858664
1,0,1,0,0.47353105628253944,1,0,1,0,0,0,0,2,2,1,1,0,0.8604222361670865,0.7475472622991705
0,0,0,0,1.125056875803025,0,1,0,0,2,0,0,2,2,0,1,2,-0.46402997296531395,0.32985733410131896
1,0,0,1,-0.21871512695797646,1,0,2,1,1,1,1,1,1,2,0,3,-1.4677553610656522,-0.7490775525152703
1,0,0,1,0.10704778280226633,1,0,0,0,0,0,2,2,2,1,1,3,0.2438955491054544,0.09503772566899105
0,0,1,0,1.5322605130033284,1,2,1,0,0,2,0,2,2,1,1,2,1.2293411702039656,2.1130745728474465
0,0,1,0,-1.2367242199587352,1,0,0,0,0,2,0,2,2,0,0,1,0.14086413509515497,-0.9405729983396984
1,0,0,0,-1.2367242199587352,1,0,1,0,2,0,0,0,0,0,1,2,0.3319707901142591,-0.9418965470955406
0,0,1,0,1.6137012404433893,1,2,1,2,2,2,2,2,2,2,0,2,1.6747027662484868,2.6779651818408756
0,0,1,0,1.5729808767233588,1,2,0,2,2,2,2,2,2,2,0,3,0.8737166121684152,1.77091516031632
1,0,1,0,1.369379058123207,1,2,1,0,2,2,0,2,2,0,1,1,1.3373579752147637,2.141288220492815
0,1,0,0,0.7992939660427822,1,2,1,2,2,2,0,2,2,0,0,1,1.440389389225063,1.5704195829521652
1,0,1,1,0.8400143297628127,1,0,0,0,2,0,2,2,0,0,0,1,0.00792037508186511,0.47827126792308533
1,0,1,1,1.369379058123207,1,2,0,0,2,2,0,2,2,2,0,0,0.5014740841312035,1.3037906860877642
0,0,0,0,-0.38159658183809786,1,2,0,2,0,0,0,0,0,0,0,2,-0.34438058895335305,-0.45463207263225347
1,0,0,0,-1.1960038562387048,1,0,1,0,0,0,0,2,0,0,0,2,0.4815325201292102,-0.8877192846897354
0,0,0,0,-0.38159658183809786,1,2,1,0,2,0,0,0,0,0,1,2,0.47820892612887816,-0.2659381383410244
1,1,1,0,1.0843365120829946,0,1,0,0,2,0,0,2,2,0,1,2,-0.4823097399671412,0.31664390568882805
0,0,0,0,1.125056875803025,1,0,1,2,0,2,2,2,2,0,1,0,1.3356961782145975,1.7457677339553193
0,0,0,0,1.369379058123207,1,2,1,2,2,2,2,0,2,0,1,0,1.2742096892084507,1.9038215145488024
0,0,0,0,-0.7073594915983407,1,0,0,2,2,2,2,0,0,1,0,1,0.0278619390838584,-0.5601850859106648
1,0,0,0,1.125056875803025,1,2,1,0,2,0,0,2,0,0,1,0,0.8354952811645946,1.3989759007787455
0,0,0,0,0.5549717837226001,1,0,1,0,2,2,2,2,2,2,1,0,1.3174164112127704,1.1578694357561672
0,0,0,0,0.5142514200025698,1,2,1,0,2,0,0,2,0,0,1,1,0.8155537171626008,0.7663857729239903
1,0,1,1,0.47353105628253944,0,1,0,2,2,2,2,0,2,2,1,1,-0.35601316795451593,0.04211783458123567
0,0,0,1,0.5549717837226001,1,0,1,0,2,2,0,2,2,0,1,2,1.1645310871974868,0.9315646576530906
1,0,1,1,-0.7888002190384014,1,2,2,1,1,1,1,1,1,1,0,0,-1.3381351950526947,-0.8541893828750676
1,0,1,1,1.4915401492832983,1,2,1,2,2,2,2,2,2,2,1,0,1.6481140142458286,2.376240183800727
1,1,0,0,-1.2774445836787656,1,2,1,0,0,0,0,0,0,0,1,2,0.32033821111309646,-0.9729558245659697
0,0,0,0,-1.0331224013585834,1,0,1,0,0,2,0,2,2,0,1,2,1.0166311541827018,-0.7142020427988296
0,0,1,0,1.5729808767233588,0,1,0,0,2,2,2,2,2,2,0,0,-0.21642221994056152,0.8233204285711333
1,0,1,0,-0.21871512695797646,1,0,2,1,1,1,1,1,1,2,0,0,-1.502653098069141,-0.7761220654263115
0,1,0,0,1.2879383306831464,1,2,0,0,2,2,2,0,2,0,0,1,0.32864719611392706,1.1424942110424678
1,0,0,0,1.4915401492832983,1,2,0,2,2,2,2,0,2,2,1,1,0.5563133851366857,1.4442192090826163
1,0,0,0,-1.2774445836787656,1,0,2,1,1,1,1,1,1,0,0,0,-1.481049737066981,-0.9968679387548512
1,0,1,0,0.025607055362205634,1,0,0,0,0,2,2,2,2,1,1,3,0.30372024111143525,0.05528714470186521
0,0,0,0,-1.2774445836787656,0,1,0,0,0,0,0,2,0,0,1,2,-0.9991286070188055,-0.9904707864349476
1,1,1,0,-0.5037576729981889,1,2,1,0,2,0,2,2,2,0,0,2,1.4054916522215746,-0.04750847533520836
1,0,0,0,-0.8295205827584317,1,2,1,0,2,2,2,2,2,0,1,3,1.6015836982411773,-0.39485178716004976
0,0,0,1,-0.9109613101984924,1,2,0,2,0,2,2,0,2,1,0,1,0.2920876621102721,-0.6999077162357344
0,1,0,0,0.47353105628253944,1,2,1,2,2,2,0,2,2,1,1,1,1.4968904872307114,1.1385235647749414
0,0,0,0,-0.7888002190384014,0,1,0,0,2,0,0,0,0,0,1,2,-1.1004982240289392,-0.8337405545973063
1,0,1,0,0.9621754209229036,1,0,2,1,1,1,1,1,1,1,0,1,-1.4893587220678117,-0.5086769801624745
1,0,0,0,-1.2367242199587352,1,0,1,0,0,2,0,2,2,0,1,2,1.0332491241843629,-0.9185579707008574
0,1,0,0,-0.62591876415828,1,2,1,0,0,0,0,2,2,0,1,2,0.9784098231788811,-0.296291523141671
1,0,0,0,-0.4223169455581282,1,2,0,2,0,0,0,0,0,0,1,2,-0.3427187919531868,-0.5084122704113062
0,0,0,0,0.758573602322752,1,2,1,0,2,2,2,2,2,1,1,2,1.5533915852363596,1.5103966468747236
1,0,0,0,-1.0738427650786138,1,0,0,2,2,0,0,0,0,0,1,0,-0.3011738669490337,-0.8576967870780492
0,0,0,0,-1.2774445836787656,1,0,1,2,0,0,0,2,2,0,1,2,1.0249401391835322,-0.9636027466913519
1,1,0,0,-0.9516816739185228,1,0,1,0,0,0,0,0,2,0,1,2,0.4915033021302069,-0.6887678475407296
1,1,0,0,-0.13727439951791576,1,0,1,0,2,2,0,2,2,0,1,0,1.219370388202969,0.2950921201145318
1,0,0,0,-1.2774445836787656,1,0,0,0,0,0,0,0,0,0,1,2,-0.6368568609825906,-0.9856618926220544
0,0,1,1,0.6771328748826912,1,0,0,2,0,2,2,0,0,0,0,0,-0.10009642992893289,0.3284234896158233
1,0,1,1,-0.9924020376385531,1,0,0,0,0,0,0,0,0,0,0,0,-0.6684310039857471,-0.8429171593044785
0,0,0,0,-0.9516816739185228,1,0,1,0,0,0,0,0,2,0,1,2,0.4915033021302069,-0.6866281103854515
0,0,1,0,0.35136996512244845,1,0,1,0,2,2,2,0,0,1,1,0,0.7125223031523015,0.4673519906873876
0,0,0,0,-1.0738427650786138,1,0,0,0,0,0,2,0,0,0,1,0,-0.46402997296531395,-0.878697094004078
0,0,1,0,0.025607055362205634,1,2,1,2,0,2,0,2,2,1,1,3,1.2941512532104444,0.5238013451240552
0,0,1,1,0.26992923768238775,1,0,2,1,1,1,1,1,1,2,0,3,-1.4960059100684764,-0.6713852405473361
0,1,0,0,-1.2774445836787656,1,2,0,0,0,0,0,0,0,0,0,3,-0.47233895796614456,-0.9834780371749148
1,0,0,0,-0.7888002190384014,1,0,0,0,2,0,2,2,2,0,0,3,0.2854404741096075,-0.5947958858759371
1,1,0,0,-0.4223169455581282,1,2,1,0,0,0,0,2,2,0,1,2,1.0614996731871873,-0.08681787338372035
0,1,0,0,0.9214550572028734,1,2,1,0,0,2,0,2,2,1,1,2,1.1761636661986499,1.3809094602615002
0,0,0,0,-1.1960038562387048,1,0,1,0,0,0,0,2,0,0,1,2,0.5230774451333633,-0.9032709825708807
1,0,0,0,0.758573602322752,1,0,0,0,0,0,2,0,0,1,0,1,-0.562075995975115,0.033978009732806534
1,0,0,0,0.7992939660427822,1,0,0,2,0,2,0,0,0,1,0,2,-0.3659839499555126,0.22540727811944272
0,0,0,0,-0.0965540357978854,0,1,0,0,0,0,2,0,2,1,1,1,-0.8113455460000336,-0.4820736501700474
1,0,1,1,0.3106496014024181,1,2,2,1,1,1,1,1,1,2,0,1,-1.3132082400502028,-0.5615527529583684
1,0,1,0,-0.748079855318371,1,2,1,0,0,0,0,0,2,0,1,2,0.677624566148813,-0.5031842528257296
0,0,0,1,0.35136996512244845,1,0,0,0,0,0,0,0,0,0,0,0,-0.6501512369839195,-0.1931650159156369
1,0,0,1,0.43281069256250915,0,1,0,2,2,2,0,0,0,0,1,2,-0.8080219519997013,-0.16186308783997017
1,0,1,0,1.6137012404433893,1,2,0,0,2,2,2,2,2,2,1,0,0.677624566148813,1.7808197168392055
1,0,1,1,-0.1779947632379461,0,1,0,2,0,2,2,2,0,1,0,3,-0.46402997296531395,-0.39394736217689097
0,0,1,1,1.4508197855632678,1,2,1,0,2,2,0,0,0,2,1,1,0.6526976111463211,1.529588103834435
0,0,1,1,1.2064976032430856,1,2,1,0,2,2,2,2,2,1,1,2,1.5301264272340338,2.012330453381928
1,0,0,1,-1.2774445836787656,1,0,0,0,0,0,0,0,0,0,1,2,-0.6767399889865777,-0.9861913121243912
1,0,0,0,1.2064976032430856,1,2,1,0,0,2,0,2,2,1,1,2,1.0631614701873533,1.6966420159676447
0,0,1,1,0.26992923768238775,1,2,2,1,1,1,1,1,1,1,1,3,-1.3481059770536914,-0.6022739363464452
0,0,0,0,-1.2774445836787656,1,0,1,0,0,0,0,0,0,0,1,3,0.19736523310080326,-0.9745882013648418
0,0,0,0,-1.2367242199587352,1,0,0,0,0,2,2,2,2,0,0,2,0.3868100911197414,-0.9348376203977158
0,0,1,0,1.5729808767233588,1,2,1,0,0,0,0,2,2,2,1,0,0.9617918531772199,1.8995640993841771
0,0,0,0,-1.1960038562387048,1,2,0,0,0,0,0,0,0,0,1,3,-0.4690153639658123,-0.9390288581245493
0,0,0,0,0.7178532386027215,1,2,0,2,0,2,2,2,2,1,1,1,0.5895493251400082,0.8379677014691201
0,0,1,0,-0.46303730927815856,1,0,0,2,0,2,2,2,2,1,0,3,0.5363718211346925,-0.24917318743369052
0,0,0,0,-0.9924020376385531,1,0,0,0,2,0,2,2,0,0,1,2,0.022876548083360315,-0.7611659644852952
0,0,1,0,-0.62591876415828,1,2,1,0,0,0,0,0,2,0,1,2,0.6875953481498096,-0.36535870905070056
1,1,1,0,0.5142514200025698,1,2,2,1,1,1,1,1,1,1,0,1,-1.33148800705203,-0.4876766732364458
1,0,1,1,-1.1552834925186746,1,2,0,0,0,0,0,0,0,0,1,2,-0.4607063789649817,-0.9062489672715255
1,0,1,0,1.4100994218432374,0,1,0,2,2,0,2,0,2,2,1,0,-0.4590445819648154,0.5479340507722437
0,0,0,0,-1.1960038562387048,0,1,0,2,0,0,2,0,0,0,0,3,-1.0140847800203006,-0.9443009940019872
0,0,1,0,1.1657772395230555,1,2,1,0,2,0,2,0,2,2,1,0,0.9833952141793793,1.5102863511450701
1,0,0,0,1.2879383306831464,1,2,0,2,2,2,2,2,0,1,0,2,0.5480044001358552,1.4505281248187973
1,0,0,0,-0.4223169455581282,1,0,2,1,1,1,1,1,1,1,0,3,-1.5009913010689746,-0.819380050596419
1,0,0,0,-1.1552834925186746,1,0,0,0,0,0,0,0,2,0,1,2,-0.29452667894836937,-0.9005577076214042
1,1,1,1,0.7992939660427822,1,2,0,0,2,2,0,2,2,1,1,2,0.534710024134526,0.7940479419210914
0,1,0,0,0.6771328748826912,1,2,1,2,0,0,0,2,2,0,0,1,1.222693982203301,1.2311940368298222
0,0,1,0,0.8400143297628127,1,2,1,0,2,2,2,2,2,1,1,0,1.4686399382278874,1.5169923315080036
1,0,1,0,-0.62591876415828,1,0,2,1,1,1,1,1,1,1,0,0,-1.491020519067978,-0.8602997662978722
1,1,1,0,1.3286586944031769,1,0,1,0,0,0,0,0,0,1,1,0,0.20567421810163386,1.003896597159864
0,0,0,0,0.06632741908223598,1,0,1,0,2,2,2,2,2,0,1,2,1.3406815692150957,0.5978318388674928
1,1,1,0,-1.1960038562387048,1,2,1,0,0,0,0,2,2,0,1,2,0.9917041991802098,-0.8824471488122975
1,0,0,0,-0.9516816739185228,1,0,2,1,1,1,1,1,1,0,0,3,-1.4926823160681442,-0.9268963278626628
1,1,0,0,1.5322605130033284,0,1,0,0,0,0,0,2,2,1,1,2,-0.6484894399837535,0.43443974495877935
0,0,1,1,1.6137012404433893,1,2,1,2,2,2,2,2,2,2,1,0,1.6963061272506461,2.733907175921137
1,0,1,1,0.3106496014024181,0,1,0,0,2,2,2,2,2,1,0,3,-0.14828854293375057,0.07445654251564558
0,0,0,0,1.0436161483629645,1,2,0,2,2,2,2,0,0,1,1,1,0.21065960910213194,0.8909537699946672
0,0,1,1,-1.1960038562387048,0,1,0,2,0,0,0,0,0,0,0,1,-1.1653083070354178,-0.9653233600739467
1,0,0,0,-1.2774445836787656,1,0,0,2,0,0,0,0,0,0,1,3,-0.46569176996548,-0.983389800591192
1,0,1,1,0.6364125111626608,1,2,2,1,1,1,1,1,1,2,0,0,-1.2783105030467143,-0.4564850408904325
1,0,0,0,-0.30015585439803716,1,0,1,0,0,2,2,2,2,2,0,0,1.1479131171958254,0.10313343222555882
0,0,1,0,0.6771328748826912,1,2,1,0,2,2,2,2,2,2,1,0,1.435403998224565,1.3294895910970326
0,0,0,0,-0.9516816739185228,1,0,1,2,0,0,0,0,0,0,1,1,0.3153528201125979,-0.7235771798193781
0,0,1,0,-0.7073594915983407,1,0,1,2,0,2,0,2,2,0,0,2,1.2293411702039656,-0.2692690693765605
1,0,0,0,1.369379058123207,1,2,0,2,2,2,0,0,2,2,1,1,0.32698539911376057,1.1111922829668008
0,0,1,1,1.0436161483629645,1,2,1,0,2,2,0,2,2,1,1,1,1.3440051632154282,1.7407603078290497
1,0,1,0,0.43281069256250915,1,2,0,2,0,0,2,0,2,1,1,1,0.2372483611047903,0.39424798107303943
0,0,1,0,0.43281069256250915,1,2,0,0,0,0,2,2,0,1,1,0,0.0029349840813665527,0.2772683302025241
0,0,0,0,0.5956921474426305,1,0,1,2,0,0,0,0,0,0,0,1,0.35523594811658493,0.5582577310678124
0,0,0,0,0.9621754209229036,1,2,1,0,2,2,0,2,2,1,1,2,1.397182667220744,1.6035524201400801
1,0,1,1,1.6137012404433893,0,1,0,2,0,2,2,2,0,2,0,3,-0.5271782589716266,0.5502723202408981
0,0,0,0,-0.6666391278783103,1,0,1,0,2,0,0,0,0,0,0,0,0.3436033691154218,-0.4706911308698049
0,0,1,0,1.4508197855632678,1,0,0,0,2,0,2,2,0,2,0,0,-0.021991970921125294,0.9028877679431774
0,0,1,0,-0.7073594915983407,1,0,2,1,1,1,1,1,1,1,0,3,-1.4694171580658184,-0.875211748947027
1,0,1,1,1.369379058123207,0,1,0,0,0,2,2,2,2,2,0,0,-0.33607160395252245,0.5965965266953733
0,1,1,0,-1.1960038562387048,1,0,1,0,0,0,0,2,0,0,1,2,0.5197538511330312,-0.9069328007953771
0,0,1,0,1.6137012404433893,1,2,1,2,2,2,0,2,2,2,0,1,1.4935668932303794,2.580728466578339
1,0,0,0,-0.21871512695797646,1,0,2,1,1,1,1,1,1,2,0,1,-1.4760643460664828,-0.7712469941756263
0,0,1,1,-1.1960038562387048,1,0,2,1,1,1,1,1,1,0,0,3,-1.4993295040688086,-0.9790220896969128
1,0,0,0,-0.4223169455581282,1,2,1,0,2,0,0,0,0,0,1,2,0.48485611412954227,-0.24237897048703422
0,0,1,0,1.0436161483629645,1,0,0,2,2,0,0,2,0,0,1,1,0.016229360082695727,0.6670093205061757
0,0,1,1,1.6137012404433893,1,2,2,1,1,1,1,1,1,1,1,0,-1.3780183230566818,-0.28967377936246025
0,0,0,0,-0.015113308357824713,1,2,1,0,2,2,0,2,2,1,1,1,1.3057838322116073,0.5016760217555606
0,0,1,0,-0.9516816739185228,1,0,0,0,2,0,2,2,0,1,1,3,0.0278619390838584,-0.7440260080971394
0,0,1,1,-0.9924020376385531,1,0,0,0,2,0,2,0,0,0,0,0,-0.28123230294704044,-0.828644891887314
1,0,0,0,-1.1145631287986442,1,0,0,0,0,2,0,2,2,1,1,3,0.17410007509847744,-0.8525128877843341
0,0,0,0,0.26992923768238775,1,0,2,1,1,1,1,1,1,2,0,3,-1.4827115340671475,-0.64136274293565
1,0,0,0,-0.3408762181180675,1,0,1,0,0,0,0,0,2,0,1,1,0.5014740841312035,-0.12297281356414164
1,0,1,1,-0.38159658183809786,1,2,2,1,1,1,1,1,1,1,0,3,-1.343120586053193,-0.7682028320371893
0,1,0,0,-0.9924020376385531,1,2,1,0,0,0,0,0,2,0,0,2,0.6792863631489789,-0.6988268180851299
1,0,0,0,0.9214550572028734,1,0,0,0,2,0,2,0,2,1,1,2,-0.018668376920792765,0.5945229669778874
1,0,1,0,-1.2774445836787656,1,0,1,0,0,0,0,0,0,0,1,2,0.12424616509349373,-0.9755588037857926
0,0,1,0,-0.38159658183809786,1,0,0,0,0,0,2,2,0,1,0,0,-0.1582593249347472,-0.41144026489993796
0,0,1,0,-1.1552834925186746,1,2,1,0,2,0,0,2,0,0,1,2,0.893658176170409,-0.8445715952492813
0,0,0,0,0.880734693482843,1,0,1,0,0,2,0,2,2,1,1,1,0.9750862291785486,1.2270027991029888
0,1,0,0,1.3286586944031769,1,2,1,0,2,2,0,2,0,0,1,0,1.0199547481830342,1.7398338236999604
1,0,1,0,0.26992923768238775,0,1,0,0,0,0,0,0,0,1,1,1,-1.3132082400502028,-0.5876487225943895
1,0,1,0,0.758573602322752,1,2,1,2,0,2,2,2,2,1,1,2,1.5550533822365258,1.517940874783024
0,0,0,0,-0.6666391278783103,1,2,0,0,0,0,0,0,2,0,1,0,-0.056889707924613786,-0.5350156004037333
0,0,1,1,0.18848851024232702,1,2,1,0,2,2,0,0,2,0,1,2,1.0099839661820376,0.5528532403147903
0,0,1,1,1.0843365120829946,1,2,0,2,0,2,2,2,0,2,1,3,0.3884718881199074,0.9881463669653424
0,1,1,1,0.6364125111626608,1,0,1,2,0,2,2,2,2,0,1,2,1.3207400052131024,1.2301572569710795
1,0,1,0,1.3286586944031769,1,0,0,2,0,0,2,2,2,2,1,0,0.33363258711442517,1.1207880114466564
0,0,1,1,-0.3408762181180675,1,0,2,1,1,1,1,1,1,1,0,3,-1.491020519067978,-0.7704087466302595
0,0,0,0,-0.9924020376385531,1,0,0,2,0,0,2,0,2,0,0,0,0.042818112085353605,-0.7523202469670834
1,0,0,0,-0.4223169455581282,1,2,1,0,2,0,0,0,0,0,1,3,0.46823814412788106,-0.29977686819872207
1,0,0,0,-0.9109613101984924,1,0,0,2,0,0,2,2,0,0,0,0,-0.08347845992727167,-0.7353567637463733
1,0,0,0,1.3286586944031769,1,2,1,0,2,2,2,2,2,0,1,2,1.475287126228552,2.0565590409729864
0,0,1,0,-0.38159658183809786,1,2,1,0,0,2,0,0,2,0,0,3,0.8438042661654253,-0.10358282429105413
1,0,0,0,-0.21871512695797646,1,0,0,2,0,0,2,0,0,0,0,3,-0.37595473195650925,-0.3610130573023521
0,0,0,0,-0.3408762181180675,1,0,2,1,1,1,1,1,1,1,0,1,-1.4727407520661506,-0.773122021579736
0,0,0,0,-1.2774445836787656,1,0,0,2,0,0,0,0,0,0,1,1,-0.5371490409726233,-0.9843383438662122
1,0,1,0,1.247217966963116,1,0,1,2,0,2,0,2,2,2,0,1,1.1612074931971548,1.7870845142835248
1,0,1,1,1.125056875803025,1,0,0,2,2,2,0,0,0,2,0,0,-0.14164135493308597,0.6241483999628207
0,0,0,0,-0.055833672077855064,0,1,0,2,2,0,2,0,2,2,1,0,-0.49560411596847015,-0.3351376791256382
0,0,1,1,1.6137012404433893,0,1,0,0,2,0,2,2,2,2,0,1,-0.3693075439558449,0.6636563303247089
1,0,1,1,-0.4223169455581282,1,0,2,1,1,1,1,1,1,1,0,0,-1.479387940066815,-0.7903722736975453
0,1,0,0,-1.0331224013585834,1,0,0,0,2,2,0,2,0,0,1,2,0.006258578081699082,-0.7879898859370293
1,0,1,1,-1.1552834925186746,1,0,0,0,0,0,0,0,0,0,0,3,-0.6484894399837535,-0.9372420673041625
0,0,0,0,-1.1145631287986442,1,2,2,1,1,1,1,1,1,0,0,3,-1.3065610520495383,-0.9463304354276119
0,0,0,0,-0.38159658183809786,1,0,1,0,2,0,2,0,0,0,1,3,0.47654712912871167,-0.21881980263304393
1,0,1,1,-0.9924020376385531,1,0,2,1,1,1,1,1,1,2,0,1,-1.5009913010689746,-0.9506319688840988
0,0,0,0,-0.9516816739185228,1,0,1,0,0,0,0,0,0,0,0,2,0.142525932095321,-0.7183491622338016
0,1,1,0,-0.38159658183809786,1,0,1,2,0,0,0,2,2,0,1,2,1.0083221691818711,0.020433694131355287
1,0,1,1,1.6137012404433893,1,2,0,2,2,2,2,0,0,2,0,0,0.16911468409797886,1.2452898310795415
1,0,0,0,-0.30015585439803716,1,0,1,0,0,0,0,0,0,0,0,3,0.20567421810163386,-0.22605520249831437
1,0,1,1,-0.7073594915983407,0,1,0,2,0,0,0,0,0,0,1,0,-1.1486903370337564,-0.7985782759837665
1,0,0,0,-1.0331224013585834,1,0,0,0,0,0,0,2,0,0,0,3,-0.32942441595185784,-0.842365680656211
0,0,0,0,-1.2774445836787656,1,0,0,0,0,0,0,2,0,0,1,3,-0.3726311379561772,-0.9821544884190726
1,1,1,0,-1.0331224013585834,1,2,1,0,0,0,0,2,2,0,1,0,1.0249401391835322,-0.7215036201018922
0,0,1,1,0.6364125111626608,1,0,1,2,0,2,0,2,2,1,1,0,1.1612074931971548,1.1900757888149929
0,0,1,1,1.4915401492832983,1,2,1,0,2,2,2,2,2,1,1,0,1.461992750227223,2.30002583461015
1,1,1,0,0.9621754209229036,1,2,1,2,0,2,0,2,2,1,1,0,1.3224018022132684,1.5507207656360478
1,1,0,0,-1.1960038562387048,1,0,1,0,0,0,0,2,0,0,1,2,0.50313588113137,-0.8906752102444494
1,0,0,0,0.3106496014024181,1,0,0,2,0,2,0,0,2,0,0,2,0.08934842809000525,0.19909071702411463
0,0,0,0,-1.0738427650786138,1,0,2,1,1,1,1,1,1,2,0,3,-1.502653098069141,-0.9508746194893366
0,0,0,0,1.1657772395230555,1,2,1,0,0,2,2,2,2,2,1,2,1.3905354792200795,1.8303204403077018
1,1,1,0,-1.2774445836787656,1,2,1,0,0,0,0,2,0,0,1,2,0.7075369121518029,-0.967816043564116
1,0,0,0,-0.21871512695797646,1,0,0,2,2,0,0,0,0,1,0,0,-0.3094828519498643,-0.3538658940208045
0,0,1,0,0.43281069256250915,1,2,0,2,2,0,2,2,2,2,0,1,0.720831288153132,0.5712285088750655
0,1,0,0,-0.5037576729981889,1,2,0,0,0,0,0,0,2,0,1,3,-0.10508182092943122,-0.4876766732364458
0,0,1,0,-0.62591876415828,1,2,1,0,0,0,0,2,2,0,0,2,0.925232319173565,-0.30884317717624077
1,0,0,0,-1.0738427650786138,1,0,1,0,0,0,0,0,0,0,1,2,0.14418772909548702,-0.8138652641137434
0,0,1,0,0.35136996512244845,0,1,0,0,2,0,2,0,0,1,0,3,-0.9742016520163136,-0.39180762502161276
1,0,0,1,-1.2774445836787656,1,0,1,0,0,0,0,0,2,0,0,2,0.50313588113137,-0.9705293185135924
0,0,0,0,-1.2774445836787656,1,0,1,0,0,0,0,0,0,0,1,2,0.16080569909714826,-0.9750735025753172
1,0,0,0,-0.7888002190384014,0,1,0,0,0,0,0,0,0,0,1,0,-1.3165318340505352,-0.8593732821687827
1,0,0,0,0.7992939660427822,1,0,1,0,2,2,2,2,2,1,1,0,1.3373579752147637,1.3884536881698006
0,0,0,0,-1.1145631287986442,1,0,0,0,2,0,0,0,0,0,0,0,-0.47233895796614456,-0.8978003143800664
1,0,1,0,1.6137012404433893,1,2,0,2,2,2,2,2,2,2,1,1,0.85876043916692,1.836254350563061
0,0,1,0,-0.30015585439803716,1,2,0,0,2,0,0,0,0,0,0,2,-0.3543513709543497,-0.4000356864537648
0,0,0,0,1.369379058123207,1,2,1,2,2,2,2,2,0,1,1,0,1.3224018022132684,1.9850212307197184
1,0,0,1,0.9621754209229036,1,2,2,1,1,1,1,1,1,2,1,3,-1.328164413051698,-0.3774471210207255
0,0,0,0,-1.0738427650786138,1,0,1,0,0,2,2,2,2,0,1,3,1.1695164781979852,-0.7641660083318706
0,0,1,0,1.125056875803025,0,1,0,2,0,2,2,2,2,2,0,1,-0.16324471593524553,0.578155080697306
1,1,0,0,0.6364125111626608,1,2,1,0,2,0,0,2,2,1,1,2,1.1379423351948288,1.0873463462157116
1,0,1,1,-0.21871512695797646,1,0,0,2,2,0,0,0,0,0,1,1,-0.3327480099521901,-0.33946127172805585
1,0,1,1,1.6137012404433893,1,2,1,2,2,2,2,2,0,2,1,1,1.3739175092184182,2.3245335457391603
0,0,0,0,0.22920887396235737,1,2,0,2,2,2,0,0,0,0,1,0,0.046141706085686136,0.1070599602012239
1,0,1,0,-1.1552834925186746,1,2,1,0,2,0,0,2,2,0,1,2,1.1778254631988159,-0.8203947713092313
1,0,1,1,-1.1552834925186746,1,0,2,1,1,1,1,1,1,2,0,1,-1.502653098069141,-0.9754264489102084
0,0,1,1,0.3920903288424788,1,2,1,2,2,0,0,2,0,1,1,1,0.9867188081797118,0.7253337023469532
1,0,0,0,0.5549717837226001,1,2,1,0,2,2,0,2,0,1,1,1,1.001674981181207,0.9455501561731559
1,0,1,0,0.3106496014024181,0,1,0,2,2,2,0,0,0,1,1,2,-0.7448736659933887,-0.24851141305576946
0,0,1,0,-0.055833672077855064,1,0,0,2,0,2,2,2,2,1,1,3,0.544680806135523,0.11736158135086192
0,0,1,1,-0.0965540357978854,1,2,1,0,2,2,2,2,2,0,1,2,1.42044782522307,0.424755779895201
1,0,1,0,-0.7888002190384014,1,2,0,2,0,0,0,0,2,0,1,2,0.03617092408468901,-0.6077225453913288
1,1,1,0,-0.748079855318371,1,0,2,1,1,1,1,1,1,1,0,3,-1.4993295040688086,-0.9049033593697525
0,0,0,0,-0.9109613101984924,1,0,2,1,1,1,1,1,1,1,1,3,-1.5109620830699715,-0.9240727571835331
1,1,0,0,-0.0965540357978854,1,2,0,0,0,2,2,2,0,2,1,1,0.14418772909548702,-0.08198692042489639
1,1,0,0,0.10704778280226633,1,2,1,2,0,0,0,0,2,0,0,1,0.8720548151682491,0.3974024389411299
1,0,1,0,-0.015113308357824713,1,2,1,0,0,0,2,0,0,1,1,2,0.4815325201292102,0.1497444075771332
1,0,0,0,-1.2367242199587352,1,0,1,2,0,0,0,0,0,0,1,2,0.36354493311741554,-0.9223080255090769
1,0,1,1,0.10704778280226633,1,0,2,1,1,1,1,1,1,1,0,2,-1.491020519067978,-0.711952009913898
1,0,1,1,-0.21871512695797646,1,2,1,2,2,0,2,2,0,0,0,2,1.1961052302006432,0.22668670858342352
1,0,1,1,1.6137012404433893,1,2,2,1,1,1,1,1,1,2,0,1,-1.329826210051864,-0.18557666971547532
1,0,0,1,-1.2774445836787656,1,0,2,1,1,1,1,1,1,0,1,3,-1.5142856770703037,-0.9973091216734653
0,0,0,0,-1.2774445836787656,1,0,0,0,0,0,0,0,0,0,0,3,-0.6916961619880726,-0.9863898444377677
1,0,0,0,1.2879383306831464,1,0,1,2,2,0,0,2,2,1,1,1,1.1811490571991479,1.9077039242326062
0,0,0,0,-0.5444780367182193,1,2,0,0,0,2,0,0,0,0,1,3,-0.28787949094770476,-0.549640814155789
1,0,0,1,-1.1552834925186746,1,0,0,2,0,0,0,0,0,0,1,2,-0.5105602889699654,-0.9244257035184242
1,0,0,0,-1.2774445836787656,1,0,1,0,0,0,0,0,0,0,1,2,0.16080569909714826,-0.9750735025753172
0,0,0,0,0.06632741908223598,1,2,0,0,0,0,2,2,0,0,0,3,0.00792037508186511,-0.053927686801042866
0,0,1,0,1.6137012404433893,0,1,0,2,2,2,0,0,2,2,1,2,-0.5172074769706297,0.574074138700126
1,0,1,1,1.5322605130033284,1,2,1,2,2,2,2,2,2,2,1,1,1.721233082253138,2.590875673706462
0,0,1,0,1.369379058123207,1,2,0,2,2,2,0,0,0,2,0,0,0.07106866108817798,0.9222998163621955
1,1,1,0,1.4915401492832983,1,2,1,0,2,2,2,2,2,2,1,0,1.4503601712260603,2.222885001290483
1,0,0,1,-0.7073594915983407,1,0,0,2,0,2,0,0,2,1,0,3,0.0029349840813665527,-0.5863251738385473
0,0,0,0,1.5322605130033284,1,2,1,2,2,2,0,2,2,2,1,3,1.541759006235197,2.407895058211285
0,0,0,0,1.369379058123207,1,2,2,1,1,1,1,1,1,2,1,1,-1.3165318340505352,-0.263004271932241
0,1,0,0,0.3920903288424788,1,2,1,0,0,0,0,2,0,0,1,2,0.6610065961471517,0.5566032951230098
0,0,1,1,-1.1960038562387048,1,0,1,0,0,0,0,2,0,0,1,2,0.5297246331340278,-0.9001385838487208
1,0,0,0,-0.055833672077855064,1,2,1,0,2,2,0,2,2,1,1,2,1.285842268209614,0.3470855270731975
0,0,0,0,0.3920903288424788,0,1,0,2,2,2,2,0,2,1,1,2,-0.3327480099521901,0.030316191508309838
1,0,0,0,-1.1960038562387048,1,0,1,0,0,2,2,2,2,0,1,2,1.1279715531938321,-0.8762264696598393
1,0,0,0,1.247217966963116,1,0,2,1,1,1,1,1,1,1,0,3,-1.4710789550659844,-0.4198227403536049
1,0,1,0,0.7178532386027215,1,0,2,1,1,1,1,1,1,2,0,3,-1.4694171580658184,-0.5347508906525649
1,0,0,0,-1.2774445836787656,1,0,1,0,0,0,0,0,0,0,1,2,0.17077648109814536,-0.974941147699733
0,0,1,0,1.2879383306831464,1,0,1,2,0,0,2,2,2,1,1,3,1.068146861187852,1.7800035284397697
1,0,1,0,-0.62591876415828,1,0,0,2,2,0,0,0,2,1,0,3,0.001273187081200524,-0.48712519458817827
1,0,1,1,0.6364125111626608,1,0,0,0,2,2,0,0,0,1,1,1,-0.29785027294870164,0.16388432011871337
1,0,1,0,0.22920887396235737,0,1,0,2,2,0,2,2,2,2,1,0,-0.1582593249347472,-0.03817745660652137
1,0,0,1,-0.7073594915983407,1,0,0,0,0,2,2,0,0,1,0,1,-0.31779183695069496,-0.6243551414230784
0,0,1,1,-0.1779947632379461,1,0,1,0,0,0,0,0,0,1,1,0,0.1873944510998066,-0.12685522324794526
1,0,1,1,1.6137012404433893,1,0,1,2,2,2,2,2,2,2,0,0,1.5683477582378549,2.5382866698076674
1,0,1,0,0.3920903288424788,0,1,0,2,0,2,2,2,0,2,0,1,-0.5521052139741185,-0.10916378821152191
0,0,0,0,-1.2774445836787656,1,0,2,1,1,1,1,1,1,0,0,3,-1.4710789550659844,-0.996735583879267
0,0,0,0,-0.055833672077855064,1,2,1,0,0,0,0,2,0,0,1,1,0.7241548821534641,0.18426697095868258
1,1,1,0,0.47353105628253944,0,1,0,0,2,0,0,0,0,0,1,2,-1.1437049460332582,-0.40590341927133167
0,0,0,0,-0.8702409464784621,1,0,0,0,0,2,2,0,0,1,0,0,-0.3643221529553466,-0.718327103087871
0,0,0,0,-1.0738427650786138,1,0,0,0,0,0,0,0,2,0,1,2,-0.3244390249513595,-0.8556011682146325
1,0,0,0,1.4508197855632678,1,2,1,2,2,2,0,2,0,1,0,0,1.2160467942026365,2.1313616048239985
1,0,1,1,1.2064976032430856,1,0,1,2,2,0,0,0,0,1,1,1,0.5546515881365197,1.1926567088888853
0,0,1,0,-0.46303730927815856,1,2,1,2,0,2,0,2,2,0,1,2,1.300798441211109,-0.011265298571064342
0,0,1,1,-1.318164947398796,1,2,0,0,2,2,2,2,0,2,0,3,0.2854404741096075,-1.005779833710855
1,1,0,0,-0.9516816739185228,1,2,1,0,0,0,0,0,2,0,1,2,0.6344178441444933,-0.6571791505679636
1,0,1,0,1.4915401492832983,1,2,1,2,2,2,2,2,2,2,1,0,1.5882893222398482,2.4383146204497237
1,0,0,0,-1.0331224013585834,1,0,2,1,1,1,1,1,1,0,0,3,-1.462769970065154,-0.9435289238944127
0,0,1,0,1.4100994218432374,1,2,1,2,0,2,2,2,2,1,1,2,1.5450826002355291,2.308231836896371
0,0,1,0,0.5142514200025698,1,0,0,0,2,0,2,0,0,1,1,1,-0.35268957395418365,0.017676300890017475
1,1,1,0,-0.62591876415828,1,2,1,0,0,0,0,2,2,0,1,2,0.9983513871808745,-0.3158138672903427
0,0,0,0,0.10704778280226633,1,0,2,1,1,1,1,1,1,1,0,3,-1.451137391063991,-0.6788632910178443
0,1,0,0,-1.1960038562387048,1,0,1,0,0,2,0,2,0,0,1,2,0.7341256641544608,-0.9083004678430808
0,0,0,0,-0.8295205827584317,1,2,1,0,0,0,0,0,2,0,1,2,0.7241548821534641,-0.5350817778415254
1,0,0,0,0.06632741908223598,0,1,0,0,0,0,0,0,0,0,1,0,-1.3198554280508674,-0.6295831590086548
0,0,1,0,0.9621754209229036,1,0,1,2,2,2,0,2,2,1,1,1,1.3572995392167568,1.6716048853362973
1,1,1,0,-1.0331224013585834,1,0,1,0,0,0,0,2,2,0,1,2,0.8055829351616043,-0.7386656356359786
0,0,0,0,-1.2774445836787656,1,2,2,1,1,1,1,1,1,0,1,2,-1.2982520670487077,-0.994441432702474
0,0,0,0,0.8400143297628127,1,0,2,1,1,1,1,1,1,2,0,3,-1.479387940066815,-0.5432216026899547
0,1,1,0,0.3920903288424788,1,2,1,2,0,2,0,2,2,1,1,0,1.3440051632154282,1.0232865864329515
1,0,0,0,0.7992939660427822,1,0,1,2,0,2,0,2,0,1,0,2,0.8803638001690798,1.0846771895580967
0,0,1,0,1.6137012404433893,1,2,1,2,2,2,2,2,2,2,1,1,1.7411746462551319,2.7572898706076816
0,0,1,1,-1.2367242199587352,0,1,0,0,0,0,0,0,0,0,1,3,-1.341458789053027,-0.9896545980355115
0,0,0,0,-1.2367242199587352,1,2,1,0,2,0,0,0,0,0,0,2,0.4915033021302069,-0.938830325811173
0,0,1,1,0.7992939660427822,1,2,1,0,0,2,0,2,2,1,0,0,1.2127232002023045,1.332974936154084
1,0,1,0,-1.0738427650786138,1,2,2,1,1,1,1,1,1,1,0,3,-1.3181936310507012,-0.9303375546278525
1,0,1,0,1.6137012404433893,1,2,1,2,2,2,2,2,2,2,0,1,1.6963061272506461,2.6702224216191985
0,1,0,0,-1.2774445836787656,1,0,1,0,0,0,0,2,2,0,1,2,0.8820255971692458,-0.9654998332413922
0,0,0,0,0.7178532386027215,1,2,1,2,2,0,2,2,2,2,1,2,1.4919050962302134,1.4432927249535266
0,0,0,0,1.4508197855632678,1,0,0,2,2,2,2,2,2,2,1,1,0.5878875281398422,1.485403634535238
1,0,1,0,-1.2774445836787656,1,0,1,0,0,0,0,0,0,0,1,2,0.14584952609565352,-0.9752720348886934
1,0,0,0,-1.1960038562387048,1,0,0,0,0,0,2,0,2,0,0,3,-0.13665596393258767,-0.9189109170357486
1,0,1,0,-0.4223169455581282,1,0,0,2,0,0,0,2,0,1,1,0,-0.16656830993557784,-0.3994400895136359
0,0,1,1,1.6137012404433893,1,2,0,2,2,2,2,0,2,2,1,0,0.4898415051300408,1.4920654966063098
0,0,1,0,1.2879383306831464,1,0,2,1,1,1,1,1,1,1,0,0,-1.4943441130683104,-0.4160726855453855
1,0,0,0,-1.0738427650786138,1,0,2,1,1,1,1,1,1,1,0,3,-1.4677553610656522,-0.9543379054004568
1,0,1,1,1.4508197855632678,1,0,2,1,1,1,1,1,1,2,1,0,-1.4893587220678117,-0.4308081950270948
1,0,0,0,1.369379058123207,1,2,1,0,2,0,2,2,2,1,1,2,1.3124310202122718,2.0209996977326945
0,1,0,0,-1.2774445836787656,1,0,1,0,0,0,0,2,0,0,0,2,0.45494376812655235,-0.9711690337455829
0,0,0,0,-1.0738427650786138,1,0,1,0,0,0,0,2,2,0,1,2,0.8222009051632655,-0.7528496664694204
0,1,0,0,-1.1960038562387048,1,0,1,0,0,0,0,0,0,0,1,2,0.1873944510998066,-0.9154696902705591
1,0,0,0,0.06632741908223598,1,2,1,2,2,2,2,2,2,1,0,1,1.7112623002521414,0.7144144251112554
0,0,1,0,1.125056875803025,1,0,1,2,0,0,2,2,2,2,1,2,1.0781176431888486,1.4700284098215382
0,0,0,0,-0.9109613101984924,1,0,1,0,0,0,0,0,2,0,1,0,0.5147684601325326,-0.632539084563369
0,0,1,1,0.6771328748826912,1,2,2,1,1,1,1,1,1,2,0,3,-1.3132082400502028,-0.4712205503721417
0,0,0,0,0.6364125111626608,1,2,0,0,2,2,2,2,0,1,1,0,0.3020584441112687,0.5742726710135025
0,1,0,0,-0.748079855318371,0,1,0,2,0,2,2,0,0,2,0,3,-0.8329489070021932,-0.7003268400084178
1,1,1,0,1.4508197855632678,1,2,1,0,0,2,0,0,0,0,1,1,0.5180920541328647,1.460123853298653
0,0,0,0,0.18848851024232702,0,1,0,0,0,2,0,0,2,0,1,1,-0.8163309370005319,-0.3533364745184677
0,0,1,0,1.4915401492832983,1,2,1,2,2,2,2,2,2,2,0,1,1.611554480242174,2.4774254861848592
0,0,0,0,-0.7888002190384014,0,1,0,0,0,2,2,0,0,2,0,3,-0.9758634490164798,-0.807071047167087
1,0,0,1,-0.9924020376385531,1,0,2,1,1,1,1,1,1,0,0,0,-1.505976692069473,-0.9355435130674984
1,0,1,1,-0.7888002190384014,1,2,0,0,2,2,2,2,0,0,1,2,0.2671607071077802,-0.5954576602538582
1,0,1,0,1.002895784642934,1,0,0,2,2,0,2,0,0,2,1,2,-0.16656830993557784,0.5163674129454084
1,0,1,0,1.6137012404433893,1,2,0,2,2,2,2,2,2,2,0,1,0.8338334841644282,1.8896595428612915
0,0,1,1,-0.9924020376385531,1,0,2,1,1,1,1,1,1,2,0,3,-1.5192710680708021,-0.9167932390264013
1,0,1,0,0.5142514200025698,1,0,0,2,0,2,0,0,0,2,0,1,-0.3809401229570078,0.007286443156656526
1,0,0,0,-0.46303730927815856,0,1,0,2,0,0,2,2,0,0,1,3,-0.7049905379894018,-0.5595233115327438
1,0,0,0,0.26992923768238775,0,1,0,0,0,0,2,0,2,0,1,2,-0.803036560999203,-0.3464319618421578
1,0,0,1,-0.7073594915983407,1,2,2,1,1,1,1,1,1,0,1,2,-1.328164413051698,-0.8627703906421108
1,0,1,1,0.880734693482843,1,2,0,0,0,2,0,0,2,2,0,1,-0.046918925923616905,0.49825685413630166
1,0,0,0,1.125056875803025,1,2,1,0,0,2,0,2,0,2,1,2,0.8238627021634315,1.3021362501429614
0,0,0,0,-1.2367242199587352,0,1,0,0,0,0,0,2,2,0,1,2,-0.6484894399837535,-0.9680586941693538
1,0,1,0,0.18848851024232702,1,0,1,0,0,2,2,0,2,0,1,2,0.8504514541660894,0.5027569199061651
0,0,1,0,-0.8295205827584317,1,0,0,2,0,0,2,0,0,0,0,0,-0.3510277769540174,-0.7011430284078537
0,0,0,0,-0.0965540357978854,1,2,1,2,0,0,2,2,2,0,0,0,1.3838882912194153,0.4112555825856111
1,0,1,0,1.1657772395230555,1,2,1,2,2,0,0,2,2,0,1,2,1.3772411032187506,1.8068495090374344
1,1,1,0,1.6137012404433893,0,1,0,2,2,2,2,2,2,2,1,0,0.001273187081200524,1.082052151192343
1,0,1,0,-1.2774445836787656,1,0,2,1,1,1,1,1,1,1,1,2,-1.481049737066981,-0.9968679387548512
0,1,1,0,0.22920887396235737,1,2,1,2,2,0,0,0,2,1,0,1,1.0049985751815391,0.5786183227618509
0,0,0,0,-0.30015585439803716,1,0,0,0,2,0,2,0,2,0,1,0,0.034509127084522986,-0.26474694446076646
0,0,1,0,1.5729808767233588,1,2,2,1,1,1,1,1,1,2,1,0,-1.3331498040521963,-0.25129086544303797
0,0,1,1,-0.2594354906780068,1,0,2,1,1,1,1,1,1,0,1,1,-1.479387940066815,-0.7878575310614452
0,0,0,0,-0.5037576729981889,1,2,1,2,0,0,0,2,0,0,1,0,0.8089065291619363,-0.17668683390540219
1,0,0,0,-0.1779947632379461,1,2,1,2,2,0,0,0,2,0,1,1,0.9883806051798778,0.1675020200513487
1,0,1,0,-0.055833672077855064,1,0,1,0,0,2,0,2,2,1,1,2,0.9651154471775519,0.2912097104307283
1,1,0,0,-0.015113308357824713,1,2,1,0,0,0,0,2,2,0,1,1,1.04321990618536,0.3262616933146144
0,0,0,0,-0.7888002190384014,0,1,0,0,0,0,0,0,2,0,1,2,-0.9858342310174765,-0.8089681337171275
1,0,0,0,-0.7073594915983407,1,2,2,1,1,1,1,1,1,0,1,2,-1.2766487060465481,-0.8387479807235758
1,0,0,0,1.125056875803025,0,1,0,2,2,2,0,0,0,2,0,0,-0.8362725010025254,0.0638681524689084
0,0,0,0,-1.1960038562387048,1,2,1,0,0,0,0,0,0,0,0,2,0.3485887601159204,-0.899013567406255
0,0,0,0,0.880734693482843,1,0,1,2,2,0,0,2,2,1,1,1,1.1728400721983174,1.332335220922093
0,0,1,1,-1.1960038562387048,1,0,2,1,1,1,1,1,1,2,0,3,-1.517609271070636,-0.9828383219429244
0,0,0,0,-0.9516816739185228,1,0,1,0,0,0,0,0,0,0,0,2,0.2073360151017999,-0.709062261796976
0,0,1,0,-0.62591876415828,1,2,1,2,0,2,0,2,2,0,1,2,1.3107692232121058,-0.23657741510725944
0,1,0,0,-0.7073594915983407,1,0,1,2,0,2,2,0,2,0,1,3,1.0482052971858582,-0.37632210457825965
0,0,1,1,-0.5444780367182193,1,2,2,1,1,1,1,1,1,2,0,3,-1.3015756610490399,-0.7914090535562882
0,0,1,0,-1.1552834925186746,1,2,1,0,0,0,0,0,2,0,1,2,0.7042133181514708,-0.8375567868433179
0,0,0,1,-1.2774445836787656,1,0,1,0,0,0,0,2,0,0,1,2,0.48485611412954227,-0.9707719691188302
1,0,1,0,1.6137012404433893,0,1,0,2,0,2,2,2,2,2,0,0,-0.12668518193159078,1.0011833222103876
1,0,1,1,-0.30015585439803716,1,2,0,0,0,0,2,0,0,1,1,3,-0.32111543095102724,-0.3589615567307968
1,0,0,0,-0.9516816739185228,1,2,1,0,0,0,0,0,0,0,1,2,0.3818247001192428,-0.7036357118980231
0,0,0,0,-1.1145631287986442,1,0,2,1,1,1,1,1,1,0,1,3,-1.4710789550659844,-0.9597644552994096
1,0,1,1,1.1657772395230555,0,1,0,2,0,2,0,0,0,0,0,0,-1.03568814102246,-0.07170735842118915
0,0,1,0,1.5729808767233588,1,2,1,2,0,2,0,2,2,1,1,1,1.3074456292117733,2.2643782547861346
0,0,1,1,1.125056875803025,1,0,2,1,1,1,1,1,1,2,1,1,-1.5126238800701375,-0.5190447787499047
1,0,0,0,0.9214550572028734,1,0,0,2,0,2,2,0,0,2,1,2,-0.18484807693740507,0.3953509383695746
0,1,1,0,1.125056875803025,1,0,0,2,2,2,2,0,2,1,1,1,0.33529438411459117,0.9602856656548654
0,0,0,0,-0.0965540357978854,1,0,0,2,2,2,2,2,2,1,0,0,0.684271754149477,0.11058942355013629
0,0,1,0,0.35136996512244845,1,2,1,2,2,2,2,2,2,0,1,0,1.6231870592433366,1.0214336181747725
0,0,0,0,-0.8702409464784621,1,0,0,2,0,0,2,0,0,1,1,3,-0.33773340095268845,-0.7331949674451644
1,1,0,0,0.22920887396235737,1,0,0,0,2,2,2,2,0,1,1,1,0.179085466098976,0.09600832808994188
0,1,0,0,-1.2367242199587352,1,0,0,0,0,0,0,0,0,0,0,2,-0.6916961619880726,-0.9682351673367995
1,0,1,1,1.6137012404433893,1,2,1,2,2,0,2,0,2,2,1,1,1.0963974101906757,2.078794660071135
0,0,1,1,0.35136996512244845,1,2,1,2,2,2,0,0,2,1,1,0,1.2243557792034672,0.728311687047598
0,0,0,0,-1.2774445836787656,1,2,1,0,0,0,0,2,2,0,1,2,0.966777244177718,-0.9643748167989264
1,0,0,1,-1.2367242199587352,1,0,2,1,1,1,1,1,1,0,0,3,-1.4744025490663168,-0.9868530865023123
1,0,1,1,0.5956921474426305,1,2,1,0,2,0,0,2,2,0,1,2,1.1495749141959914,1.0894640242250588
0,1,0,1,-0.8702409464784621,1,0,1,0,2,0,0,2,2,0,1,2,1.0049985751815391,-0.5115226099875352
1,0,0,0,-1.2774445836787656,0,1,0,0,0,0,0,0,0,0,1,2,-1.341458789053027,-0.9950149704966722
1,0,1,1,-1.1145631287986442,1,0,2,1,1,1,1,1,1,0,0,3,-1.505976692069473,-0.967816043564116
0,0,1,0,1.125056875803025,0,1,0,2,2,2,0,0,2,1,0,2,-0.4889569279678058,0.27872423383395056
0,0,0,0,0.7178532386027215,1,0,2,1,1,1,1,1,1,2,0,1,-1.5076384890696393,-0.5540305841959988
1,0,0,0,0.9621754209229036,1,2,1,2,2,0,0,0,0,0,1,2,0.719169491152966,1.165898964874943
0,0,0,0,0.22920887396235737,1,0,1,2,2,2,0,0,0,0,1,1,0.6360796411446599,0.42082925191953596
1,0,1,0,0.880734693482843,1,2,1,2,2,2,0,2,2,0,0,2,1.4885815022298807,1.6937963861425842
1,0,0,0,0.6364125111626608,1,2,1,0,2,2,0,2,2,1,1,1,1.3739175092184182,1.2366647050206367
1,0,0,0,-1.1552834925186746,1,2,1,0,0,0,0,0,2,0,1,2,0.6942425361504742,-0.8562629425925535
1,0,1,0,-1.2774445836787656,1,0,1,0,0,2,0,0,0,0,0,1,0.35191235411625243,-0.9725367007932865
0,1,1,0,-0.1779947632379461,1,2,1,0,2,2,2,2,2,0,1,2,1.5317882242341998,0.4079467106960058
1,0,0,0,-0.9109613101984924,1,2,1,2,0,0,0,2,2,0,0,2,1.1229861621933337,-0.5608248011426552
1,0,1,1,-0.5851984004382496,1,0,2,1,1,1,1,1,1,1,0,0,-1.4943441130683104,-0.8547629206692658
1,0,1,1,1.4100994218432374,1,2,1,2,0,0,2,2,2,2,0,0,1.3240635992134344,2.0320954481358373
1,0,0,0,-1.2774445836787656,1,0,1,0,0,0,0,0,0,0,1,2,0.18407085709947407,-0.9747646745322872
1,0,1,1,1.369379058123207,1,0,0,2,2,2,2,0,0,2,0,3,0.03617092408468901,0.8017686429968373
1,0,1,0,-0.9516816739185228,1,0,0,2,2,0,2,2,0,0,1,3,0.13920233809498894,-0.7437833574919017
1,0,1,1,1.4508197855632678,1,2,1,0,2,0,0,2,2,1,1,1,1.2060760122016398,1.9812491167655681
0,0,1,0,1.002895784642934,1,2,0,0,2,2,2,2,0,1,0,0,0.32698539911376057,0.9217262785679972
0,0,1,1,-0.748079855318371,1,2,1,0,0,0,2,2,0,0,1,2,0.893658176170409,-0.4318008565939764
1,1,1,1,1.369379058123207,1,2,1,2,2,2,2,2,2,1,1,2,1.7112623002521414,2.462910568162457
0,0,0,0,0.10704778280226633,1,2,2,1,1,1,1,1,1,2,0,0,-1.3780183230566818,-0.6541129292835961
1,1,0,0,-1.1960038562387048,1,2,1,0,0,0,0,0,0,0,1,2,0.37517751211857825,-0.9035136331761183
1,0,1,0,-0.4223169455581282,1,0,0,2,0,0,2,0,0,1,1,1,-0.28289409994720643,-0.43568326627778003
0,0,0,1,0.18848851024232702,1,0,2,1,1,1,1,1,1,1,0,0,-1.477726143066649,-0.6725102569898018
1,0,0,1,-0.21871512695797646,1,2,2,1,1,1,1,1,1,2,1,1,-1.2932666760482092,-0.6578850432377462
1,0,0,0,-0.9924020376385531,0,1,0,2,0,0,0,0,0,0,1,2,-1.140381352032926,-0.9058739617907036
1,0,1,0,1.4100994218432374,1,2,2,1,1,1,1,1,1,2,0,1,-1.3265026160515319,-0.30716668208550735
1,0,1,0,0.8400143297628127,1,2,1,2,0,2,0,0,2,0,0,2,0.9684390411778845,1.2130173005829235
0,0,1,1,1.6137012404433893,1,2,1,2,2,2,2,0,2,2,0,1,1.4187860282229037,2.3729313119111217
1,0,0,0,-1.1960038562387048,1,2,1,0,0,2,0,0,2,0,0,2,0.9003053641710731,-0.8923737644811136
0,0,0,0,-1.0738427650786138,1,0,0,2,0,0,0,0,0,0,1,2,-0.5088984919697991,-0.8669836875148751
0,1,1,0,1.5729808767233588,1,2,1,2,2,2,2,0,0,2,1,1,1.0498670941860242,1.9796829174044883
1,0,1,0,1.247217966963116,1,0,2,1,1,1,1,1,1,2,0,3,-1.5126238800701375,-0.45974979448817643
1,0,0,0,0.880734693482843,1,0,1,2,2,0,2,2,2,1,1,1,1.3506523512160928,1.4839918491956727
1,0,0,0,-1.2774445836787656,1,0,0,0,0,0,0,0,0,0,1,3,-0.6800635829869099,-0.9862354304162525
0,0,1,1,1.1657772395230555,1,2,0,2,2,2,2,0,2,1,1,2,0.48651791112970877,1.1209644846141023
0,0,0,0,-0.7888002190384014,1,0,2,1,1,1,1,1,1,0,0,1,-1.505976692069473,-0.9033812783005342
1,0,0,0,-0.4223169455581282,1,2,2,1,1,1,1,1,1,0,1,1,-1.3265026160515319,-0.7881001816666828
1,0,0,0,-1.1552834925186746,1,0,2,1,1,1,1,1,1,0,1,3,-1.4893587220678117,-0.9796397457829725
0,0,1,0,-0.3408762181180675,0,1,0,2,2,2,0,2,2,1,0,2,-0.23802558094272108,-0.4023518967764886
0,1,1,0,1.5729808767233588,1,2,0,2,2,2,2,0,2,2,1,0,0.5961965131406728,1.5668460013113914
1,0,0,0,1.5322605130033284,1,2,1,2,0,0,2,2,2,2,1,1,1.304122035211441,2.192862503678797
0,1,0,0,-0.30015585439803716,1,2,1,0,2,0,0,0,2,0,1,2,0.82884809316393,-0.040670140096690593
0,0,1,0,1.6137012404433893,1,2,0,0,2,0,2,2,2,2,1,2,0.47156173812821356,1.5222644673854415
0,1,0,0,-1.2774445836787656,1,0,1,0,0,0,0,0,0,0,1,2,0.19237984210030468,-0.9746543788026337
0,0,1,0,0.9621754209229036,1,2,1,0,0,2,0,2,2,1,1,1,1.1645310871974868,1.4275424947590052
0,0,0,1,-0.2594354906780068,1,0,1,0,2,2,2,2,2,2,1,2,1.3523141482162588,0.1921641452018741
1,0,1,0,0.5956921474426305,1,2,1,0,2,0,0,0,0,1,1,2,0.46989994112804756,0.6046922332519411
1,1,0,0,1.002895784642934,1,2,0,0,2,2,0,2,2,2,1,0,0.4981504901308714,0.9522781956820201
0,0,1,1,1.5322605130033284,1,2,0,2,2,2,2,2,0,2,0,2,0.5297246331340278,1.4727637439169452
1,0,1,1,1.6137012404433893,1,2,1,2,2,2,2,2,2,2,1,1,1.5899511192400142,2.5795593318440115
0,0,0,0,-1.2774445836787656,1,0,1,0,0,0,0,0,0,0,0,3,0.21065960910213194,-0.9744117281973961
1,0,1,1,-0.7888002190384014,1,0,2,1,1,1,1,1,1,1,0,3,-1.4876969250676457,-0.9093593068477543
1,0,1,0,0.8400143297628127,1,0,1,0,2,0,0,2,2,1,1,0,0.9800716201790471,1.141876554956408
1,0,1,1,0.26992923768238775,1,0,0,2,2,2,0,0,0,1,0,2,-0.16490651293541178,0.02828675008268525
0,0,1,0,-1.2774445836787656,1,0,1,0,0,0,0,0,0,0,1,2,0.16745288709781284,-0.9749852659915943
1,1,1,0,1.2879383306831464,1,2,1,0,0,2,2,2,2,2,0,2,1.2409737492051283,1.8788726205011779
1,1,1,0,0.6364125111626608,1,2,1,0,0,2,0,0,2,0,1,1,0.8737166121684152,0.9225204078215026
1,0,0,1,-1.2774445836787656,0,1,0,0,0,0,0,0,0,0,0,2,-1.329826210051864,-0.9948605564751573
1,0,0,0,-1.2774445836787656,1,0,1,0,0,0,0,0,2,0,1,2,0.4815325201292102,-0.9708160874106916
0,1,1,0,-1.2774445836787656,1,2,1,0,0,2,0,2,2,0,1,2,1.1977670272008092,-0.9613085955145587
1,0,1,0,1.3286586944031769,1,2,1,0,2,0,0,0,2,0,1,2,0.8604222361670865,1.6108760565890736
1,0,0,0,-1.1552834925186746,1,0,1,2,2,0,2,0,2,0,1,3,1.001674981181207,-0.8467113324045594
0,0,1,0,0.9214550572028734,1,0,1,2,0,0,0,2,2,1,1,2,0.9966895901807084,1.3219453631887326
1,0,1,0,0.6771328748826912,1,2,0,2,0,0,0,0,0,1,1,2,-0.31280644595019663,0.156273914772621
0,0,1,0,-0.055833672077855064,1,0,2,1,1,1,1,1,1,0,1,3,-1.502653098069141,-0.7150623494901269
0,0,1,1,1.6137012404433893,1,2,1,2,2,2,2,2,2,2,1,0,1.7312038642541347,2.734436595423474
0,0,1,0,-0.0965540357978854,1,2,1,0,0,2,0,2,2,0,1,2,1.1728400721983174,0.3381295138253324
0,0,1,0,1.6137012404433893,0,1,0,0,2,2,0,2,2,2,1,2,-0.3510277769540174,0.7313558491860348
0,0,0,1,-0.9516816739185228,1,0,1,2,0,2,2,0,2,0,0,0,0.9385266951748941,-0.6218403987869783
0,0,0,1,-0.9924020376385531,1,2,1,0,0,2,0,2,2,0,1,2,1.1595456961969886,-0.6437892489880273
0,0,1,1,1.0843365120829946,1,2,1,0,2,2,0,2,2,1,1,2,1.3755793062185846,1.7543487417223624
0,0,0,0,-0.4223169455581282,1,0,1,0,2,0,0,0,2,0,1,3,0.6493740171459885,-0.1870987507846937
1,1,0,0,1.2064976032430856,1,2,1,0,2,2,2,2,2,1,1,0,1.5284646302338678,2.1060377052955523
0,1,1,0,-1.2774445836787656,1,0,0,0,0,0,0,0,0,0,0,2,-0.6235624849812617,-0.9854854194546088
0,0,0,0,-1.2774445836787656,1,0,1,0,2,0,0,0,0,0,1,2,0.3303089931140931,-0.9728234696903856
0,0,1,1,1.5729808767233588,1,0,2,1,1,1,1,1,1,2,0,0,-1.4926823160681442,-0.4206168696071103
0,0,0,0,-0.38159658183809786,1,2,2,1,1,1,1,1,1,1,0,1,-1.328164413051698,-0.7342979247416996
0,0,0,0,1.4100994218432374,1,2,0,2,0,2,2,2,2,2,1,3,0.6809481601491449,1.5152275998335476
1,0,0,0,-0.2594354906780068,1,0,2,1,1,1,1,1,1,1,0,1,-1.4943441130683104,-0.8040268850286502
1,0,1,1,1.2064976032430856,1,2,1,0,0,2,0,2,0,2,1,1,0.8089065291619363,1.3817477078068667
0,0,0,0,-1.2367242199587352,1,0,2,1,1,1,1,1,1,0,0,3,-1.4760643460664828,-0.9857942474976384
1,1,0,0,-1.2774445836787656,1,0,0,0,0,0,0,0,0,0,0,2,-0.6900343649879066,-0.9863677852918369
0,0,0,0,-1.2367242199587352,1,0,2,1,1,1,1,1,1,1,0,3,-1.4727407520661506,-0.990426668143086
1,1,1,0,1.5729808767233588,0,1,0,0,2,2,0,2,2,0,1,0,-0.41417606296033027,0.6552959140169727
1,0,1,0,-0.7888002190384014,1,0,1,0,0,2,0,2,2,0,1,3,1.0598378761870213,-0.4927502768005074
0,0,1,1,1.5729808767233588,1,2,1,2,2,2,2,0,0,1,1,1,1.0099839661820376,1.9814035307870834
0,0,0,0,1.6137012404433893,1,2,1,0,2,2,2,2,2,2,1,1,1.438727592224897,2.4383587387415853
1,0,1,0,0.14776814652229667,1,0,1,2,0,0,0,2,2,0,1,2,0.9584682591768874,0.47926392948996693
1,1,1,0,-0.5444780367182193,1,0,0,2,0,2,0,2,0,0,0,0,0.05445069108651675,-0.43839654122725646
1,0,1,0,0.880734693482843,1,0,0,2,2,0,0,2,2,2,1,0,0.32532360211359457,0.8434163105140033
0,1,1,0,1.4100994218432374,1,2,1,2,2,2,2,0,2,1,1,1,1.3506523512160928,2.098206708490153
0,0,1,1,1.125056875803025,1,2,1,2,2,0,0,2,0,1,0,0,0.9767480261787151,1.558287052690279
1,0,1,1,1.0436161483629645,0,1,0,2,2,2,0,2,0,1,0,3,-0.4906187249679718,0.28240811120437787
0,0,1,1,-0.0965540357978854,1,0,2,1,1,1,1,1,1,2,0,3,-1.4976677070686424,-0.7414009697313858
0,0,0,0,1.6137012404433893,1,2,0,2,2,0,0,0,0,2,0,0,-0.16656830993557784,0.8758653141780668
0,0,1,1,1.3286586944031769,1,2,1,2,0,2,0,2,2,2,1,1,1.3140928172124378,1.9613076488442134
0,1,1,0,0.6364125111626608,1,0,0,0,2,0,0,0,2,1,1,0,-0.1931570619382357,0.22498815434675926
0,1,0,0,-1.1552834925186746,1,2,1,0,0,0,0,0,0,0,1,2,0.33695618111475767,-0.8638292296467845
0,0,1,1,-1.1145631287986442,1,0,1,0,0,0,0,2,0,0,1,2,0.534710024134526,-0.848674596392392
1,0,1,0,1.1657772395230555,0,1,0,2,0,2,2,2,2,2,1,3,-0.08680205392760396,0.6613842382938465
1,0,0,0,-0.9516816739185228,1,0,1,0,0,0,2,2,0,0,0,2,0.7141841001524675,-0.6658483949187297
0,1,0,0,-1.2774445836787656,1,2,1,0,0,0,0,2,0,0,1,2,0.6959043331506402,-0.967970457585631
1,0,1,0,-0.38159658183809786,1,0,1,0,2,2,2,0,0,1,0,3,0.7324638671542947,-0.14953202526470744
0,0,0,0,-1.2774445836787656,1,0,2,1,1,1,1,1,1,0,0,3,-1.4993295040688086,-0.9971105893600889
0,0,0,0,-0.1779947632379461,0,1,0,0,0,2,0,0,0,0,1,3,-1.1636465100352518,-0.656936499962726
1,0,0,0,-0.8295205827584317,1,0,1,0,0,2,0,2,2,1,0,2,1.0282637331838649,-0.48341925807182023
1,0,1,0,1.6137012404433893,1,0,2,1,1,1,1,1,1,2,0,1,-1.5109620830699715,-0.430124361503243
0,0,1,0,-1.2774445836787656,1,0,1,0,2,0,0,0,0,0,1,2,0.3303089931140931,-0.9728234696903856
1,0,0,0,1.5729808767233588,1,2,1,2,2,2,2,2,2,1,1,0,1.7129240972523074,2.660251687658521
0,0,0,0,-0.4223169455581282,1,2,0,2,0,0,2,0,0,0,1,3,-0.18983346793790365,-0.45275704522814375
1,0,1,1,-0.055833672077855064,1,0,2,1,1,1,1,1,1,0,1,2,-1.4660935640654862,-0.6960473656978615
0,0,1,0,0.5549717837226001,1,0,0,0,2,0,2,2,0,2,1,1,-0.018668376920792765,0.3219601598581274
0,0,1,0,-0.6666391278783103,1,2,1,0,0,0,0,2,0,0,1,2,0.6709773781481484,-0.3977194761310411
1,1,0,0,0.26992923768238775,1,2,1,0,0,0,0,2,2,0,1,0,1.0266019361836989,0.6526488165052885
1,0,0,0,0.880734693482843,0,1,0,2,2,0,0,0,2,2,0,0,-0.6169152969805971,0.06715496521258299
0,0,1,0,-0.748079855318371,1,2,0,2,0,0,0,2,0,0,1,0,-0.0020504069191315333,-0.5906267072950343
1,0,0,1,0.6771328748826912,1,2,1,2,2,2,0,2,2,1,1,1,1.476948923228718,1.328276338070844
0,0,0,0,-0.7073594915983407,1,2,2,1,1,1,1,1,1,2,0,0,-1.3198554280508674,-0.8429392184504093
1,0,0,1,0.7992939660427822,1,0,2,1,1,1,1,1,1,1,0,1,-1.4993295040688086,-0.5961856120695713
0,0,1,1,-1.0738427650786138,1,0,2,1,1,1,1,1,1,2,0,3,-1.4843733310673135,-0.9615071278279351
0,0,1,0,-1.1960038562387048,1,2,1,0,0,0,0,2,2,0,1,2,1.0116457631822036,-0.8765794159947307
1,1,1,0,-1.0738427650786138,1,0,1,0,2,0,0,0,2,0,1,2,0.6460504231456565,-0.7767397215123711
1,0,0,0,-1.2774445836787656,1,0,1,0,0,0,0,0,2,0,0,2,0.4931650991303729,-0.9706616733891767
0,0,0,0,-0.748079855318371,1,0,0,2,0,0,2,0,0,1,0,3,-0.3011738669490337,-0.6549732359748934
1,0,1,1,0.5956921474426305,1,0,2,1,1,1,1,1,1,1,0,3,-1.4860351280674797,-0.5859722275036561
1,1,1,0,-1.1960038562387048,0,1,0,0,0,0,0,2,0,0,1,3,-0.9409657120129912,-0.9644409942367187
1,0,0,0,-1.2774445836787656,1,0,0,0,0,0,2,0,0,0,0,1,-0.5238546649712943,-0.9841618706987666
0,0,1,0,1.5729808767233588,1,2,2,1,1,1,1,1,1,2,0,1,-1.3198554280508674,-0.17913539910371015
0,0,0,0,-1.2367242199587352,1,0,1,0,0,0,0,0,0,0,1,2,0.16412929309748078,-0.9461319031142356
1,0,0,0,-0.7888002190384014,1,0,2,1,1,1,1,1,1,1,1,3,-1.4893587220678117,-0.8923958236270443
0,0,1,1,0.880734693482843,1,2,0,0,2,2,2,2,2,0,1,2,0.7125223031523015,0.9901537492450364
0,0,0,0,-1.1145631287986442,1,0,0,2,0,2,0,0,0,0,0,1,-0.29785027294870164,-0.8732484849591945
0,0,0,0,-0.4223169455581282,0,1,0,0,2,0,0,2,2,0,1,2,-0.47898614596680894,-0.5209859835918066
1,1,1,0,-0.7888002190384014,1,0,1,0,2,2,0,2,2,0,1,2,1.1047063951915064,-0.4596615579044537
1,1,0,0,-1.1552834925186746,1,0,1,0,0,0,0,0,0,0,1,2,0.19570343610063723,-0.8761382330761166
1,0,1,0,0.6364125111626608,1,2,1,2,2,2,0,2,2,0,1,0,1.5517297882361936,1.3391514970146805
1,0,1,1,-0.13727439951791576,1,0,2,1,1,1,1,1,1,0,1,3,-1.4660935640654862,-0.7168711994564446
0,0,1,1,-0.7888002190384014,1,0,2,1,1,1,1,1,1,0,0,3,-1.5275800530716328,-0.894932625409075
1,0,0,0,-1.2774445836787656,1,2,0,0,2,0,2,0,0,0,0,3,-0.1549357309344149,-0.9792647403021507
0,0,1,1,1.5729808767233588,1,2,0,2,2,2,2,2,2,2,0,0,0.8354952811645946,1.7925110641824777
1,0,1,0,1.6137012404433893,1,2,1,2,2,0,2,2,2,2,1,1,1.5018758782312098,2.4585649164141086
1,0,0,0,1.2879383306831464,1,2,0,0,2,2,2,2,2,2,0,1,0.7241548821534641,1.4792050145287106
1,0,0,0,0.5549717837226001,0,1,0,2,0,2,2,2,2,2,1,0,-0.13333236993225536,0.27073882300703633
0,0,1,1,0.3920903288424788,1,0,1,0,0,2,2,2,2,2,1,2,1.1844726511994805,0.8929170339824997
1,1,0,0,-0.46303730927815856,1,2,1,0,2,2,0,2,2,0,1,2,1.3157546142126038,-0.0034784200575263256
0,0,0,0,-0.30015585439803716,1,2,1,0,0,0,0,2,0,0,1,3,0.6593447991469852,-0.08456784049878853
1,0,1,1,-0.3408762181180675,1,0,2,1,1,1,1,1,1,1,0,3,-1.479387940066815,-0.8117696452503267
0,0,1,1,0.35136996512244845,0,1,0,2,0,2,0,0,0,1,0,1,-0.9758634490164798,-0.38265307946037125
1,0,0,0,0.9621754209229036,1,2,0,2,2,0,2,0,0,1,1,0,-0.003712203919297562,0.6113982136148748
1,0,0,0,-1.2774445836787656,0,1,0,0,0,0,0,0,0,0,0,3,-1.341458789053027,-0.9950149704966722
1,0,0,0,-1.2774445836787656,0,1,0,0,0,0,0,0,0,0,1,2,-1.3464441800535252,-0.9950811479344643
0,0,0,0,-0.055833672077855064,1,0,2,1,1,1,1,1,1,1,0,3,-1.4561227820644893,-0.7043416045678056
1,0,1,1,1.0436161483629645,1,2,1,0,0,2,2,0,2,2,0,0,0.9833952141793793,1.4488075114362022
1,0,0,0,-1.0738427650786138,1,0,0,2,0,0,0,0,2,0,1,0,-0.18650987393757135,-0.8572335450135045
1,0,1,0,-0.62591876415828,1,0,1,2,0,2,0,2,0,0,1,2,0.8188773111629334,-0.32660078965045625
0,1,0,0,0.5142514200025698,1,2,1,2,2,0,2,2,0,0,1,2,1.07313225218835,0.9288293235576836
0,1,0,0,1.0843365120829946,1,2,1,0,2,0,0,0,0,2,1,1,0.47987072312904416,1.019404176749148
0,1,0,0,-1.2367242199587352,1,0,1,0,0,0,0,0,0,0,1,2,0.1857326540996401,-0.9444333488775714
1,0,1,0,-1.1552834925186746,1,2,0,0,0,2,0,2,0,0,0,2,0.0278619390838584,-0.8954399857654812
0,0,0,0,-0.5851984004382496,1,2,1,0,0,0,0,0,0,0,1,2,0.31202922611226586,-0.4120579209859977
0,1,0,0,-0.5851984004382496,1,0,2,1,1,1,1,1,1,1,0,0,-1.4760643460664828,-0.8427186269911023
0,0,0,0,-1.2774445836787656,0,1,0,0,0,2,2,0,0,0,0,3,-0.9592454790148186,-0.9899413669326106
1,0,1,0,0.3920903288424788,1,2,1,2,0,2,0,0,2,0,1,2,0.9850570111795457,0.7653931113571087
1,0,0,0,-0.5037576729981889,1,2,1,0,0,0,0,2,0,0,1,2,0.6809481601491449,-0.24054806137478588
0,0,1,0,1.4915401492832983,1,2,1,0,2,2,0,0,0,0,1,0,0.6859335511496436,1.5836991888024479
0,0,1,0,-1.2774445836787656,1,0,0,0,0,0,0,2,0,0,1,3,-0.31446824295036285,-0.981382418311498
1,0,0,0,-0.5037576729981889,1,0,2,1,1,1,1,1,1,0,0,3,-1.5076384890696393,-0.8225124493185787
0,0,1,0,1.0436161483629645,1,2,1,2,2,2,0,2,2,2,1,0,1.4852579082295487,1.7050906688591039
0,0,1,0,1.6137012404433893,1,2,1,2,2,2,2,0,0,2,1,0,0.9800716201790471,2.0162128630657317
0,0,1,1,-0.5444780367182193,1,0,0,0,0,2,0,0,0,0,1,0,-0.5039131009693008,-0.5809648013773866
0,0,0,0,-0.6666391278783103,1,2,0,0,0,2,0,0,2,0,1,1,0.014567563082529699,-0.5454716355748863
0,0,0,0,-0.8295205827584317,1,2,1,0,0,0,0,2,2,0,1,2,0.9784098231788811,-0.5442583825486977
1,0,1,1,-1.2774445836787656,1,0,1,0,0,0,0,2,2,0,1,2,0.8421424691652587,-0.9660292527437292
0,0,0,0,-1.2774445836787656,1,0,1,0,2,2,0,0,0,0,1,2,0.5829021371393436,-0.9694704795089186
1,1,0,0,1.6137012404433893,1,2,2,1,1,1,1,1,1,2,0,0,-1.3082228490497045,-0.2075255199165243
0,0,0,1,-0.2594354906780068,1,2,0,0,0,0,0,0,0,0,1,3,-0.5072366949696331,-0.44739667276698303
0,0,1,0,-1.1552834925186746,1,0,1,0,0,2,0,0,0,0,1,2,0.29873485011093664,-0.8621968528479126
1,0,1,1,-0.3408762181180675,1,2,0,2,0,2,2,2,2,1,1,3,0.6659919871476498,-0.12760523420958916
0,0,0,0,0.7178532386027215,1,0,2,1,1,1,1,1,1,1,1,3,-1.5093002860698053,-0.5500378787825417
1,0,0,0,0.758573602322752,1,0,1,2,0,0,0,2,0,1,0,3,0.7175076941527995,0.8768138574530868
1,0,1,1,1.6137012404433893,1,2,1,2,2,2,2,0,2,2,0,1,1.302460238211275,2.310900993553986
0,0,1,1,1.5322605130033284,0,1,0,0,2,2,2,2,2,1,1,0,-0.2114368289400632,0.8088716879865232
0,0,1,0,1.5322605130033284,1,2,1,0,0,2,2,2,2,2,1,0,1.3140928172124378,2.165663576746241
0,1,0,0,-0.7073594915983407,1,0,1,0,0,0,0,2,2,0,1,2,0.8886727851699104,-0.3879913927756013
0,0,0,0,0.5956921474426305,1,2,1,2,0,2,0,2,0,1,0,1,1.001674981181207,1.0303896314226377
1,0,0,0,1.247217966963116,1,0,0,2,2,2,2,2,2,2,1,0,0.7291402731539627,1.3366808726704418
0,0,0,0,1.2879383306831464,1,2,1,2,2,2,2,2,2,2,1,0,1.6730409692483204,2.229877750550516
0,1,0,0,1.0843365120829946,1,2,1,2,2,2,0,0,0,0,1,2,0.830509890164096,1.4193585516187144
0,0,0,1,-1.2774445836787656,1,2,2,1,1,1,1,1,1,0,0,3,-1.3547531650543558,-0.9951914436641178
1,0,0,0,0.3106496014024181,1,2,1,0,0,0,0,2,0,0,1,2,0.6693155811479823,0.4805874782458091
1,0,1,0,0.9214550572028734,1,2,2,1,1,1,1,1,1,2,0,0,-1.2982520670487077,-0.3688661132536822
1,0,0,0,0.7178532386027215,1,0,2,1,1,1,1,1,1,1,0,1,-1.4827115340671475,-0.5694278680556292
0,1,1,1,1.3286586944031769,1,2,1,0,2,2,0,2,2,1,1,2,1.4187860282229037,2.10345678522166
1,0,0,0,1.4508197855632678,1,2,2,1,1,1,1,1,1,2,0,3,-1.3364733980525287,-0.27456326439992906
0,0,0,0,-1.2367242199587352,1,0,0,2,0,0,0,2,2,0,1,2,0.19902703010096928,-0.9409700629664511
1,1,1,0,1.247217966963116,1,0,0,2,2,2,2,2,2,1,1,0,0.6394032351449919,1.3455265901886535
0,0,1,1,1.4100994218432374,1,2,1,0,0,2,2,2,2,2,1,0,1.3589613362169235,1.958042895246469
0,1,0,0,1.125056875803025,1,2,1,0,0,2,2,2,2,1,1,2,1.3705939152180862,1.8360558182496844
1,1,0,0,1.4100994218432374,1,2,0,2,2,0,2,0,0,2,1,0,-0.007035797919630092,0.8692916886907176
0,0,1,0,1.2064976032430856,1,2,1,2,2,2,2,2,2,2,0,3,1.6348196382444997,2.034588131626007
1,0,0,0,1.0843365120829946,1,0,0,0,0,2,0,0,2,1,1,0,-0.11339080593026184,0.6025524960966631
1,0,0,0,-0.055833672077855064,0,1,0,0,0,2,0,2,2,1,1,2,-0.4889569279678058,-0.33368177549421174
0,1,1,0,1.4915401492832983,1,2,1,0,2,0,2,2,2,2,0,1,1.3506523512160928,2.082037354522948
0,0,0,0,-1.1552834925186746,1,0,0,0,0,0,0,2,0,0,0,1,-0.3078210549496983,-0.9054768971639509
0,0,0,0,-1.2774445836787656,1,0,1,0,2,0,0,2,0,0,0,2,0.6493740171459885,-0.9685881136716905
0,0,0,0,-0.1779947632379461,1,0,0,2,2,0,0,0,0,0,0,2,-0.28954128794787104,-0.33401266268317226
0,0,1,0,1.4508197855632678,1,2,1,2,2,0,0,0,0,2,1,0,0.6626683931473177,1.5138378736399134
1,0,0,0,-0.8295205827584317,1,0,2,1,1,1,1,1,1,0,0,3,-1.4727407520661506,-0.8931237754427575
0,1,1,0,1.3286586944031769,1,0,1,0,2,2,2,2,2,2,1,1,1.3656085242175875,1.961395885427936
0,0,0,0,-1.1960038562387048,1,0,1,0,2,0,2,2,2,0,1,2,1.1013828011911744,-0.8666748594718452
1,0,1,0,-0.8702409464784621,1,0,1,0,0,0,0,2,0,0,1,0,0.4898415051300408,-0.6226124688945529
1,0,1,1,0.5956921474426305,1,2,0,0,2,0,0,0,0,0,0,2,-0.3493659799538514,0.11403065031532576
1,0,0,0,-0.30015585439803716,1,2,2,1,1,1,1,1,1,1,0,0,-1.3115464430500368,-0.7073857667062425
1,0,0,0,-1.2774445836787656,1,2,0,0,0,0,0,0,0,0,1,1,-0.4972659129686364,-0.9838089243638752
1,0,0,0,1.247217966963116,1,2,1,0,2,2,0,2,2,2,1,0,1.329048990213933,1.8780123138098805
0,1,1,0,-0.4223169455581282,1,2,2,1,1,1,1,1,1,1,0,0,-1.3015756610490399,-0.7636586479754646
1,0,1,0,1.125056875803025,0,1,0,0,2,2,2,2,2,0,1,0,-0.15161213693408263,0.5747138539321165
0,0,0,0,-1.2774445836787656,1,0,0,0,2,0,0,0,0,0,0,2,-0.47233895796614456,-0.9834780371749148
0,0,1,0,1.2064976032430856,1,0,1,0,2,2,0,2,2,0,1,2,1.1761636661986499,1.7663047988168032
1,1,0,0,0.5956921474426305,1,2,1,0,0,0,0,2,0,0,1,1,0.7075369121518029,0.6996568564836153
1,1,1,0,1.6137012404433893,1,2,1,0,2,2,2,2,2,2,1,0,1.4952286902305454,2.493903668195094
0,0,1,0,-0.2594354906780068,1,0,0,0,2,2,2,2,2,0,0,0,0.5696077611380149,-0.08875907822562201
0,0,1,0,-0.8702409464784621,1,2,1,0,0,2,0,2,2,0,1,2,1.15456030519649,-0.5394715478817352
0,1,1,0,1.5322605130033284,1,2,1,2,2,2,2,2,2,2,1,2,1.624848856243503,2.397791969375023
0,0,0,1,0.43281069256250915,1,0,0,2,2,0,0,0,2,0,1,2,-0.02697736192162338,0.2017598736817297
0,0,1,0,1.4915401492832983,1,2,2,1,1,1,1,1,1,1,1,2,-1.2783105030467143,-0.22773169758904774
1,0,1,1,1.6137012404433893,1,2,1,2,2,2,2,2,2,2,1,2,1.6364814352446657,2.5647797040704408
1,0,1,1,1.125056875803025,1,2,1,0,2,0,2,2,2,0,1,0,1.2958130502106107,1.6280601312690908
0,0,0,0,-0.7888002190384014,1,0,1,0,0,0,0,0,0,0,1,3,0.179085466098976,-0.6145829397757772
1,0,1,0,1.0843365120829946,0,1,0,0,2,0,0,0,2,0,1,0,-0.788080387997708,0.07630951077382452
1,0,0,0,1.4100994218432374,1,0,0,2,0,2,0,0,2,2,0,0,0.02620014208369237,0.9184615249702534
1,0,1,1,-0.8295205827584317,1,0,2,1,1,1,1,1,1,0,0,3,-1.4710789550659844,-0.8930575980049653
1,0,0,0,-1.1960038562387048,1,2,0,0,0,0,0,0,0,0,0,0,-0.4773243489666429,-0.9452274781310767
0,0,0,0,-1.2774445836787656,1,0,0,0,0,0,0,0,0,0,0,3,-0.6451658459834212,-0.9857721883517079
1,0,1,0,0.5142514200025698,1,0,0,2,2,2,2,2,2,2,1,3,0.6510358141461546,0.6963259254480794
1,0,1,1,-0.055833672077855064,1,0,0,0,0,2,2,0,0,0,0,3,-0.34604238595351905,-0.2791515667535152
1,0,0,0,-1.0331224013585834,1,0,2,1,1,1,1,1,1,2,0,3,-1.505976692069473,-0.9328302381180219
0,0,1,1,0.025607055362205634,1,0,2,1,1,1,1,1,1,1,0,3,-1.4843733310673135,-0.7501584506658746
1,0,1,1,0.3106496014024181,1,2,1,2,2,0,2,2,2,0,1,1,1.506861269231708,0.9659107478671946
1,0,1,0,0.025607055362205634,1,0,1,0,0,2,0,2,2,1,1,2,1.0315873271841969,0.3339823943903603
0,0,1,1,-1.2774445836787656,1,0,0,0,0,0,0,0,0,0,1,0,-0.6784017859867437,-0.9862133712703219
0,0,1,1,1.5729808767233588,1,0,2,1,1,1,1,1,1,2,0,0,-1.4843733310673135,-0.39271205000477166
1,0,0,0,-1.1960038562387048,1,0,0,0,0,0,0,2,0,0,0,1,-0.3776165289566755,-0.922528616968384
0,0,0,0,-0.21871512695797646,1,2,1,0,0,0,0,2,2,0,1,3,0.9900424021800438,0.19626714634498466
0,0,0,0,1.1657772395230555,1,2,1,2,2,2,2,2,2,1,1,3,1.6730409692483204,2.079699085054293
1,0,0,0,0.6364125111626608,1,0,2,1,1,1,1,1,1,1,0,0,-1.4893587220678117,-0.5626115919630421
0,0,0,0,0.35136996512244845,1,0,2,1,1,1,1,1,1,2,0,3,-1.4876969250676457,-0.6482893147578906
0,0,1,0,-0.9516816739185228,1,0,1,0,0,2,0,0,0,0,1,0,0.3652067301175816,-0.7164079573918998
0,0,0,0,-0.8702409464784621,0,1,0,0,2,2,2,0,0,1,1,1,-0.8096837489998675,-0.8193359323045577
0,0,0,0,-1.1960038562387048,1,2,0,0,0,0,0,2,0,0,1,2,-0.1499503399339166,-0.9305581460871596
1,1,1,0,1.369379058123207,1,2,0,2,2,2,2,2,0,2,0,1,0.48651791112970877,1.2683416385771256
1,0,0,0,1.4915401492832983,1,2,1,0,2,0,2,2,2,1,1,0,1.327387193213767,2.179715252704099
1,0,1,0,0.22920887396235737,1,2,1,2,0,2,2,2,2,1,1,2,1.5268028332337018,0.9480428396633255
1,0,0,0,-1.2774445836787656,1,0,1,0,0,0,0,0,0,0,1,2,0.16911468409797886,-0.9749632068456637
1,0,1,1,0.6364125111626608,1,2,1,2,2,2,2,2,2,2,0,1,1.5633623672373562,1.3958655612025164
0,0,1,0,-0.5444780367182193,1,0,0,0,0,0,0,0,0,0,0,3,-0.6601220189849164,-0.6353405960965682
0,0,1,1,-0.6666391278783103,1,0,2,1,1,1,1,1,1,0,0,3,-1.5093002860698053,-0.8840574664652386
0,0,0,0,-0.5851984004382496,1,2,0,2,0,2,0,0,0,0,1,3,-0.1383177609327537,-0.49561796577149875
1,0,1,1,-0.30015585439803716,1,0,2,1,1,1,1,1,1,1,0,2,-1.491020519067978,-0.7827839274973836
1,0,1,1,0.9214550572028734,1,0,1,0,2,0,2,0,0,0,0,2,0.48651791112970877,0.8641519076888637
1,0,0,0,-1.1960038562387048,1,0,0,0,0,0,0,0,0,0,1,2,-0.6451658459834212,-0.9433524507269669
1,1,0,0,-0.9924020376385531,1,2,1,0,0,2,0,0,0,0,1,2,0.5480044001358552,-0.7472687025489526
0,0,0,0,0.26992923768238775,1,0,0,0,0,0,2,0,2,1,0,2,-0.18152448293707302,-0.03114058905462716
0,0,0,0,-1.1145631287986442,1,0,2,1,1,1,1,1,1,0,0,3,-1.4827115340671475,-0.9537423084603279
0,0,0,0,1.1657772395230555,1,2,1,2,2,2,2,2,2,1,1,2,1.789366759259949,2.2438411899246504
0,0,0,0,-1.2774445836787656,0,1,0,0,0,0,0,2,0,0,1,2,-0.9642308700153169,-0.9900075443704027
1,0,0,0,-1.1552834925186746,1,2,2,1,1,1,1,1,1,0,0,3,-1.3132082400502028,-0.9608232943040833
0,0,1,0,1.247217966963116,1,2,0,2,2,0,0,2,2,1,1,1,0.4964886931307054,1.1057877922137787
1,0,0,0,-0.8295205827584317,1,2,2,1,1,1,1,1,1,1,0,1,-1.3231790220511994,-0.8820721433314754
0,0,1,0,-1.1960038562387048,1,2,1,0,0,0,0,0,0,0,1,1,0.34526516611558833,-0.9101534361012598
0,0,1,1,-0.7073594915983407,1,2,1,0,2,2,0,2,2,0,1,0,1.3489905542159264,-0.31786536786189806
1,0,0,1,0.7178532386027215,0,1,0,2,2,0,0,2,0,1,1,0,-0.721608507991063,-0.031625890265102576
1,0,1,0,0.3920903288424788,1,2,1,0,2,2,0,2,0,0,1,0,1.0133075601823696,0.7410177551036825
0,0,1,0,-0.9109613101984924,1,0,2,1,1,1,1,1,1,0,1,0,-1.4893587220678117,-0.9229477407410672
1,0,1,0,0.9214550572028734,1,0,0,2,0,0,0,0,2,1,0,1,-0.17653909193657447,0.3870346403536998
0,0,0,0,-0.38159658183809786,1,0,1,2,0,0,0,0,0,0,1,0,0.3402797751150897,-0.22113601295576768
1,0,1,0,-0.9516816739185228,1,2,0,0,2,2,0,0,2,0,1,1,0.142525932095321,-0.7172682640831972
0,1,1,0,1.0843365120829946,1,2,1,2,2,2,2,0,0,1,1,2,0.9734244321783826,1.4136231736767317
0,0,1,0,1.6137012404433893,1,0,0,2,2,2,2,2,2,2,0,3,0.6759627691486464,1.709877503526066
0,0,0,0,-1.2774445836787656,1,0,1,0,0,0,2,2,2,0,1,2,1.0332491241843629,-0.9634924509616984
0,0,1,1,-0.3408762181180675,1,0,2,1,1,1,1,1,1,2,1,1,-1.451137391063991,-0.7893134346928715
0,0,1,1,1.0436161483629645,1,2,0,0,2,0,0,2,0,0,1,0,0.06774506708784545,0.7458928263543678
1,0,1,0,-0.055833672077855064,1,2,0,2,2,0,2,0,2,1,1,0,0.3485887601159204,0.028573518979784423
0,0,1,0,-0.6666391278783103,1,0,2,1,1,1,1,1,1,0,0,3,-1.5009913010689746,-0.8670498649526671
1,0,1,0,0.18848851024232702,1,2,0,2,0,2,0,2,2,1,0,3,0.4815325201292102,0.2788565887095349
1,0,1,0,-0.62591876415828,1,0,1,0,0,0,0,0,0,0,1,2,0.14086413509515497,-0.49857389132621277
1,0,1,0,0.6771328748826912,1,2,1,2,2,0,0,2,0,0,1,0,0.966777244177718,1.0823830383813036
1,0,0,0,-1.2367242199587352,1,0,0,0,0,0,0,0,0,0,1,2,-0.6518130339840859,-0.9623233162273711
1,1,0,0,0.5956921474426305,1,0,1,2,0,0,0,0,2,0,0,3,0.6892571451499756,0.777613878202718
0,0,0,0,-1.2774445836787656,1,0,1,0,0,0,0,0,0,0,1,2,0.1574821050968162,-0.9751176208671786
1,0,1,0,0.9621754209229036,1,0,1,0,0,0,0,2,2,0,0,3,0.82884809316393,1.1793771030386022
0,0,1,1,0.5549717837226001,1,0,1,0,0,2,2,0,2,1,0,0,0.8703930181680831,0.863335719289428
1,0,1,1,1.6137012404433893,1,2,0,2,2,2,2,2,2,2,0,1,0.82884809316393,1.79101104225919
1,0,0,0,0.43281069256250915,1,2,1,0,0,0,2,2,2,1,1,2,1.1711782751981514,0.852284087178146
0,0,0,0,-1.2774445836787656,1,0,1,0,0,0,0,0,0,0,0,2,0.19071804510013865,-0.9746764379485645
1,1,1,0,1.6137012404433893,1,2,1,0,2,2,2,2,2,2,1,0,1.5583769762368582,2.5337645448918735
1,1,0,0,-0.8295205827584317,0,1,0,0,2,0,0,0,0,0,1,1,-1.1769408860365806,-0.8376009051351793
1,1,1,0,1.4508197855632678,0,1,0,2,2,2,0,0,0,2,1,2,-0.7581680419947175,0.3026584071687628
1,1,0,0,0.35136996512244845,1,2,1,0,0,2,0,2,2,0,1,2,1.1180007711928355,0.8417839337151315
0,0,1,1,1.0436161483629645,1,0,1,0,2,2,0,2,0,0,1,2,0.8903345821700764,1.4258659996682717
0,0,0,1,0.26992923768238775,0,1,0,0,0,2,0,0,0,0,0,1,-1.152013931034089,-0.5066695978827807
1,0,0,0,0.6364125111626608,1,2,0,2,0,2,0,2,2,1,1,1,0.464914550127549,0.6188542049394521
1,0,1,1,-0.30015585439803716,1,2,2,1,1,1,1,1,1,0,1,0,-1.3082228490497045,-0.764518954666762
1,0,1,1,-0.6666391278783103,1,0,2,1,1,1,1,1,1,2,0,3,-1.4710789550659844,-0.8775941367075429
1,0,0,0,-0.3408762181180675,1,0,1,0,2,2,0,0,2,0,1,2,0.8238627021634315,-0.04084661326413625
1,0,0,0,0.43281069256250915,1,0,1,2,2,2,2,0,0,1,1,1,0.8604222361670865,0.7070246112244701
0,0,0,0,-1.2774445836787656,0,1,0,0,0,0,0,0,2,0,0,3,-0.9874960280176428,-0.9903163724134325
1,0,0,0,-1.1960038562387048,1,0,0,0,0,0,0,2,0,0,1,1,-0.33440980695235617,-0.9310213881517044
0,0,0,0,-1.1960038562387048,1,0,1,0,0,0,0,0,0,0,1,2,0.18240906009930805,-0.9044401173052079
1,0,1,0,1.002895784642934,1,0,0,2,0,0,2,0,0,0,0,2,-0.3011738669490337,0.39347591096546486
0,1,1,0,1.002895784642934,1,2,1,0,2,2,0,0,2,0,0,1,0.9717626351782166,1.3937920014850302
0,0,0,1,-1.2774445836787656,1,0,0,2,0,0,2,0,0,0,0,2,-0.3410569949530208,-0.9817353646463893
0,0,0,0,-0.9516816739185228,1,0,0,0,0,0,0,0,0,0,0,2,-0.6518130339840859,-0.822049207254034
1,1,1,0,-1.0738427650786138,1,0,1,0,0,2,0,2,2,0,1,2,1.0299255301840309,-0.752651134156044
1,0,1,1,1.247217966963116,1,2,1,0,2,2,0,2,2,2,1,0,1.330710787214099,1.904814176115684
0,1,0,0,-0.748079855318371,1,2,1,0,0,2,0,0,0,0,1,0,0.5180920541328647,-0.5389641875253292
1,0,0,1,-0.38159658183809786,1,0,0,0,2,0,2,0,0,0,1,0,-0.31446824295036285,-0.43921272962669244
0,0,1,0,1.5729808767233588,1,2,2,1,1,1,1,1,1,2,1,1,-1.3397969920528607,-0.26388663776946913
0,0,1,1,0.43281069256250915,1,2,1,0,0,2,0,0,2,0,1,0,0.9235705221733989,0.7761579745712915
0,1,0,0,-0.62591876415828,1,0,1,0,2,2,0,2,0,0,1,2,0.8105683261621028,-0.34537312283748406
0,0,1,1,-0.7073594915983407,1,0,0,0,0,0,0,0,0,0,0,2,-0.613591702980265,-0.7236654164031009
1,0,0,0,0.10704778280226633,1,2,0,2,0,0,0,0,0,2,0,3,-0.3161300399505289,-0.1568997800055621
0,0,1,0,-0.055833672077855064,1,2,1,0,0,2,2,2,2,0,1,2,1.3107692232121058,0.4251749036678843
1,0,1,0,1.5729808767233588,1,2,0,2,2,2,2,2,2,2,0,2,0.8504514541660894,1.7848124222526627
0,0,0,0,0.06632741908223598,1,0,1,0,2,0,0,0,0,0,1,1,0.30538203811160125,0.10796438518438257
0,0,0,0,-0.7073594915983407,1,2,0,2,0,0,0,0,2,0,1,0,-0.003712203919297562,-0.5670013620032519
1,0,1,1,1.4508197855632678,1,2,2,1,1,1,1,1,1,2,0,0,-1.3082228490497045,-0.29097526897237175
1,0,1,1,-0.2594354906780068,1,2,0,0,0,2,2,2,2,1,1,1,0.572931355138347,-0.0867516959459282
1,0,0,1,-1.2774445836787656,1,0,0,2,2,0,2,0,2,0,1,0,0.18905624809997262,-0.9746984970944953
0,1,0,0,1.002895784642934,1,0,0,2,0,2,2,2,0,2,0,0,0.16911468409797886,0.7602753895011858
0,0,0,0,0.26992923768238775,1,0,1,2,0,2,2,2,0,1,1,2,1.0232783421833662,0.6234425072930383
1,0,1,0,0.5549717837226001,1,2,2,1,1,1,1,1,1,1,0,2,-1.3248408190513656,-0.4874781409230695
1,0,0,0,1.2879383306831464,1,2,1,0,2,2,0,2,2,2,1,0,1.3174164112127704,1.9469030265514644
0,0,1,0,-1.1960038562387048,1,2,1,0,0,0,0,2,2,0,0,2,1.001674981181207,-0.8852486603454967
0,0,0,0,-1.1552834925186746,1,0,2,1,1,1,1,1,1,0,1,1,-1.4827115340671475,-0.9755808629317234
1,0,1,0,1.5729808767233588,1,2,0,2,2,2,2,2,2,2,1,3,0.8803638001690798,1.9014391267882869
0,0,1,0,-0.3408762181180675,1,0,1,0,2,2,0,2,2,0,1,1,1.1479131171958254,0.0668902554614146
0,0,0,0,0.43281069256250915,1,0,2,1,1,1,1,1,1,2,1,0,-1.4993295040688086,-0.6619880443808568
0,0,0,0,-0.62591876415828,1,2,0,0,0,2,2,2,0,0,1,3,0.14086413509515497,-0.516949159886488
1,1,1,0,0.06632741908223598,1,0,1,0,0,2,0,2,0,0,1,1,0.6792863631489789,0.26237840669929996
1,0,0,0,-0.9109613101984924,1,0,0,0,0,0,0,0,0,0,1,1,-0.6617838159850825,-0.8136887909462978
0,1,0,0,0.3106496014024181,1,0,1,0,0,0,0,2,2,0,1,2,0.8903345821700764,0.6149497361097178
0,1,0,0,0.7992939660427822,1,2,0,2,0,2,0,0,0,2,0,0,-0.16324471593524553,0.3633210584781946
0,0,1,1,0.758573602322752,1,2,1,2,2,0,0,0,2,0,1,2,0.9651154471775519,0.9969038478998314
1,0,0,0,-0.7888002190384014,1,2,1,0,0,0,2,2,2,0,0,2,1.1961052302006432,-0.4263963658409543
0,0,0,1,-0.5851984004382496,1,2,0,2,0,0,0,0,2,0,0,2,0.001273187081200524,-0.4910517225638433
0,0,1,1,-0.0965540357978854,1,0,0,0,0,2,2,2,0,1,1,2,-0.00869759491979612,-0.1299655628241743
1,0,0,0,-1.1552834925186746,1,0,1,0,0,2,0,0,0,0,1,0,0.33363258711442517,-0.8637630522089924
1,0,0,0,-1.1552834925186746,1,0,0,0,2,0,2,2,0,0,1,0,-0.033624549922287965,-0.905984257520357
1,0,0,0,-1.2774445836787656,1,0,2,1,1,1,1,1,1,0,1,3,-1.481049737066981,-0.9968679387548512
0,0,1,1,0.22920887396235737,1,0,2,1,1,1,1,1,1,1,0,1,-1.5009913010689746,-0.6691131485164737
0,0,0,0,1.6137012404433893,1,2,1,2,0,0,2,0,0,2,1,0,0.6626683931473177,1.723002695354834
0,0,1,0,1.6137012404433893,1,2,1,2,0,0,0,0,0,2,0,0,0.5214156481331973,1.5255512801291164
0,0,0,0,-1.2774445836787656,1,0,0,0,0,0,0,2,0,0,1,2,-0.33607160395252245,-0.9816691872085972
1,0,1,1,0.9621754209229036,1,2,1,0,0,2,2,2,2,2,1,2,1.2775332832087833,1.5856183344984192
1,1,0,0,-0.7073594915983407,1,2,1,0,0,0,0,0,0,0,0,2,0.36188313611724954,-0.49989744008205494
0,0,0,0,1.3286586944031769,1,2,2,1,1,1,1,1,1,2,0,0,-1.2716633150460497,-0.256408587298961
1,0,1,1,-1.1145631287986442,1,2,0,2,2,0,2,0,0,0,0,1,-0.012021188920128179,-0.8659689668020626
1,0,1,1,1.6137012404433893,1,2,2,1,1,1,1,1,1,2,1,0,-1.3148700370503688,-0.21213588141604103
0,0,1,0,1.6137012404433893,1,2,1,0,0,2,0,2,2,2,1,2,1.099721004191008,2.012484867403443
1,0,0,0,0.06632741908223598,1,0,0,0,2,0,0,0,0,0,1,2,-0.4972659129686364,-0.24068041625037007
1,1,1,0,1.2879383306831464,1,2,1,0,2,2,0,0,2,0,1,2,0.9800716201790471,1.6772299675486264
1,0,1,0,1.3286586944031769,1,0,2,1,1,1,1,1,1,2,1,1,-1.4744025490663168,-0.38174865447721246
0,0,0,0,0.880734693482843,1,2,1,0,2,0,0,2,2,2,1,0,1.0781176431888486,1.2572458881739819
1,0,0,0,-1.2774445836787656,1,0,2,1,1,1,1,1,1,0,0,3,-1.4760643460664828,-0.9968017613170591
1,0,0,0,-0.8702409464784621,1,0,1,0,0,2,0,0,2,0,0,2,0.6659919871476498,-0.6136785147926184
0,0,0,0,-1.0738427650786138,1,0,0,2,2,0,0,0,0,0,0,3,-0.3194536339508612,-0.8633218692903784
0,0,1,0,1.4915401492832983,1,2,2,1,1,1,1,1,1,2,0,0,-1.3464441800535252,-0.2814457179303083
1,0,0,0,-1.1960038562387048,1,0,2,1,1,1,1,1,1,0,1,2,-1.4710789550659844,-0.971830808123504
1,0,1,1,1.6137012404433893,0,1,0,2,2,2,2,2,2,2,1,1,0.016229360082695727,0.9702122813236815
1,0,1,1,0.7992939660427822,1,0,0,0,2,2,2,2,0,1,1,2,0.13255515009432434,0.5307940943840879
0,1,0,0,0.10704778280226633,1,2,1,2,0,0,0,2,2,0,1,2,1.1396041321949948,0.5624489687946459
1,0,1,0,1.2879383306831464,1,0,1,0,2,2,2,2,2,1,1,1,1.2526063282062914,1.929895425038893
1,0,1,0,1.369379058123207,1,0,2,1,1,1,1,1,1,1,1,2,-1.4760643460664828,-0.4059916558550545
0,0,1,1,-0.1779947632379461,1,2,1,0,0,2,2,2,2,0,1,2,1.330710787214099,0.33808539553347106
1,0,0,0,0.5142514200025698,1,0,1,2,2,2,2,2,2,1,0,1,1.5766567432386855,1.214186435317251
1,0,0,0,0.47353105628253944,1,0,2,1,1,1,1,1,1,2,0,1,-1.4744025490663168,-0.6062666417599024
0,1,0,0,-1.2367242199587352,1,2,1,0,0,0,0,2,0,0,1,2,0.6909189421501416,-0.9230800956166515
0,0,1,1,0.9214550572028734,1,2,0,2,2,0,2,2,0,1,1,1,0.3402797751150897,0.8533208670368887
1,0,0,0,-1.2367242199587352,1,0,0,0,0,0,0,0,0,0,0,3,-0.62854787598176,-0.970044017303117
0,0,1,0,1.6137012404433893,1,2,1,2,2,2,2,2,0,2,1,0,1.302460238211275,2.3281953639636566
0,0,0,0,-1.2774445836787656,1,0,1,0,0,0,0,2,0,0,0,2,0.4915033021302069,-0.9706837325351073
1,0,1,1,0.18848851024232702,0,1,0,2,2,2,0,0,0,0,0,0,-0.8163309370005319,-0.36659402122281987
1,0,0,0,1.2064976032430856,1,2,0,2,2,2,2,0,0,2,0,0,0.15415851109648415,0.8637327839161805
0,0,1,1,-0.8702409464784621,1,0,2,1,1,1,1,1,1,2,0,1,-1.4577845790646555,-0.9165285292752327
1,0,0,0,1.369379058123207,1,0,2,1,1,1,1,1,1,2,0,0,-1.5093002860698053,-0.45836006829454223
0,1,1,0,-0.2594354906780068,1,0,0,0,0,2,0,0,2,1,0,3,-0.1349941669324214,-0.30103423951677205
1,0,0,0,-1.0331224013585834,1,0,2,1,1,1,1,1,1,1,0,3,-1.504314895069307,-0.9490437103770882
1,0,1,0,-0.9109613101984924,1,0,1,0,2,0,2,2,2,0,1,2,1.1661928841976528,-0.5686116796561932
0,0,1,1,1.6137012404433893,1,2,1,2,0,2,2,2,2,2,0,3,1.4187860282229037,2.336930785752215
1,0,0,0,-1.2774445836787656,1,0,1,0,0,0,0,0,0,0,1,2,0.16745288709781284,-0.9749852659915943
0,0,1,1,-1.1552834925186746,1,0,0,2,0,0,0,0,0,0,0,2,-0.4806479429669752,-0.9099990220797449
0,0,0,0,-0.8295205827584317,1,0,2,1,1,1,1,1,1,1,0,3,-1.4976677070686424,-0.8906752102444494
1,0,0,0,-1.2774445836787656,1,0,0,2,0,0,0,0,0,0,0,2,-0.5587524019747828,-0.9846251127633114
0,0,1,0,0.5549717837226001,1,2,1,0,2,2,2,2,2,2,1,1,1.4669781412277214,1.1358544081173263
1,0,0,0,-0.3408762181180675,1,0,0,0,0,0,2,0,0,0,1,1,-0.45405919096431707,-0.4456540002384576
1,0,0,1,-0.8702409464784621,1,2,1,0,0,2,0,0,0,0,1,3,0.43998759512505714,-0.6299802236354075
1,0,1,1,-0.5037576729981889,1,0,2,1,1,1,1,1,1,2,0,3,-1.4860351280674797,-0.8293066662652352
1,0,0,1,0.025607055362205634,1,2,1,2,0,2,0,0,2,0,1,0,1.0149693571825356,0.43916040218794977
0,0,0,0,-0.7888002190384014,1,2,1,0,2,2,0,0,0,0,1,2,0.6543594081464871,-0.5387435960660221
0,0,1,0,0.6771328748826912,1,0,2,1,1,1,1,1,1,2,1,0,-1.4827115340671475,-0.5763544398778698
1,0,0,0,-0.748079855318371,1,0,2,1,1,1,1,1,1,0,0,1,-1.5009913010689746,-0.8732484849591945
1,1,1,0,-0.3408762181180675,1,2,1,2,0,0,0,0,0,0,1,2,0.46823814412788106,-0.2238934061971055
1,0,1,0,-1.1552834925186746,1,2,1,0,0,2,0,2,2,0,0,2,1.2093996062019723,-0.8355273454176932
1,0,0,0,0.6771328748826912,1,2,1,0,0,0,2,2,2,1,1,0,1.1911198392001445,1.2308631496408617
1,0,0,0,-1.1552834925186746,1,0,2,1,1,1,1,1,1,0,0,3,-1.5209328650709681,-0.9733749483386531
0,0,0,0,1.5729808767233588,1,2,2,1,1,1,1,1,1,2,0,2,-1.3364733980525287,-0.2473202191755115
1,0,0,0,1.002895784642934,1,0,2,1,1,1,1,1,1,2,0,0,-1.4660935640654862,-0.5091843405188807
1,0,0,0,-0.5444780367182193,1,2,1,2,0,2,0,0,0,0,1,2,0.6643301901474837,-0.27696771130637565
1,0,0,0,-0.5444780367182193,1,0,1,0,2,0,0,0,0,0,1,1,0.3020584441112687,-0.37731476614514126
1,0,0,0,-0.7073594915983407,1,0,1,0,0,2,0,2,0,0,0,2,0.682609957149311,-0.46760285043950656
0,1,1,0,0.7178532386027215,1,2,1,2,2,2,0,2,2,0,0,0,1.461992750227223,1.3906816619088012
0,0,0,0,-0.5851984004382496,1,2,1,0,2,0,0,2,0,0,1,1,0.8388188751649267,-0.3319391029656863
1,0,1,0,0.14776814652229667,0,1,0,2,0,2,2,2,2,1,0,1,-0.1349941669324214,-0.019934542921830258
1,0,1,0,0.22920887396235737,1,2,0,0,0,2,2,0,2,1,0,1,0.14086413509515497,0.1719359083834198
0,0,1,1,1.6137012404433893,1,2,1,2,2,2,2,2,0,2,0,1,1.3739175092184182,2.372534247284369
1,1,0,0,-1.2367242199587352,0,1,0,0,0,0,0,0,0,0,1,3,-1.3397969920528607,-0.9848236450766876
0,0,0,0,0.6364125111626608,1,0,1,0,2,0,0,0,0,1,0,2,0.34526516611558833,0.6586489041984395
0,0,0,0,-1.2774445836787656,1,2,0,0,0,0,0,0,0,0,1,3,-0.48729513096763954,-0.9836765694882912
1,0,1,1,1.4915401492832983,1,0,1,2,2,0,2,2,2,2,1,1,1.3822264942192488,2.19798022553472
0,0,0,0,-0.8295205827584317,1,0,0,0,0,0,0,0,0,0,1,0,-0.6567984249845842,-0.7744455703355781
0,0,1,1,-1.1552834925186746,1,0,2,1,1,1,1,1,1,0,1,2,-1.4893587220678117,-0.9692057697577503
1,0,0,0,-1.2774445836787656,1,0,1,0,0,0,0,0,0,0,1,3,0.18905624809997262,-0.9746984970944953
0,0,1,0,0.5549717837226001,1,2,2,1,1,1,1,1,1,1,1,0,-1.3397969920528607,-0.5354126650304859
1,0,0,1,1.369379058123207,1,0,2,1,1,1,1,1,1,2,0,3,-1.4694171580658184,-0.4070504948597283
0,0,0,1,-0.8702409464784621,0,1,0,2,0,0,2,0,0,1,1,3,-0.9542600880143203,-0.8281595906768386
1,0,0,0,-0.3408762181180675,0,1,0,2,0,0,2,0,0,2,0,3,-0.9642308700153169,-0.6392450649263026
1,0,1,1,1.5322605130033284,1,2,1,2,2,2,2,2,2,2,0,1,1.6614083902471577,2.4541089689361066
1,0,1,0,1.247217966963116,1,0,2,1,1,1,1,1,1,2,1,0,-1.4893587220678117,-0.4610071658062265
0,0,0,0,-1.0738427650786138,1,0,2,1,1,1,1,1,1,0,0,3,-1.4876969250676457,-0.9576026589982009
1,0,0,0,-0.748079855318371,1,0,2,1,1,1,1,1,1,0,0,3,-1.491020519067978,-0.8805941805541184
1,0,1,1,1.4915401492832983,1,2,2,1,1,1,1,1,1,2,1,0,-1.288281285047711,-0.21317266127478413
0,0,0,0,-1.0331224013585834,1,2,0,2,0,0,0,0,0,0,1,2,-0.3693075439558449,-0.8273875205692641
1,0,1,0,-1.1960038562387048,1,2,1,0,0,0,2,0,0,0,1,0,0.4948268961305394,-0.8947120339497681
0,0,1,0,1.0436161483629645,1,2,0,2,0,0,2,0,0,1,1,0,-0.12336158793125872,0.5289852444177703
0,0,0,1,-0.8702409464784621,0,1,0,0,0,0,0,0,0,0,0,2,-1.3148700370503688,-0.8641380576898144
1,0,0,0,1.6137012404433893,1,2,1,2,2,2,2,2,2,2,0,0,1.6165398712426726,2.596081632146108
0,0,0,0,1.2064976032430856,1,2,2,1,1,1,1,1,1,2,1,1,-1.2949284730483754,-0.31579180814441205
1,0,0,0,-1.2367242199587352,1,0,2,1,1,1,1,1,1,0,0,3,-1.4926823160681442,-0.9830147951103702
0,0,0,0,-0.055833672077855064,1,2,1,2,2,0,0,2,2,0,0,2,1.3157546142126038,0.40847613019834256
1,0,1,0,-1.2774445836787656,0,1,0,0,0,0,0,0,0,0,1,2,-1.3730329320561832,-0.9954340942693556
1,0,0,0,-1.1552834925186746,1,0,2,1,1,1,1,1,1,1,0,3,-1.4976677070686424,-0.9538084858981198
1,0,1,0,0.5956921474426305,1,2,1,0,0,0,0,2,2,1,1,1,1.0116457631822036,1.0073378239250537
0,0,0,0,0.35136996512244845,1,2,0,0,2,2,0,2,2,1,1,2,0.5247392421335293,0.4341970943535417
0,0,0,0,0.5956921474426305,0,1,0,2,0,2,2,0,0,2,0,3,-0.7598298389948839,-0.1784515655798584
1,0,0,0,-1.2774445836787656,0,1,0,0,0,0,0,0,2,0,1,2,-0.9742016520163136,-0.990139899245987
0,0,0,1,-0.9924020376385531,1,0,2,1,1,1,1,1,1,0,0,3,-1.4893587220678117,-0.9303816729197139
0,0,1,1,0.06632741908223598,1,0,0,2,2,2,2,2,2,2,0,3,0.6643301901474837,0.24693700454780823
1,0,1,1,0.43281069256250915,1,2,2,1,1,1,1,1,1,2,0,3,-1.3464441800535252,-0.5302067065908401
0,0,0,0,-1.1552834925186746,1,0,0,2,0,0,0,0,0,0,1,0,-0.47233895796614456,-0.9018150789394542
1,0,1,0,0.8400143297628127,1,2,1,0,2,0,2,0,2,1,0,0,1.0963974101906757,1.2191938614435203
1,0,0,0,1.4915401492832983,1,2,0,2,2,2,2,2,2,2,0,3,0.8604222361670865,1.7834226960590285
1,0,0,0,-1.1960038562387048,1,2,1,0,0,0,0,0,0,0,0,2,0.3236618051134285,-0.90984460805823
0,0,1,1,1.2879383306831464,1,0,0,2,0,0,2,2,0,1,0,3,0.034509127084522986,0.788952279211099
1,0,0,1,-0.9109613101984924,1,2,2,1,1,1,1,1,1,0,0,1,-1.328164413051698,-0.9069989782331692
1,0,0,0,-0.30015585439803716,1,0,2,1,1,1,1,1,1,0,0,3,-1.4677553610656522,-0.7668792832813471
1,0,0,1,-1.2774445836787656,1,0,0,2,0,0,0,0,0,0,0,3,-0.47067716096597834,-0.9834559780289841
1,0,0,0,-0.015113308357824713,1,2,1,2,0,0,2,0,0,0,0,0,0.7607144161571191,0.214708592343052
1,0,0,0,0.14776814652229667,1,0,0,2,0,2,2,2,2,0,1,1,0.47987072312904416,0.253775339786326
0,0,0,0,-0.0965540357978854,1,0,0,2,2,0,0,0,0,0,1,0,-0.31446824295036285,-0.33050525848019063
0,0,0,0,-0.30015585439803716,1,0,0,2,2,2,2,2,0,1,0,3,0.3170146171127639,-0.18350310999798927
1,1,1,1,-0.13727439951791576,1,2,1,0,0,2,0,2,2,0,1,2,1.302460238211275,0.3022392833960795
0,0,0,0,-1.2774445836787656,1,2,1,0,0,0,0,0,0,0,0,2,0.3735157151184122,-0.9722499318961872
0,0,1,0,1.002895784642934,1,2,1,0,2,2,2,2,2,1,1,0,1.4835961112293827,1.7528046015072132
1,0,0,0,-0.30015585439803716,1,0,2,1,1,1,1,1,1,1,0,1,-1.491020519067978,-0.7804235988827984
1,1,1,0,-0.015113308357824713,1,2,1,0,2,2,0,2,2,0,0,0,1.3822264942192488,0.5475149269995604
1,0,1,1,1.5729808767233588,1,2,0,2,2,2,2,2,2,2,0,0,0.7341256641544608,1.7577017319038293
0,0,0,0,-1.1552834925186746,0,1,0,2,0,2,0,0,0,0,0,3,-0.9891578250178088,-0.9458892525089978
0,0,1,0,0.9214550572028734,1,2,0,2,2,2,2,2,2,1,1,2,0.8438042661654253,1.1634945179684963
0,0,1,0,-0.62591876415828,1,0,1,2,0,0,2,2,0,0,0,2,0.9003053641710731,-0.3111593874989645
1,0,1,1,1.247217966963116,1,2,2,1,1,1,1,1,1,2,0,1,-1.3331498040521963,-0.3111373283530338
1,1,0,0,-1.0331224013585834,0,1,0,0,2,0,2,0,2,0,1,2,-0.6767399889865777,-0.8885134139432407
1,0,1,0,1.6137012404433893,1,2,1,2,2,2,2,2,2,1,1,0,1.7627780072572912,2.825805577868443
0,1,0,0,0.5142514200025698,0,1,0,0,0,0,0,0,2,1,0,2,-1.0157465770204666,-0.30138718585166335
0,0,0,1,-1.2774445836787656,1,0,1,0,0,0,0,2,2,0,1,2,0.8172155141627669,-0.9663601399326898
0,0,1,1,1.6137012404433893,1,2,1,2,0,2,2,2,2,2,1,0,1.5184938482328711,2.549647129961979
1,0,0,0,-0.8295205827584317,1,0,1,0,0,0,0,2,0,0,1,2,0.5546515881365197,-0.6034210119348418
1,1,1,0,-0.0965540357978854,1,2,1,0,0,0,2,2,2,0,1,2,1.221032185203135,0.28143750878342705
1,1,1,0,1.6137012404433893,1,2,1,2,2,2,2,2,2,0,1,1,1.5999219012410113,2.5508162646963064
0,1,1,0,-0.30015585439803716,1,0,1,0,0,0,0,0,0,0,1,2,0.1508349170961516,-0.2058710839717216
1,0,1,1,-0.21871512695797646,1,2,1,0,2,0,2,0,0,0,1,1,0.6792863631489789,-0.056530666020865795
1,0,1,1,1.0436161483629645,1,2,0,2,2,2,2,0,0,2,0,1,0.22727757910379318,0.8605342077562286
1,0,0,0,-1.2367242199587352,1,0,0,0,0,0,0,0,0,0,1,3,-0.6567984249845842,-0.96322774121053
1,0,1,0,1.125056875803025,1,0,0,2,0,0,0,2,0,1,1,3,-0.16490651293541178,0.565338716911568
0,0,1,1,-0.5037576729981889,1,0,2,1,1,1,1,1,1,1,0,0,-1.4976677070686424,-0.831247871107137
0,1,0,0,1.247217966963116,1,2,0,2,2,2,2,2,0,1,0,0,0.6061672951416694,1.3073642677285382
1,0,1,1,-0.748079855318371,1,0,2,1,1,1,1,1,1,1,0,3,-1.4960059100684764,-0.8692998978375988
0,0,0,0,-0.13727439951791576,1,0,2,1,1,1,1,1,1,1,0,3,-1.4760643460664828,-0.7334155589044715
0,0,1,0,-1.2774445836787656,1,0,1,0,0,0,0,0,0,0,1,2,0.13920233809498894,-0.9753602714724163
1,0,0,0,-0.13727439951791576,1,0,1,0,2,0,2,2,0,0,0,3,0.827186296163764,0.15172973071089643
1,0,0,0,-1.1552834925186746,1,2,0,0,0,0,0,0,0,0,0,1,-0.43245582996215753,-0.9170579487775696
0,0,0,0,1.5322605130033284,1,2,1,2,2,2,2,2,2,1,0,1,1.6879971422498155,2.579978455616695
0,0,1,1,-1.0738427650786138,1,0,0,2,2,0,0,0,0,0,0,1,-0.29452667894836937,-0.8445936543952121
1,1,0,0,-1.1552834925186746,1,0,1,0,0,2,0,2,2,0,1,2,0.9966895901807084,-0.8194241688882804
1,0,1,1,0.5549717837226001,1,0,2,1,1,1,1,1,1,2,0,1,-1.4960059100684764,-0.6279066639179215
1,0,0,0,-0.9516816739185228,1,0,0,0,0,0,0,0,0,0,1,3,-0.6767399889865777,-0.8521820005953736
1,0,0,0,-1.2774445836787656,1,0,1,0,0,0,0,0,0,0,1,3,0.21896859410296257,-0.9743014324677426
1,0,0,0,-0.055833672077855064,1,0,1,0,2,2,0,2,2,0,1,2,1.217708591202803,0.38114484839020224
1,1,0,0,-1.2774445836787656,1,2,1,0,0,0,0,0,0,0,1,2,0.35191235411625243,-0.9725367007932865
1,0,1,1,0.5142514200025698,1,2,0,2,2,0,2,2,0,2,0,1,0.3020584441112687,0.4814477849371064
0,0,0,0,-0.8702409464784621,1,0,0,2,0,2,0,0,2,0,0,0,-0.023653767921291324,-0.6819736305940732
0,0,0,0,1.247217966963116,1,2,1,0,2,2,2,2,2,0,1,1,1.4985522842308774,2.083802086197404
0,0,0,0,-1.1960038562387048,1,2,2,1,1,1,1,1,1,0,0,3,-1.3348116010523623,-0.9676836886885318
1,0,1,0,-0.6666391278783103,1,0,0,2,0,2,0,2,0,2,0,3,-0.017006579920626735,-0.5540085250500681
0,0,1,1,-0.5444780367182193,1,0,2,1,1,1,1,1,1,0,0,3,-1.481049737066981,-0.8371597222165652
1,0,1,0,1.5729808767233588,1,0,0,0,2,2,2,2,2,2,1,1,0.47654712912871167,1.4493369309385393
1,0,0,0,-0.62591876415828,1,2,1,0,0,2,2,0,0,1,0,2,0.7308020701541287,-0.3836016227353915
1,0,1,1,0.7178532386027215,1,0,0,0,0,0,0,0,0,1,1,0,-0.6634456129852487,-0.021566919720702363
1,0,0,0,-1.2367242199587352,1,0,1,0,0,0,0,0,0,0,1,1,0.21730679710279655,-0.9361832282994886
1,0,0,0,0.06632741908223598,1,0,2,1,1,1,1,1,1,0,0,3,-1.4976677070686424,-0.7077166538952031
1,0,1,0,0.3920903288424788,1,2,0,2,0,0,0,0,0,1,0,1,-0.28787949094770476,0.047257615583089385
0,0,1,1,1.4915401492832983,1,2,1,2,0,2,0,0,0,1,0,0,0.6543594081464871,1.5745225840952761
0,0,0,0,-0.9516816739185228,1,0,0,0,0,0,0,0,0,0,1,0,-0.683387176987242,-0.8278287034878782
1,0,0,0,-1.1552834925186746,0,1,0,0,0,0,2,0,0,0,0,2,-1.1387195550327598,-0.9535437761469515
0,0,1,0,0.880734693482843,1,2,1,2,2,2,2,2,2,1,1,3,1.6580847962468257,1.6631562324448383
0,0,0,0,0.025607055362205634,1,2,0,2,0,0,2,0,0,1,0,2,-0.17820088893674074,-0.14423783024133885
0,0,0,1,-0.8295205827584317,1,2,1,0,0,0,0,2,0,0,1,2,0.641065032145158,-0.5793544837244453
1,0,1,1,1.5729808767233588,1,2,0,2,0,2,2,2,2,1,0,2,0.6875953481498096,1.7740475590384799
1,0,0,0,-1.1960038562387048,0,1,0,0,0,0,2,0,0,0,1,2,-1.1636465100352518,-0.9630512680430844
0,0,0,0,-1.0331224013585834,1,0,1,0,0,2,0,0,0,0,1,2,0.34526516611558833,-0.7741588014384789
0,0,0,0,0.22920887396235737,1,0,2,1,1,1,1,1,1,2,0,3,-1.4860351280674797,-0.6786426995585372
1,0,1,1,-0.5444780367182193,1,0,2,1,1,1,1,1,1,1,0,3,-1.491020519067978,-0.8479687037226095
0,0,1,0,1.5322605130033284,1,2,0,0,2,2,2,2,2,2,1,0,0.6659919871476498,1.6049421463337146
1,0,1,0,0.880734693482843,0,1,0,0,2,0,0,0,0,0,0,2,-1.1420431490330922,-0.2904679086159656
0,0,1,0,0.9621754209229036,1,2,0,2,0,0,0,2,0,1,0,0,0.014567563082529699,0.5437207538994796
0,0,0,0,1.3286586944031769,1,0,0,2,2,0,2,0,0,2,1,3,-0.17155370093607614,0.644156045321968
1,0,0,0,0.10704778280226633,1,0,1,0,0,2,0,2,0,1,1,2,0.677624566148813,0.3312691194408839
0,0,1,0,1.247217966963116,1,2,1,0,2,0,0,0,0,0,1,0,0.5579751821368518,1.2129511231451315
0,1,1,0,0.18848851024232702,1,0,2,1,1,1,1,1,1,1,0,3,-1.5009913010689746,-0.6846869055435497
1,0,0,0,-1.1552834925186746,1,2,1,0,2,0,0,0,2,0,1,2,0.8404806721650927,-0.8433804013690234
0,0,0,0,-0.9109613101984924,1,2,1,2,0,0,0,2,2,0,1,2,1.1279715531938321,-0.5763985581697312
0,1,0,0,-1.2774445836787656,1,0,1,0,0,0,0,0,0,0,1,2,0.179085466098976,-0.9748308519700793
0,0,1,1,1.5322605130033284,1,0,2,1,1,1,1,1,1,2,0,0,-1.4943441130683104,-0.39749888467173405
0,0,0,0,-0.4223169455581282,1,2,1,0,0,0,2,2,0,0,1,2,0.8388188751649267,-0.12614933057816283
0,0,0,0,-1.0331224013585834,1,0,0,2,2,0,2,2,2,0,1,2,0.45660556512671835,-0.753842328036302
1,0,1,0,-0.055833672077855064,1,2,0,0,0,0,0,2,0,0,1,1,-0.18983346793790365,-0.17512063454432233
0,0,1,1,1.4915401492832983,0,1,0,0,2,2,0,2,2,2,1,1,-0.32610082195152557,0.6585827267606473
0,1,0,0,-0.0965540357978854,1,2,1,0,2,2,0,2,2,0,1,2,1.3074456292117733,0.37119617357545537
1,1,0,0,0.8400143297628127,0,1,0,0,2,2,0,2,2,0,1,2,-0.3427187919531868,0.25359886661888054
1,0,0,0,-1.2774445836787656,1,0,1,0,0,0,0,0,0,0,1,3,0.22561578210362715,-0.9742131958840197
0,0,1,0,1.5729808767233588,1,2,0,2,2,2,2,2,2,2,0,2,0.8421424691652587,1.7784814473705508
1,1,0,0,0.18848851024232702,0,1,0,0,2,2,0,0,0,0,0,2,-0.9343185240123267,-0.42562429573337973
1,1,1,0,1.4915401492832983,1,2,1,2,0,2,2,2,2,1,1,3,1.5218174422332031,2.3516662952339247
1,0,1,0,-0.6666391278783103,1,0,1,2,2,0,0,0,0,0,0,0,0.531386430134194,-0.4228448433461112
1,0,0,0,-1.2774445836787656,1,0,2,1,1,1,1,1,1,0,0,2,-1.4893587220678117,-0.9969782344845048
0,0,1,1,1.4915401492832983,1,2,0,2,0,0,2,0,0,2,0,1,-0.11172900893009581,0.7853566384243945
1,0,1,0,-0.46303730927815856,1,2,1,0,2,2,2,2,2,0,1,2,1.5434208032353631,0.01648510700975942
1,0,0,0,1.1657772395230555,1,2,1,2,0,2,0,2,2,0,1,2,1.3855500882195813,1.7737387309954498
0,0,1,0,0.22920887396235737,1,2,1,0,0,2,2,2,2,0,1,2,1.3373579752147637,0.7705990697967546
1,0,0,0,-1.2774445836787656,1,0,2,1,1,1,1,1,1,0,0,3,-1.517609271070636,-0.9973532399653268
0,0,1,0,-0.38159658183809786,1,2,0,0,0,0,2,2,2,0,1,1,0.2954112561106046,-0.28102659415762493
1,0,0,0,-1.1552834925186746,1,2,0,0,0,0,0,0,0,0,0,3,-0.4773243489666429,-0.9146314427251924
0,0,1,1,-1.0738427650786138,1,0,0,0,0,0,0,2,0,0,0,2,-0.32942441595185784,-0.849115779311006
0,0,0,1,-0.5444780367182193,1,2,0,2,2,0,2,2,0,0,1,3,0.37019212111808014,-0.39888861086536836
1,0,1,0,1.2879383306831464,1,0,0,2,0,2,2,2,0,2,0,3,0.14917312009598557,0.9564914925547844
1,0,1,0,1.2064976032430856,1,2,2,1,1,1,1,1,1,1,1,1,-1.3630621500551865,-0.367476387060048
1,0,0,0,-1.2774445836787656,1,2,1,2,0,0,0,0,0,0,1,2,0.5629605731373504,-0.9697351892600873
0,0,1,1,-1.2774445836787656,0,1,0,2,0,0,0,0,0,0,0,0,-1.1387195550327598,-0.9923237546931265
1,0,0,0,-0.9924020376385531,0,1,0,2,0,0,0,0,0,0,0,3,-1.1769408860365806,-0.910285790976844
0,0,1,0,1.6137012404433893,1,2,1,2,2,2,2,2,2,2,1,1,1.624848856243503,2.578478433693407
1,0,0,0,-0.8702409464784621,1,0,0,0,2,2,2,0,0,0,1,2,-0.12834697893175703,-0.7020253942450818
0,0,1,1,-0.30015585439803716,1,0,2,1,1,1,1,1,1,2,0,3,-1.4843733310673135,-0.7913428761184962
1,1,1,0,-0.2594354906780068,1,2,1,0,2,2,0,2,2,0,0,2,1.3622849302172555,0.1899361714628731
0,0,1,1,-0.62591876415828,1,0,0,2,2,0,0,2,2,0,0,3,0.32532360211359457,-0.46938964125989346
0,0,0,0,-0.8702409464784621,1,0,0,0,0,0,0,0,0,0,1,3,-0.6684310039857471,-0.7974312003953701
0,0,0,0,1.4508197855632678,1,0,2,1,1,1,1,1,1,2,0,1,-1.4710789550659844,-0.37713829297769563
1,0,0,0,1.0843365120829946,1,2,1,0,2,2,2,2,2,0,1,2,1.5484061942358611,1.8706224999230954
1,0,0,0,-0.9516816739185228,0,1,0,2,0,2,2,0,2,1,0,3,-0.46402997296531395,-0.8012474326413817
1,1,0,0,-1.2367242199587352,1,2,1,0,0,0,0,0,0,0,1,3,0.2605135191071156,-0.9377053093687071
0,0,1,0,0.5956921474426305,1,0,1,0,0,2,0,0,2,0,1,2,0.682609957149311,0.779091840980075
1,1,0,0,0.025607055362205634,0,1,0,0,0,2,2,2,2,0,1,2,-0.33773340095268845,-0.2100182034066936
1,0,1,1,0.5549717837226001,1,0,2,1,1,1,1,1,1,2,0,1,-1.4893587220678117,-0.6253036846980985
0,0,1,1,1.3286586944031769,1,2,1,0,2,2,2,2,2,2,1,1,1.5301264272340338,2.1909874762746875
0,0,1,1,0.6364125111626608,0,1,0,0,0,0,2,0,0,0,1,1,-1.1719554950360824,-0.37795448137713167
1,0,0,0,-1.2367242199587352,1,0,0,0,0,0,0,0,0,0,1,1,-0.6235624849812617,-0.9684998770879678
0,0,0,0,-1.2774445836787656,1,0,1,0,0,2,0,0,0,0,1,3,0.32698539911376057,-0.9728675879822469
1,0,0,1,-1.2774445836787656,1,0,0,0,0,2,0,0,0,0,1,2,-0.49560411596847015,-0.9837868652179447
0,0,0,0,-0.2594354906780068,1,2,1,0,0,2,0,0,0,0,1,2,0.5297246331340278,-0.0382656931902441
0,0,1,1,-0.6666391278783103,1,0,2,1,1,1,1,1,1,0,0,2,-1.4744025490663168,-0.8639836436682994
0,0,1,0,0.6771328748826912,1,2,1,2,2,2,2,0,2,2,0,1,1.392197276220246,1.277055001219753
1,0,0,0,-0.015113308357824713,1,0,2,1,1,1,1,1,1,1,0,1,-1.4760643460664828,-0.6936429187914149
1,0,0,0,-0.13727439951791576,1,0,2,1,1,1,1,1,1,1,1,3,-1.4943441130683104,-0.7533349676798958
1,0,0,0,-1.2367242199587352,0,1,0,0,0,0,0,0,0,0,0,3,-1.3447823830533592,-0.9888163504901449
0,1,1,0,1.5322605130033284,1,2,1,2,0,0,0,0,2,0,1,2,0.8670694241677506,1.848717768013908
1,1,1,0,0.758573602322752,1,2,1,2,0,2,0,0,2,1,1,0,0.9601300561770538,1.1291704869003232
1,1,1,0,0.9214550572028734,1,2,0,2,2,0,0,0,0,1,0,1,-0.1582593249347472,0.45722684270519504
1,1,0,0,-1.1145631287986442,1,2,1,0,2,0,0,0,2,0,1,2,0.8321716871642622,-0.7840412988154337
0,0,1,0,1.4915401492832983,1,2,2,1,1,1,1,1,1,2,1,1,-1.3231790220511994,-0.2476731655104028
1,0,1,0,-0.748079855318371,1,0,0,0,0,2,0,0,0,0,0,1,-0.48397153696730727,-0.7106946385958479
0,0,1,0,1.6137012404433893,1,2,1,0,2,2,0,2,2,1,1,2,1.2160467942026365,2.2250688567376224
0,0,1,0,1.5729808767233588,0,1,0,0,2,2,2,2,2,2,1,1,-0.11172900893009581,0.8958729595372141
0,0,0,0,0.35136996512244845,1,0,2,1,1,1,1,1,1,0,0,2,-1.4727407520661506,-0.6635983620337982
0,0,0,1,-0.2594354906780068,0,1,0,2,0,0,2,0,2,0,0,3,-0.6302096729819263,-0.49974302606054005
0,0,0,0,-0.13727439951791576,1,0,1,0,0,0,0,2,0,0,1,2,0.46989994112804756,0.04606642170283153
0,1,1,1,0.9214550572028734,1,2,0,2,0,2,2,2,0,1,0,2,0.3818247001192428,0.8271366608171451
0,0,1,1,0.26992923768238775,1,0,0,2,0,0,0,0,0,0,0,1,-0.45572098796448335,-0.09429592385422841
1,0,0,0,-0.46303730927815856,1,2,1,0,2,0,0,0,0,0,1,2,0.5845639341395097,-0.18833406295681313
0,0,1,0,0.6364125111626608,0,1,0,0,2,2,0,0,0,1,0,3,-0.9991286070188055,-0.29790184079461235
0,0,1,1,1.5729808767233588,0,1,0,2,2,0,2,2,2,2,0,0,-0.16823010693574386,0.8130629257133567
0,0,0,0,-0.7888002190384014,1,2,0,2,2,2,2,2,2,2,0,1,0.8039211381614382,-0.49323557801098283
0,0,0,0,-1.1552834925186746,1,0,2,1,1,1,1,1,1,0,0,3,-1.4827115340671475,-0.9684998770879678
0,0,0,0,1.5322605130033284,1,2,1,2,2,2,2,2,2,2,1,1,1.5683477582378549,2.4336601406583456
0,0,0,0,0.3920903288424788,1,0,0,2,2,2,2,0,2,1,0,1,0.30372024111143525,0.3886008397147797
0,0,0,0,-1.2367242199587352,1,0,2,1,1,1,1,1,1,0,1,0,-1.46443176706532,-0.9881986944040851
0,0,0,0,-0.7888002190384014,1,0,2,1,1,1,1,1,1,2,1,3,-1.4744025490663168,-0.8904987370770039
0,0,1,1,-1.0738427650786138,1,0,0,0,0,0,0,0,0,0,0,3,-0.640180454982923,-0.8799544653221281
0,0,0,0,-1.2774445836787656,1,0,1,0,0,0,0,0,0,0,0,3,0.21065960910213194,-0.9744117281973961
0,0,1,0,-0.13727439951791576,1,0,2,1,1,1,1,1,1,0,0,3,-1.4926823160681442,-0.7529599621990739
1,0,0,0,1.0843365120829946,0,1,0,0,0,0,2,2,2,0,1,2,-0.43411762696232353,0.3203277830592555
0,0,0,1,1.3286586944031769,0,1,0,0,2,0,2,2,0,2,0,3,-0.6484894399837535,0.2886287903568359
1,0,1,0,1.5729808767233588,1,2,0,2,2,2,2,2,2,2,0,2,0.8521132511662559,1.936049926753559
1,0,0,0,0.758573602322752,1,2,1,0,0,0,0,0,2,0,0,0,0.6194616711429987,0.8248866279322132
0,0,1,0,-0.5851984004382496,1,0,2,1,1,1,1,1,1,2,0,3,-1.4843733310673135,-0.8423215623643496
0,0,0,0,-0.6666391278783103,0,1,0,2,0,0,0,2,0,0,1,2,-0.8595376590048512,-0.7126579025836803
0,0,0,1,0.06632741908223598,1,2,1,2,2,2,2,2,2,2,1,1,1.7079387062518092,0.7355250277669376
0,0,0,0,-0.62591876415828,1,2,1,0,0,2,0,0,0,0,0,0,0.5081212721318681,-0.41210203927785904
1,0,1,1,-0.055833672077855064,0,1,0,2,0,2,2,2,2,1,0,2,-0.15992112193491323,-0.1901208537772
1,0,1,1,-0.1779947632379461,1,2,1,0,0,0,0,2,2,1,0,0,0.9119379431722362,0.12724407872781668
1,0,1,1,0.8400143297628127,1,0,1,0,2,0,2,2,0,0,1,2,0.9235705221733989,1.1028318666590646
0,0,0,0,1.125056875803025,1,2,0,2,0,2,2,0,0,1,0,2,-0.00038860991896550476,0.7763785660305986
1,0,1,0,-0.38159658183809786,1,2,0,0,0,0,0,0,0,1,1,1,-0.5454580259734538,-0.5349714821118718
1,0,1,0,1.4915401492832983,1,2,1,2,2,2,2,0,2,1,1,1,1.4104770432220732,2.222399700080008
1,0,0,0,-0.30015585439803716,1,0,2,1,1,1,1,1,1,2,1,3,-1.462769970065154,-0.7854530841549986
1,0,0,0,0.6771328748826912,1,2,1,0,2,0,0,2,2,0,0,2,1.1279715531938321,1.1650827764755072
1,1,0,0,0.9214550572028734,1,2,1,2,0,0,0,2,2,0,1,2,1.1312951471941644,1.4726755073332225
0,1,1,0,-0.6666391278783103,1,2,1,0,0,0,0,0,2,0,1,1,0.684271754149477,-0.3990871431787446
0,0,0,0,1.2064976032430856,1,2,1,0,0,0,0,2,2,1,1,0,0.9717626351782166,1.5341984653339515
0,0,1,0,1.0436161483629645,1,2,1,2,2,0,0,0,2,0,1,0,0.9518210711762233,1.3923140387076736
0,0,1,1,1.4915401492832983,1,0,2,1,1,1,1,1,1,2,0,3,-1.5076384890696393,-0.41185938867262134
1,0,1,0,-1.2774445836787656,1,0,1,0,0,2,0,0,0,0,0,2,0.3801629031190768,-0.9721616953124645
0,0,0,0,-0.21871512695797646,1,0,0,0,2,0,2,0,0,0,1,3,-0.28621769394753876,-0.3707631998037227
1,1,0,0,0.6771328748826912,1,2,0,2,2,2,2,0,2,2,0,1,0.5513279941361872,0.7858198804889394
0,0,0,0,-1.2774445836787656,1,0,1,0,0,2,0,2,0,0,1,2,0.6875953481498096,-0.9680807533152845
1,0,0,0,1.3286586944031769,1,2,2,1,1,1,1,1,1,1,0,1,-1.328164413051698,-0.2994680401556922
0,0,0,0,0.26992923768238775,1,2,1,0,2,2,0,2,2,0,1,2,1.285842268209614,0.7565032755470356
1,0,1,0,0.43281069256250915,1,0,1,2,2,2,0,0,0,0,1,1,0.7091987091519689,0.5611474791847345
0,0,1,0,-0.5037576729981889,0,1,0,0,0,0,0,0,0,0,1,2,-1.3397969920528607,-0.7927767206039918
1,0,1,0,-0.8295205827584317,1,0,1,0,2,0,0,0,2,0,1,1,0.6743009721484804,-0.5646851516805281
1,0,0,1,-1.0738427650786138,1,0,2,1,1,1,1,1,1,0,0,3,-1.4993295040688086,-0.9612644772226974
0,0,0,0,1.4508197855632678,1,2,2,1,1,1,1,1,1,2,0,0,-1.304899255049372,-0.20203279257977935
0,0,1,0,0.5956921474426305,1,0,0,2,0,2,0,2,0,1,1,1,0.042818112085353605,0.3272322957355653
1,0,1,1,1.2064976032430856,1,2,1,2,2,2,2,2,2,2,0,0,1.6879971422498155,2.152670739793057
0,0,1,0,0.9621754209229036,1,0,1,0,0,2,2,2,2,0,1,2,1.1279715531938321,1.4955067233714996
0,0,1,0,-0.62591876415828,1,0,2,1,1,1,1,1,1,1,0,3,-1.5093002860698053,-0.8703366776963418
0,0,0,0,0.10704778280226633,1,2,1,0,0,0,2,0,0,0,0,1,0.5081212721318681,0.24537080518672846
0,1,1,0,-1.2367242199587352,1,2,1,0,0,2,0,0,0,0,0,2,0.47987072312904416,-0.9295213662284165
0,0,1,0,-1.2774445836787656,0,1,0,0,0,0,0,0,2,0,0,2,-0.9891578250178088,-0.9903384315593633
0,0,1,0,0.6364125111626608,1,2,1,2,2,0,0,2,2,1,1,1,1.2791950802089493,1.216701177953351
0,0,0,0,0.5142514200025698,1,2,1,0,0,2,0,0,2,0,1,1,0.8155537171626008,0.8437251385570331
1,0,1,1,1.5322605130033284,1,2,0,2,2,2,2,2,2,2,1,1,0.8438042661654253,1.7459000888309035
1,0,0,0,-0.055833672077855064,1,0,1,0,2,0,2,0,0,0,1,2,0.45494376812655235,0.06856675055214806
1,0,0,0,1.0843365120829946,1,2,2,1,1,1,1,1,1,2,0,3,-1.3215172250510334,-0.339373035144333
1,1,1,1,0.5956921474426305,1,0,1,0,2,0,0,2,0,1,1,0,0.6709773781481484,0.7669151924263273
1,0,1,1,-0.015113308357824713,1,0,2,1,1,1,1,1,1,2,0,3,-1.5225946620711341,-0.7349155808277592
1,0,0,0,0.22920887396235737,1,0,0,2,2,0,2,2,0,1,0,3,0.19404163910047073,0.1890317464797142
0,0,0,0,1.0843365120829946,1,2,1,0,2,2,0,0,0,0,1,2,0.6144762801425001,1.1776785488019383
1,0,0,0,-0.21871512695797646,1,2,1,0,0,2,0,2,2,1,1,0,1.1877962451998125,0.17370064005787597
0,0,1,0,1.0436161483629645,1,2,1,0,2,2,0,0,2,1,1,2,0.9817334171792131,1.4693225171517557
0,0,0,0,1.5729808767233588,1,2,1,2,2,2,2,2,2,2,0,3,1.5467443972356951,2.5174628360490843
0,1,0,0,-0.21871512695797646,1,2,1,0,2,2,0,0,0,0,1,0,0.720831288153132,0.05352241302740901
1,1,1,0,1.3286586944031769,1,2,1,0,2,2,0,2,2,1,1,0,1.2758714862086173,1.9909330818291466
1,0,0,0,0.6364125111626608,1,2,0,2,0,0,2,0,2,1,1,0,0.20567421810163386,0.595361214523254
0,0,0,0,-0.1779947632379461,1,0,1,0,0,0,0,0,2,0,1,2,0.5264010391336954,-0.015346240568244301
0,0,0,0,-0.5444780367182193,1,2,2,1,1,1,1,1,1,0,0,0,-1.33148800705203,-0.8002547710745
0,0,1,1,1.0436161483629645,1,2,0,2,0,2,2,2,0,2,0,3,0.36686852711774764,0.9423736391591347
0,0,0,0,0.8400143297628127,1,0,1,0,2,2,0,2,2,1,1,3,1.1811490571991479,1.2887242894170945
0,1,1,0,0.3106496014024181,1,2,1,0,0,0,0,2,2,0,1,1,0.9900424021800438,0.600324522357662
1,0,0,1,-1.2774445836787656,1,0,2,1,1,1,1,1,1,0,0,3,-1.5126238800701375,-0.9972870625275345
1,0,0,0,0.3106496014024181,1,2,1,0,2,2,0,2,2,0,1,1,1.3207400052131024,0.7752094312962713
1,0,1,0,1.1657772395230555,1,2,2,1,1,1,1,1,1,2,0,0,-1.3065610520495383,-0.3269757951312782
1,1,1,0,1.369379058123207,1,2,1,0,2,2,2,2,2,1,1,2,1.5317882242341998,2.2994522968159514
1,0,0,1,0.3106496014024181,0,1,0,2,2,0,2,0,0,1,0,3,-0.8146691400003658,-0.31574768985255064
1,0,0,0,-0.7073594915983407,1,2,1,2,0,0,0,2,2,0,1,2,1.1612074931971548,-0.3145564959722927
1,0,1,1,1.4508197855632678,1,2,2,1,1,1,1,1,1,2,0,3,-1.2965902700485417,-0.26187925548977514
1,1,1,0,-0.8295205827584317,1,0,1,0,0,0,0,0,2,0,1,2,0.5214156481331973,-0.586567824443785
0,0,0,0,-1.2774445836787656,1,0,2,1,1,1,1,1,1,0,0,1,-1.5076384890696393,-0.9972208850897424
0,0,1,1,-0.9924020376385531,1,0,2,1,1,1,1,1,1,2,0,3,-1.504314895069307,-0.9342420234575868
0,0,0,0,0.3106496014024181,1,0,1,0,2,0,0,0,0,0,0,1,0.33363258711442517,0.3052834455345163
1,1,1,0,1.6137012404433893,1,2,1,2,2,2,0,0,2,2,1,1,1.259253516206956,2.3252835567008043
0,0,0,1,-0.9516816739185228,1,0,0,0,0,2,2,2,2,0,1,3,0.2704843011081128,-0.718393280525663
0,0,0,0,-0.7073594915983407,1,0,0,2,0,2,2,0,0,0,0,2,-0.1931570619382357,-0.5843839689966455
1,0,0,0,-1.2774445836787656,1,0,2,1,1,1,1,1,1,0,0,2,-1.505976692069473,-0.9971988259438118
0,0,0,0,0.025607055362205634,1,2,1,0,0,0,0,0,2,0,1,2,0.6177998741428321,0.2109364783889018
0,0,1,1,0.22920887396235737,1,0,2,1,1,1,1,1,1,2,1,3,-1.4893587220678117,-0.6720690740711878
0,0,0,0,0.9214550572028734,1,0,0,0,2,2,0,0,2,2,1,3,-0.00038860991896550476,0.590022901208024
0,0,1,1,1.3286586944031769,1,2,0,0,2,0,2,2,2,2,1,0,0.48651791112970877,1.2318558112077433
0,0,1,0,-1.1552834925186746,1,0,0,2,2,0,0,0,0,0,0,3,-0.33440980695235617,-0.9020797886906227
0,0,0,1,0.43281069256250915,1,0,1,2,2,0,2,2,2,1,1,1,1.3705939152180862,0.9937935083236024
0,0,0,0,-0.5851984004382496,0,1,0,0,0,2,2,0,0,0,1,2,-0.9825106370171443,-0.7378494472365427
1,1,0,0,-1.2774445836787656,1,2,1,0,0,0,0,2,2,0,1,2,0.9568064621767214,-0.9645071716745106
1,0,0,0,-1.2774445836787656,1,0,2,1,1,1,1,1,1,0,0,3,-1.5242564590713006,-0.9974414765490495
1,0,1,0,-1.1960038562387048,1,0,1,0,0,0,0,0,0,0,1,2,0.18407085709947407,-0.9136387811583108
0,0,1,0,0.35136996512244845,1,0,2,1,1,1,1,1,1,2,0,1,-1.4660935640654862,-0.6195021293183238
0,0,0,0,-0.6666391278783103,1,2,1,0,0,2,0,0,2,0,1,2,0.787303168159777,-0.37837360514981505
0,0,0,0,-1.1145631287986442,1,0,1,0,0,0,0,2,0,0,0,2,0.5131066631323666,-0.8362552972334064
1,0,0,0,0.9621754209229036,1,2,1,2,0,0,2,2,2,0,1,3,1.3489905542159264,1.550632529052325
0,1,1,0,-0.1779947632379461,1,2,2,1,1,1,1,1,1,0,0,3,-1.2982520670487077,-0.6816868616969741
0,0,1,0,0.880734693482843,1,0,2,1,1,1,1,1,1,2,0,1,-1.4860351280674797,-0.5194197842307267
1,0,0,0,-1.2774445836787656,1,0,2,1,1,1,1,1,1,0,1,3,-1.504314895069307,-0.997176766797881
1,0,1,0,0.3920903288424788,1,2,1,0,0,2,2,2,2,1,1,2,1.4470365772257276,1.0175512084909688
1,0,0,0,1.369379058123207,1,0,1,2,0,2,2,2,2,2,1,0,1.3589613362169235,2.013896652743008
0,1,1,0,-0.9924020376385531,1,2,1,0,0,0,0,0,2,0,1,2,0.6394032351449919,-0.735158231432997
0,0,1,1,-0.748079855318371,1,2,2,1,1,1,1,1,1,0,0,3,-1.303237458049206,-0.8414612556730522
0,0,0,0,0.43281069256250915,0,1,0,0,0,2,0,2,2,0,1,0,-0.5221928679711283,-0.08979585808436519
0,0,1,0,1.5322605130033284,0,1,0,2,0,2,2,0,2,2,1,0,-0.49560411596847015,0.4810948386022151
1,0,1,1,-0.055833672077855064,1,2,1,2,0,2,2,0,0,0,0,2,0.8155537171626008,0.2396795455366072
1,0,1,0,1.6137012404433893,1,2,1,2,0,2,2,2,2,2,1,1,1.5666859612376889,2.5550295615690706
0,0,0,0,0.06632741908223598,1,0,0,2,0,2,2,2,0,2,0,1,0.09599561609066982,0.026279367802991446
1,0,1,1,-0.5444780367182193,1,0,2,1,1,1,1,1,1,1,0,3,-1.4943441130683104,-0.8537923182483149
0,0,1,0,0.8400143297628127,1,0,1,2,2,2,0,2,2,1,1,0,1.3739175092184182,1.539735310962558
0,0,1,1,-1.1960038562387048,0,1,0,0,2,0,0,0,2,0,0,3,-0.8130073430001998,-0.9649704137390555
1,0,0,0,-0.7888002190384014,1,0,1,0,2,2,0,0,0,0,1,2,0.4998122871310375,-0.5763103215860084
1,0,1,0,-0.3408762181180675,1,0,0,2,0,0,2,2,2,1,0,0,0.32033821111309646,-0.2500776124168493
0,1,0,0,-1.1552834925186746,1,2,1,0,0,2,0,0,2,0,1,2,0.8005975441611056,-0.8414612556730522
0,1,0,0,-0.015113308357824713,1,0,1,0,0,0,0,0,2,0,1,2,0.4898415051300408,0.16997264439558735
0,0,0,0,0.26992923768238775,0,1,0,2,2,0,2,0,0,1,1,0,-0.8130073430001998,-0.2864752032025084
1,0,1,0,1.6137012404433893,1,2,1,0,2,2,2,2,2,2,1,1,1.4952286902305454,2.4173143135236947
0,0,0,0,1.125056875803025,1,2,1,0,2,2,0,2,2,0,1,2,1.3672703212177542,1.816224646057983
0,0,0,1,-1.1552834925186746,1,2,2,1,1,1,1,1,1,0,1,3,-1.3065610520495383,-0.9686322319635521
1,0,0,0,1.6137012404433893,1,2,2,1,1,1,1,1,1,2,0,0,-1.329826210051864,-0.22153307758252036
0,0,1,0,-0.9516816739185228,0,1,0,0,0,2,0,2,2,0,1,2,-0.532163649972125,-0.8106887470997223
0,0,0,0,-0.13727439951791576,0,1,0,2,2,0,2,0,0,1,0,1,-0.8395960950028577,-0.5280890285814928
1,0,0,0,-0.5851984004382496,1,2,2,1,1,1,1,1,1,1,0,3,-1.3630621500551865,-0.8184976847591909
0,1,1,0,1.6137012404433893,1,2,0,2,2,2,2,2,2,2,1,1,0.8238627021634315,1.8393426309933594
1,0,0,0,-1.2367242199587352,1,0,2,1,1,1,1,1,1,0,0,3,-1.4860351280674797,-0.9869413230860352
1,0,1,0,1.5729808767233588,1,2,1,2,2,2,0,2,2,1,1,2,1.4902432992300467,2.459336986521683
1,0,1,0,-0.9924020376385531,1,0,2,1,1,1,1,1,1,0,1,0,-1.502653098069141,-0.9346832063762008
0,1,1,0,1.6137012404433893,1,2,0,2,2,2,2,2,2,2,1,1,0.7740087921584478,1.829107187281513
1,0,1,0,1.5729808767233588,1,0,0,2,0,2,2,0,2,2,1,1,0.20235062410130134,1.1883992937242593
1,0,0,0,0.47353105628253944,1,0,1,2,2,2,0,2,2,1,1,2,1.3722557122182522,0.9843080755734003
1,0,1,1,0.5956921474426305,1,2,2,1,1,1,1,1,1,2,0,3,-1.3364733980525287,-0.49380911580518105
0,1,0,0,-0.21871512695797646,1,2,1,2,2,2,0,2,2,1,1,0,1.5201556452330371,0.2549444745206533
1,0,0,0,-1.2774445836787656,1,0,0,2,0,0,0,0,0,0,0,2,-0.4989277099688025,-0.983830983509806
0,0,1,0,0.5549717837226001,1,2,2,1,1,1,1,1,1,1,0,3,-1.3231790220511994,-0.49140466889873446
1,0,0,0,-0.8702409464784621,0,1,0,0,2,2,0,0,0,0,0,3,-0.9991286070188055,-0.8365641252764363
1,1,1,0,0.35136996512244845,1,2,1,0,0,2,0,2,2,0,1,2,1.1645310871974868,0.8733505715419668
0,0,1,0,1.4915401492832983,1,0,0,0,2,0,0,0,2,2,1,1,-0.11006721192992953,0.8168350396675069
1,0,0,0,-0.7888002190384014,1,0,2,1,1,1,1,1,1,1,1,2,-1.4893587220678117,-0.8938076089666093
0,0,1,1,0.5142514200025698,1,0,2,1,1,1,1,1,1,2,1,0,-1.4876969250676457,-0.6147152946513613
1,0,0,0,-0.3408762181180675,1,2,2,1,1,1,1,1,1,1,0,2,-1.3348116010523623,-0.7443127769942385
1,0,0,0,1.3286586944031769,1,2,2,1,1,1,1,1,1,2,0,3,-1.2965902700485417,-0.27573239913425635
0,1,1,0,-1.2774445836787656,1,0,0,2,0,0,0,0,0,0,1,2,-0.5055748979694671,-0.9839192200935288
1,0,1,0,0.758573602322752,1,0,0,2,0,0,2,2,2,1,1,0,0.3868100911197414,0.7440839763880502
0,0,0,0,-0.8702409464784621,1,0,2,1,1,1,1,1,1,1,0,3,-1.4876969250676457,-0.9122711141106072
0,0,0,0,-1.1145631287986442,1,0,1,0,2,0,0,2,2,0,1,2,1.0465435001856922,-0.7796956470670853
1,0,0,0,-0.9924020376385531,1,0,2,1,1,1,1,1,1,0,1,0,-1.4976677070686424,-0.931264038756942
1,0,1,0,1.5729808767233588,1,2,0,2,2,2,2,0,2,2,0,1,0.5197538511330312,1.5209409186295995
0,0,0,0,-0.7073594915983407,1,0,1,0,0,2,0,2,2,0,1,1,0.9717626351782166,-0.34160100888333395
0,0,1,0,-0.1779947632379461,1,0,2,1,1,1,1,1,1,0,0,3,-1.4710789550659844,-0.7573717913852144
0,0,0,0,-0.6666391278783103,1,2,1,0,0,0,0,0,0,0,1,1,0.3319707901142591,-0.5075299045740781
1,0,1,1,0.8400143297628127,1,2,0,2,2,0,2,0,0,1,0,0,-0.020330173920958795,0.5346323857760302
0,0,1,1,-0.748079855318371,1,0,0,2,2,0,2,0,0,0,0,0,-0.17653909193657447,-0.6612821517110744
0,0,0,0,0.6771328748826912,1,0,1,0,0,2,2,2,2,2,0,1,1.1927816362003112,1.1638474643033878
0,0,1,0,1.5729808767233588,0,1,0,0,0,2,2,0,2,2,1,2,-0.5886647479777732,0.43406473947795743
0,0,1,1,0.5142514200025698,1,0,2,1,1,1,1,1,1,2,0,3,-1.4594463760648215,-0.6121784928693306
0,0,1,0,0.8400143297628127,1,2,1,0,2,0,0,2,2,0,1,1,1.1180007711928355,1.2660916056921938
0,0,0,0,-0.2594354906780068,0,1,0,0,0,2,2,2,0,0,1,1,-0.6750781919864114,-0.48350749465554305
0,0,1,0,1.4100994218432374,1,2,0,0,2,2,2,2,2,2,0,0,0.7108605061521354,1.5900742819764213
0,0,1,0,-1.2367242199587352,1,2,1,0,0,0,0,2,0,0,1,2,0.641065032145158,-0.9466392634706415
0,1,0,0,-0.62591876415828,1,2,1,0,0,2,0,0,0,0,1,1,0.5945347161405068,-0.3572188842022713
0,1,0,0,-0.7888002190384014,1,2,1,0,0,0,0,0,2,0,1,2,0.572931355138347,-0.5084784478490982
1,0,0,0,1.5729808767233588,1,2,1,2,0,2,0,2,2,2,0,0,1.393859073220412,2.251142767227713
0,0,1,0,1.4508197855632678,1,2,0,2,0,0,2,0,0,1,0,0,-0.21642221994056152,0.7482310958230222
1,0,1,1,-1.2774445836787656,1,0,2,1,1,1,1,1,1,0,0,3,-1.4976677070686424,-0.9970885302141583
1,0,0,1,-0.9109613101984924,1,0,2,1,1,1,1,1,1,1,1,0,-1.4893587220678117,-0.9089401830750711
0,0,1,1,0.35136996512244845,1,0,0,2,2,0,2,2,2,2,0,2,0.45494376812655235,0.3735565021900405
0,1,1,0,-0.055833672077855064,0,1,0,2,2,2,0,0,2,1,1,1,-0.4773243489666429,-0.3086667040087952
1,0,0,0,-0.8702409464784621,1,0,0,0,0,2,0,2,2,0,1,2,0.15249671409631763,-0.6915472999279981
1,0,0,0,-1.2774445836787656,1,2,2,1,1,1,1,1,1,0,1,3,-1.3215172250510334,-0.9947502607455038
1,0,0,1,-0.4223169455581282,1,0,2,1,1,1,1,1,1,0,0,1,-1.4827115340671475,-0.8149682214102786
1,0,0,0,1.002895784642934,1,2,1,0,0,0,2,2,0,2,1,1,0.8537750481664219,1.301518594056902
0,0,1,0,-0.8295205827584317,1,0,0,0,2,0,0,0,0,0,1,2,-0.44907379996381874,-0.7357317692271953
0,0,0,0,1.4100994218432374,1,2,2,1,1,1,1,1,1,2,1,0,-1.3015756610490399,-0.21590799537019123
1,0,1,0,-0.13727439951791576,0,1,0,0,0,0,0,2,0,0,0,3,-1.0307027500219619,-0.5605159730996254
1,0,1,1,-1.1552834925186746,1,0,2,1,1,1,1,1,1,0,1,3,-1.4710789550659844,-0.9715440392264048
0,0,0,0,-0.30015585439803716,0,1,0,0,0,2,0,2,2,0,1,2,-0.5487816199737862,-0.4349773736079976
0,0,1,1,1.6137012404433893,0,1,0,2,2,2,2,0,2,2,0,1,-0.3028356639492,0.7060319496575884
1,0,1,1,1.6137012404433893,1,2,0,2,2,2,2,2,2,2,1,3,0.8188773111629334,1.8074451059775634
0,0,0,0,-0.9516816739185228,0,1,0,0,2,0,0,0,2,0,0,2,-0.7980511699987046,-0.8472186927609655
1,0,1,1,0.8400143297628127,1,2,0,2,2,0,0,0,2,2,0,0,0.16412929309748078,0.6204424634464628
0,0,1,0,1.4508197855632678,1,2,1,2,2,2,0,2,2,2,1,0,1.5301264272340338,2.326739460332231
1,1,0,0,1.002895784642934,1,0,0,0,0,2,2,0,0,1,1,2,-0.3742929349563432,0.33356327061767704
0,0,1,1,-0.7073594915983407,1,2,2,1,1,1,1,1,1,0,1,2,-1.3132082400502028,-0.8315787582960975
0,0,1,1,-0.38159658183809786,1,0,2,1,1,1,1,1,1,2,1,3,-1.4993295040688086,-0.8065636868106809
1,0,1,1,-0.8295205827584317,1,2,2,1,1,1,1,1,1,2,1,0,-1.3547531650543558,-0.8868148597065765
1,0,1,0,0.10704778280226633,0,1,0,2,0,2,0,2,2,1,0,1,-0.3859255139575061,-0.15389973615898647
0,0,1,0,-0.5444780367182193,1,2,1,0,0,2,0,0,2,0,0,3,0.827186296163764,-0.22883465488558288
1,0,0,1,-0.9924020376385531,1,2,1,0,0,0,0,0,2,0,0,0,0.6560212051466532,-0.713429972691255
1,0,0,0,0.8400143297628127,1,0,2,1,1,1,1,1,1,2,0,0,-1.4993295040688086,-0.5743029393063145
1,0,0,0,-0.7888002190384014,1,0,2,1,1,1,1,1,1,0,1,2,-1.4744025490663168,-0.8947561522416294
0,1,0,0,-1.2774445836787656,1,0,1,0,0,2,0,0,0,0,1,0,0.3502505571160864,-0.972558759939217
0,0,1,1,-0.38159658183809786,1,2,1,0,0,0,0,0,2,0,0,2,0.6925807391503077,-0.18147366857236458
0,1,0,0,-0.748079855318371,0,1,0,0,0,0,0,2,2,0,1,2,-0.6119299059800988,-0.7089960843591838
1,0,0,0,-0.0965540357978854,1,0,0,2,0,2,0,0,0,2,1,3,-0.3028356639492,-0.276129463761009
0,0,1,0,-0.9924020376385531,1,0,2,1,1,1,1,1,1,2,1,3,-1.4926823160681442,-0.9411024178420354
1,0,0,0,-0.6666391278783103,1,2,0,0,2,2,0,0,2,0,1,0,0.22063039110312907,-0.4710220180587655
1,1,1,0,1.0436161483629645,1,2,1,0,2,0,0,2,2,0,1,2,1.1346187411944968,1.5445662639213817
1,0,0,0,-1.0331224013585834,1,2,1,0,2,0,0,2,2,0,1,2,1.1645310871974868,-0.7087534337539461
0,1,0,0,-1.0738427650786138,1,2,1,0,2,0,0,2,2,0,1,2,1.113015380192337,-0.7584526895358188
0,0,1,0,1.5729808767233588,1,0,0,2,0,2,2,2,2,2,0,0,0.5679459641378485,1.6079642493262207
1,0,0,0,-1.2774445836787656,1,0,0,0,0,0,0,0,0,0,1,3,-0.6601220189849164,-0.9859707206650842
1,0,1,0,1.002895784642934,1,2,1,2,2,2,2,2,0,0,1,2,1.2725478922082847,1.6085598462663497
0,0,0,0,-1.2774445836787656,1,0,2,1,1,1,1,1,1,0,0,2,-1.5109620830699715,-0.9972650033816037
0,0,0,0,-0.38159658183809786,1,0,2,1,1,1,1,1,1,0,1,0,-1.477726143066649,-0.7981591522110832
0,0,0,0,0.26992923768238775,1,0,0,0,2,0,0,2,0,1,1,1,-0.2047896409393986,-0.024368431253901538
1,0,0,0,0.5956921474426305,1,2,1,2,2,0,2,2,0,0,0,3,1.1961052302006432,1.0541914498818656
1,1,1,0,-0.8702409464784621,1,0,2,1,1,1,1,1,1,0,0,3,-1.4893587220678117,-0.9110358019384879
0,0,0,1,0.35136996512244845,1,2,1,0,2,0,0,2,0,0,1,0,0.788964965159943,0.6023539637832868
0,0,0,0,-1.1960038562387048,1,0,0,2,2,0,2,0,2,2,0,3,0.21065960910213194,-0.9116534580245476
1,0,0,0,-0.13727439951791576,1,0,0,0,0,2,2,2,2,1,1,0,0.35191235411625243,-0.015809482632788932
0,0,1,1,1.4915401492832983,1,2,1,2,2,2,2,2,0,1,1,1,1.3406815692150957,2.1860903458780716
0,1,0,0,0.22920887396235737,1,0,0,2,2,0,0,0,0,0,1,1,-0.2529817539442163,-0.012831497932144099
1,0,1,0,-0.6666391278783103,1,2,1,0,0,0,0,0,0,0,1,0,0.3020584441112687,-0.43921272962669244
0,0,1,0,0.43281069256250915,1,0,0,2,0,2,2,2,2,2,1,2,0.466576347127715,0.5208454195693412
0,0,0,0,-1.0738427650786138,0,1,0,0,0,0,2,2,2,1,1,3,-0.5155456799704636,-0.893013479713104
0,0,1,0,-0.30015585439803716,1,2,2,1,1,1,1,1,1,1,1,3,-1.261692533045053,-0.6821501037615189
0,0,0,0,-1.2774445836787656,1,0,1,0,0,0,0,0,0,0,1,3,0.179085466098976,-0.9748308519700793
1,1,1,0,0.35136996512244845,1,0,1,0,2,0,0,2,2,0,1,2,0.9900424021800438,0.6934141181852265
1,0,0,0,0.5142514200025698,1,2,1,0,0,2,2,2,2,0,1,0,1.2924894562102784,1.0888904864308608
0,0,0,0,-1.1145631287986442,1,0,1,0,2,0,0,2,0,0,1,3,0.682609957149311,-0.8202844755795778
0,0,1,0,0.5142514200025698,1,2,1,2,2,2,2,2,2,1,0,3,1.61321627724234,1.2143629084846965
0,1,1,0,0.47353105628253944,1,2,1,0,0,2,2,2,2,0,0,2,1.3091074262119398,0.9776241543563972
0,0,1,0,1.1657772395230555,1,0,0,0,0,2,2,2,2,2,1,0,0.3003966471111027,1.030742577757529
1,0,1,1,0.7992939660427822,1,2,1,0,2,0,2,0,2,0,1,0,0.9468356801757247,1.0376470904338388
0,0,0,0,-1.0738427650786138,1,2,1,2,0,0,0,0,0,0,1,2,0.4748853321285456,-0.8140858555730505
1,1,1,1,1.2879383306831464,1,2,2,1,1,1,1,1,1,2,1,0,-1.341458789053027,-0.32254190679920697
0,0,1,1,-0.5444780367182193,1,0,2,1,1,1,1,1,1,2,0,3,-1.4827115340671475,-0.8347332161641879
1,1,0,0,1.5729808767233588,1,2,1,0,2,0,2,2,2,1,0,0,1.3622849302172555,2.2514074769788817
1,0,1,0,0.5142514200025698,1,2,1,0,2,0,0,0,0,0,0,0,0.5529897911363537,0.6600606895380043
1,1,1,0,0.7178532386027215,1,2,1,2,2,2,0,2,0,1,1,0,1.2343265612044643,1.3172688242514234
0,0,1,0,1.4508197855632678,1,2,1,2,2,2,2,2,2,2,0,3,1.789366759259949,2.5192937451613324
1,1,0,0,-1.2774445836787656,1,0,1,0,0,0,0,0,0,0,1,2,0.16246749609731476,-0.9750514434293864
0,1,0,0,-0.8295205827584317,1,2,1,0,2,0,0,2,0,0,1,2,0.8820255971692458,-0.5229051292877777
0,0,0,0,0.025607055362205634,1,2,1,2,0,0,0,0,2,0,1,2,0.8604222361670865,0.31318061977770784
0,1,1,1,-0.015113308357824713,1,2,1,0,0,2,0,2,0,0,1,3,0.8836873941694119,0.27212854920067064
1,0,1,1,1.5729808767233588,1,0,2,1,1,1,1,1,1,2,1,0,-1.5009913010689746,-0.3936605932797918
0,1,1,0,-0.62591876415828,1,2,1,0,0,0,0,2,2,0,1,2,0.9235705221733989,-0.293401775024749
1,0,1,1,-0.5444780367182193,1,0,0,2,0,0,0,0,0,1,1,0,-0.5255164619714603,-0.5841854366832692
1,1,1,0,0.880734693482843,1,2,1,0,0,0,0,0,0,0,0,0,0.3070438351117673,0.7232822017753978
0,0,1,0,1.002895784642934,0,1,0,2,2,2,0,2,2,0,1,0,-0.19980424993890028,0.51076438987901
1,0,1,1,1.4508197855632678,1,0,0,2,2,0,2,2,2,2,0,0,0.6011819041411709,1.542691236517272
0,0,1,1,0.8400143297628127,0,1,0,2,2,2,0,0,2,0,1,0,-0.533825446972291,0.09505978481492162
0,0,0,0,0.6364125111626608,1,2,1,0,2,2,0,2,2,0,1,0,1.4171242312227377,1.2536502473872777
1,0,1,1,0.14776814652229667,1,0,0,2,2,0,0,0,0,1,0,3,-0.3693075439558449,-0.15017174049669785
1,0,0,0,0.10704778280226633,1,0,0,2,2,2,0,0,0,1,0,3,-0.11837619693076015,-0.11406091860813782
0,0,1,0,1.4100994218432374,1,2,0,2,2,2,0,0,0,2,0,3,0.0295237360840249,0.9013877460198897
1,0,0,0,0.8400143297628127,0,1,0,2,2,0,0,0,2,0,1,0,-0.613591702980265,0.11784688256133734
0,0,1,1,-0.4223169455581282,1,2,1,0,0,0,0,0,0,0,1,0,0.36686852711774764,-0.29322530185730344
1,1,0,0,-0.0965540357978854,1,0,0,2,2,0,0,2,2,0,1,2,0.3319707901142591,-0.07431033764101187
0,0,0,0,0.7178532386027215,1,0,1,0,2,0,2,2,2,2,1,3,1.1778254631988159,1.2170982425801034
1,0,1,1,0.5142514200025698,1,0,2,1,1,1,1,1,1,2,0,3,-1.4760643460664828,-0.5958326657346801
0,0,0,0,-0.13727439951791576,0,1,0,0,0,0,0,0,0,0,1,1,-1.3181936310507012,-0.6912825901768298
1,0,0,0,-0.8295205827584317,1,0,0,0,0,0,0,0,0,0,1,0,-0.6435040489832552,-0.7768500172420246
1,0,0,0,-1.1960038562387048,0,1,0,0,2,0,2,0,0,0,1,3,-0.9276713360116622,-0.9578232504575079
1,0,0,0,-1.2774445836787656,0,1,0,0,0,0,0,0,2,0,1,0,-0.9808488400169781,-0.9902281358297098
1,0,1,0,-1.2367242199587352,1,0,1,0,0,0,0,2,2,0,1,0,0.8238627021634315,-0.923918343162018
0,0,1,0,-0.21871512695797646,1,0,1,0,2,0,0,0,0,0,1,2,0.37683930911874425,-0.0822075118842034
0,1,1,0,0.9214550572028734,1,2,1,0,2,2,0,0,0,0,1,2,0.6875953481498096,1.1448545396570529
0,0,1,1,-1.2774445836787656,1,0,2,1,1,1,1,1,1,0,1,2,-1.491020519067978,-0.9970002936304354
1,0,0,0,-1.1552834925186746,1,2,1,0,0,0,2,0,0,0,0,1,0.53304822713436,-0.8591085724176142
0,0,1,1,0.9214550572028734,1,2,2,1,1,1,1,1,1,2,1,1,-1.2999138640488739,-0.3934179426745541
1,0,1,1,-0.9924020376385531,1,0,0,0,0,0,0,2,0,0,1,2,-0.34438058895335305,-0.79617382907732
1,0,0,0,1.5322605130033284,1,2,1,2,2,2,2,2,2,2,1,0,1.6680555782478224,2.3962919474517355
0,0,1,0,1.2879383306831464,0,1,0,2,0,2,2,0,2,2,0,2,-0.562075995975115,0.3828434026268663
1,0,0,0,-0.8702409464784621,1,0,1,0,2,0,0,0,0,0,1,3,0.37019212111808014,-0.6235389530236424
1,0,0,0,-1.2774445836787656,1,0,0,2,0,0,0,0,0,0,1,3,-0.5388108379727895,-0.9843604030121428
1,0,0,0,-1.2774445836787656,1,0,1,0,0,0,0,0,0,0,0,0,0.1657910900976468,-0.9750073251375251
1,0,0,0,-1.2774445836787656,1,0,1,0,0,0,0,2,0,0,1,2,0.5047976781315361,-0.9705072593676618
1,0,1,1,1.369379058123207,1,2,2,1,1,1,1,1,1,1,1,1,-1.2982520670487077,-0.2493496606011362
1,0,0,0,-0.7888002190384014,1,0,0,0,0,0,2,0,0,0,1,3,-0.47233895796614456,-0.7363273661673242
0,0,1,0,1.6137012404433893,1,2,2,1,1,1,1,1,1,2,0,0,-1.3331498040521963,-0.19839303350121346
1,0,0,0,1.6137012404433893,0,1,0,2,2,2,2,2,2,2,1,0,0.0278619390838584,1.0088819641402027
0,0,1,1,0.7992939660427822,1,0,1,0,2,2,2,0,0,0,0,0,0.6992279271509723,0.9501163993808115
0,0,1,0,-0.2594354906780068,1,0,1,0,0,0,2,0,2,0,0,1,0.7025515211513048,-0.03674361212102571
1,0,0,1,0.025607055362205634,0,1,0,2,0,0,2,0,0,1,0,1,-1.0207319680209652,-0.5143241215207344
0,0,0,0,-0.7888002190384014,1,2,1,0,0,0,0,0,2,0,1,2,0.6593447991469852,-0.5137726428724668
0,0,0,0,-0.7888002190384014,0,1,0,0,2,0,0,0,0,0,1,2,-1.1204397880309327,-0.8525790652221262
1,0,0,0,-0.21871512695797646,1,0,2,1,1,1,1,1,1,1,0,3,-1.477726143066649,-0.7432539379895647
1,0,1,0,1.369379058123207,1,2,0,2,2,2,2,2,2,2,0,0,0.895319973170575,1.6748034614962493
1,0,1,1,1.5729808767233588,1,2,1,2,2,2,2,2,2,2,1,0,1.6364814352446657,2.6012875905857533
0,0,0,0,-1.2774445836787656,1,0,0,0,0,0,0,0,0,0,0,3,-0.6468276429835875,-0.9857942474976384
0,0,0,0,1.125056875803025,0,1,0,2,0,2,0,0,2,1,1,2,-0.6750781919864114,0.2180174642326574
1,0,1,0,-0.9924020376385531,1,0,1,2,0,0,0,0,0,0,1,2,0.3236618051134285,-0.7367023716481461
0,0,1,0,0.9214550572028734,1,2,1,0,2,2,0,2,0,0,1,1,0.9867188081797118,1.2323852307100804
1,0,1,0,1.5729808767233588,1,2,1,0,2,2,2,2,2,2,1,1,1.4570073592267243,2.3873138750579392
0,0,1,1,0.26992923768238775,1,0,0,0,0,2,0,2,0,0,1,3,-0.16324471593524553,0.027249970223942273
0,1,1,0,-0.2594354906780068,1,0,1,0,0,2,0,2,0,0,1,1,0.6959043331506402,-0.09385474093561436
1,0,1,0,0.8400143297628127,0,1,0,0,2,2,2,2,2,1,1,2,-0.143303151933252,0.3990568748859326
0,0,1,0,-1.1145631287986442,1,0,1,0,2,0,2,2,2,0,1,3,1.1429277261953275,-0.8006077174093913
1,0,0,0,1.6137012404433893,1,2,1,0,2,2,0,2,2,1,1,2,1.3356961782145975,2.3226364591891198
0,0,1,1,-0.21871512695797646,1,0,1,2,0,0,0,0,0,0,0,3,0.32033821111309646,-0.1356127041824342
1,0,1,1,-0.8702409464784621,1,0,0,0,0,2,0,2,0,0,1,0,-0.1698919039359101,-0.7043416045678056
0,1,1,0,1.6137012404433893,1,2,1,2,2,0,0,2,2,1,1,0,1.39884446422091,2.3813579056566496
0,0,1,0,0.35136996512244845,1,0,1,2,2,2,0,2,2,1,1,0,1.3190782082129364,0.8304455327067505
0,0,0,0,0.14776814652229667,1,2,0,0,2,0,2,0,2,1,1,3,0.19736523310080326,0.10244959870170696
0,1,1,0,-0.8702409464784621,1,0,1,0,0,0,2,2,0,0,1,2,0.6028437011413373,-0.6175168061845606
1,0,0,1,1.2064976032430856,1,0,2,1,1,1,1,1,1,2,0,0,-1.4876969250676457,-0.45425706715143155
0,0,0,0,-0.5037576729981889,0,1,0,0,0,0,0,0,0,0,0,1,-1.3248408190513656,-0.7825633360380766
0,0,0,0,0.9214550572028734,1,0,0,0,0,0,0,0,0,1,0,0,-0.6551366279844181,0.08067722166810365
0,0,1,1,0.5142514200025698,0,1,0,0,2,2,2,0,2,1,0,0,-0.4573827849646494,-0.006721114509339551
0,0,1,1,1.5729808767233588,1,2,1,2,2,2,0,2,2,2,1,0,1.4703017352280534,2.374475452126271
0,1,0,0,-1.2774445836787656,0,1,0,0,0,0,0,2,0,0,1,2,-0.9409657120129912,-0.9896987163273729
0,0,1,1,-0.13727439951791576,1,2,2,1,1,1,1,1,1,2,0,3,-1.2849576910473786,-0.7002386034246949
1,0,0,0,-0.9109613101984924,1,0,0,0,0,0,0,0,0,0,0,3,-0.6235624849812617,-0.7886737194608813
1,0,0,0,-0.8702409464784621,1,0,2,1,1,1,1,1,1,0,0,3,-1.479387940066815,-0.9140137866391327
0,0,0,0,-0.5851984004382496,1,2,1,0,0,0,2,2,0,0,1,2,0.7839795741594444,-0.2825486752268434
0,1,0,0,1.6137012404433893,1,2,1,0,2,2,2,2,2,2,1,0,1.440389389225063,2.423998234740698
0,0,0,0,-1.2774445836787656,1,0,0,0,0,0,0,0,0,0,0,2,-0.6966815529885713,-0.9864560218755596
0,1,0,0,0.9621754209229036,1,2,1,0,2,2,2,2,0,2,1,0,1.1678546811978192,1.5117422547764967
1,0,0,0,-0.38159658183809786,1,0,1,0,2,0,0,2,2,0,0,3,1.0149693571825356,-0.038309811482105466
1,0,1,0,-0.5851984004382496,1,2,1,0,0,0,0,2,2,0,1,2,0.9950277931805424,-0.2610851262362699
0,1,0,0,-0.0965540357978854,1,2,1,2,2,2,0,0,0,0,0,1,0.895319973170575,0.2110688332644861
1,0,1,0,1.1657772395230555,1,0,2,1,1,1,1,1,1,1,1,1,-1.4694171580658184,-0.45341881960606484
1,0,0,0,0.3920903288424788,1,2,2,1,1,1,1,1,1,1,0,2,-1.3198554280508674,-0.5867222384653
0,0,1,0,0.7178532386027215,1,2,1,0,0,0,0,2,0,0,1,0,0.6526976111463211,0.8101952367423654
1,0,0,0,-0.21871512695797646,1,2,1,0,0,2,0,0,0,0,1,2,0.5496661971360212,-0.003059296284842858
0,0,0,0,-1.2774445836787656,1,0,1,0,0,0,0,0,0,0,1,2,0.20235062410130134,-0.9745220239270497
0,1,0,0,0.5142514200025698,1,2,0,2,0,0,2,0,2,0,1,2,0.17576187209864347,0.3453207953987413
1,1,1,0,1.5322605130033284,1,0,1,2,2,2,0,2,2,2,0,1,1.3489905542159264,2.3083421326260245
1,0,0,0,-0.5851984004382496,0,1,0,0,2,2,0,0,0,0,1,1,-1.0390117350227925,-0.7410700825424252
0,0,0,0,-1.1960038562387048,1,0,1,0,0,2,0,0,0,0,1,3,0.3319707901142591,-0.9007341807888498
0,0,1,1,0.26992923768238775,1,0,1,0,0,2,2,0,0,0,1,0,0.5563133851366857,0.3651078492985816
0,0,1,1,0.7992939660427822,1,0,2,1,1,1,1,1,1,2,0,3,-1.5093002860698053,-0.55061141657674
0,0,0,0,-1.1552834925186746,1,0,1,2,0,2,2,0,2,0,1,0,0.9850570111795457,-0.834953807623495
1,0,1,0,1.4508197855632678,1,2,1,0,2,2,2,2,2,2,1,0,1.503537675231376,2.352438365341499
0,0,1,0,-0.2594354906780068,1,0,2,1,1,1,1,1,1,1,0,3,-1.5142856770703037,-0.8030121643158379
1,0,0,0,-1.2774445836787656,1,0,0,0,2,0,0,0,0,0,0,3,-0.4690153639658123,-0.9834339188830533
0,0,0,0,0.7992939660427822,1,0,2,1,1,1,1,1,1,1,0,3,-1.4660935640654862,-0.5544717671146129
0,0,0,1,-0.8295205827584317,1,0,0,0,0,0,0,0,0,0,1,2,-0.6717545979860794,-0.7937473230249428
0,0,0,0,-0.13727439951791576,1,2,0,0,0,0,0,2,2,1,1,1,0.2073360151017999,-0.08807524470177035
0,0,0,0,-1.2774445836787656,1,0,1,0,0,0,0,0,2,0,1,2,0.4964886931307054,-0.9706175550973154
1,0,0,0,-0.3408762181180675,1,0,0,2,0,0,0,0,0,0,1,0,-0.5055748979694671,-0.47177202902040927
0,0,1,1,1.3286586944031769,1,2,0,2,2,2,2,2,2,2,1,3,0.8537750481664219,1.6227438770997913
1,0,0,0,-1.1145631287986442,0,1,0,0,2,0,0,2,2,0,1,3,-0.4573827849646494,-0.8707999197608866
0,0,1,1,0.10704778280226633,1,0,2,1,1,1,1,1,1,2,0,1,-1.4976677070686424,-0.683539829955153
1,0,0,0,0.18848851024232702,1,2,0,2,2,2,2,2,2,1,1,0,0.85876043916692,0.47599917589222296
0,0,0,0,0.14776814652229667,0,1,0,2,2,2,2,0,2,2,1,3,-0.3875873109576722,-0.1669808096958931
1,0,0,0,-1.1552834925186746,1,0,1,0,0,0,0,2,0,0,1,2,0.5396954151350245,-0.8554026359012562
0,0,1,1,1.5322605130033284,1,2,2,1,1,1,1,1,1,2,0,0,-1.33148800705203,-0.26198955121942863
0,0,0,0,-1.2367242199587352,1,0,2,1,1,1,1,1,1,0,0,0,-1.5292418500717988,-0.9823309615865182
1,1,0,0,-1.1552834925186746,1,0,1,2,0,0,0,0,0,0,0,2,0.35191235411625243,-0.8851604237617738
1,0,1,0,1.5729808767233588,1,2,1,0,2,2,0,0,2,0,1,0,0.9468356801757247,1.9366675828396185
0,1,1,0,1.6137012404433893,1,2,0,2,2,2,2,2,2,2,1,0,0.8338334841644282,1.9489765862689508
0,1,1,0,0.5956921474426305,1,2,0,2,2,2,0,0,0,0,1,1,0.08934842809000525,0.4289470176220345
1,0,1,0,0.9214550572028734,1,0,0,2,2,2,0,0,0,2,0,2,-0.2047896409393986,0.34803407034821776
1,0,1,0,0.758573602322752,1,2,1,0,0,0,0,2,2,0,1,2,0.9933659961803764,1.1175232578489125
1,0,0,0,1.6137012404433893,1,2,1,2,2,2,2,2,2,2,1,2,1.7760723832586203,2.7650767491212194
1,0,1,1,1.6137012404433893,1,2,1,2,2,2,2,2,2,2,0,0,1.651437608246161,2.568044457668185
1,0,1,1,0.22920887396235737,1,0,0,2,2,2,2,2,0,1,0,2,0.3087056321119333,0.23054705912129644
1,0,1,1,-0.9924020376385531,1,2,0,2,2,0,2,0,2,2,1,1,0.37850110611891075,-0.7208639048699018
0,1,0,0,-0.21871512695797646,1,2,1,0,0,2,0,0,2,0,0,1,0.7823177771592784,0.08294931369896605
1,0,0,0,-1.0738427650786138,1,0,0,0,0,2,0,2,0,0,0,3,-0.12834697893175703,-0.8230859871127771
1,0,0,0,-0.62591876415828,1,0,2,1,1,1,1,1,1,2,0,3,-1.51594747407047,-0.8542555603128597
1,0,1,1,1.5729808767233588,1,0,2,1,1,1,1,1,1,2,0,3,-1.4943441130683104,-0.38977818359598815
0,0,1,0,0.3920903288424788,1,0,1,0,0,2,2,2,2,2,1,1,1.1379423351948288,0.8185115347582403
0,0,0,0,-1.2774445836787656,1,0,2,1,1,1,1,1,1,0,0,3,-1.4760643460664828,-0.9968017613170591
0,0,1,0,1.5322605130033284,1,2,1,0,2,2,2,2,2,1,1,2,1.4869197052297147,2.3801005343386
1,0,0,0,-0.9516816739185228,1,0,1,2,0,0,0,0,0,0,0,2,0.36022133911708304,-0.7139152739017305
1,0,0,1,-1.2774445836787656,1,0,2,1,1,1,1,1,1,0,0,3,-1.4926823160681442,-0.9970223527763662
0,0,0,0,-0.9109613101984924,0,1,0,2,2,2,0,0,0,0,0,0,-0.7997129669988706,-0.8075563483775625
1,0,1,0,0.6771328748826912,1,0,1,0,2,0,0,2,2,2,1,2,0.9983513871808745,1.063654823486137
0,0,1,0,0.5549717837226001,0,1,0,0,0,0,0,2,2,0,1,2,-0.6916961619880726,-0.11995071057163544
0,0,1,0,0.5549717837226001,1,2,1,0,2,0,2,2,2,1,1,2,1.2758714862086173,1.021301263299188
0,1,1,0,-1.1552834925186746,1,2,1,2,0,0,0,2,2,0,1,2,1.157883899196822,-0.8524025920546806
1,0,1,0,1.5729808767233588,1,2,1,0,2,2,0,2,2,2,1,0,1.3705939152180862,2.4017846747884803
1,0,1,1,-0.748079855318371,1,0,0,2,2,0,0,0,2,2,1,0,-0.11172900893009581,-0.6459731044351669
1,0,1,1,1.4100994218432374,1,0,0,2,2,0,0,0,0,2,1,0,-0.3510277769540174,0.6875684445135903
1,0,1,1,-0.9109613101984924,1,0,0,0,0,2,0,2,0,0,0,3,-0.15161213693408263,-0.7571732590718381
1,0,0,0,1.2064976032430856,1,0,2,1,1,1,1,1,1,2,1,1,-1.4860351280674797,-0.4756323795582822
1,0,1,0,1.3286586944031769,1,2,1,2,2,2,0,0,0,1,0,2,0.830509890164096,1.539669133524766
1,1,1,0,0.8400143297628127,1,2,0,2,0,0,2,0,0,1,1,2,-0.15659752793458118,0.4190865793910105
1,0,0,0,-1.1552834925186746,1,0,2,1,1,1,1,1,1,0,0,3,-1.5076384890696393,-0.9645733491123027
0,0,1,0,1.0436161483629645,1,2,0,0,2,0,2,0,0,2,1,1,-0.1615829189350795,0.5406104143232504
1,0,0,0,-1.2774445836787656,1,0,1,0,0,0,0,2,0,0,1,2,0.4748853321285456,-0.9709043239944143
0,0,0,0,1.6137012404433893,1,2,1,0,0,2,2,2,2,2,1,1,1.42044782522307,2.459138454208307
0,0,1,0,1.4915401492832983,1,0,1,2,2,0,2,2,2,1,1,1,1.3838882912194153,2.1936345737863716
0,0,1,0,-1.2367242199587352,1,0,1,0,2,2,0,0,0,0,0,0,0.4964886931307054,-0.9329846521395369
1,0,0,0,0.7992939660427822,1,2,0,2,2,0,2,2,2,2,1,3,0.677624566148813,0.9627121717072427
0,0,0,0,-0.9924020376385531,1,0,1,0,0,0,0,2,0,0,1,0,0.5097830691320341,-0.7060842770963311
0,1,0,0,1.6137012404433893,1,2,1,0,2,2,2,2,2,2,0,2,1.5583769762368582,2.498734621153918
0,0,1,0,-1.0331224013585834,1,0,0,0,0,0,0,0,0,0,1,3,-0.681725379987076,-0.8674910478712812
0,0,0,0,0.8400143297628127,1,2,1,2,2,2,0,2,0,1,0,3,1.1246479591934997,1.337717652529185
0,0,0,0,-0.8702409464784621,1,0,0,0,0,0,2,2,2,0,0,3,0.19071804510013865,-0.6399068393042237
1,0,0,0,-0.5851984004382496,0,1,0,2,0,2,0,0,0,0,0,3,-1.03568814102246,-0.7629748144516129
1,0,0,0,-1.2774445836787656,1,0,2,1,1,1,1,1,1,0,0,3,-1.4876969250676457,-0.9969561753385741
1,0,1,1,1.247217966963116,1,2,2,1,1,1,1,1,1,2,0,3,-1.3132082400502028,-0.3117770435850242
0,0,0,0,-0.0965540357978854,1,0,1,0,0,0,2,2,0,0,0,2,0.677624566148813,0.12183958797479456
1,0,0,0,-1.2774445836787656,1,0,2,1,1,1,1,1,1,0,0,3,-1.4860351280674797,-0.9969341161926433
0,0,0,1,0.3106496014024181,1,0,0,2,0,0,2,2,0,0,1,1,-0.021991970921125294,0.07968456010122203
1,0,1,1,1.0843365120829946,1,0,2,1,1,1,1,1,1,2,0,3,-1.504314895069307,-0.49936802057971813
0,1,1,0,-0.4223169455581282,1,2,0,2,2,0,2,0,0,0,1,3,-0.04027173792295256,-0.3961532767699612
1,0,1,0,1.6137012404433893,0,1,0,2,2,2,2,0,2,2,1,1,-0.3094828519498643,0.8380118197609813
0,0,1,0,-0.748079855318371,1,0,1,0,0,0,0,0,2,0,1,2,0.4433111891253892,-0.5105961258584456
0,0,1,0,1.6137012404433893,1,2,1,0,2,2,2,2,2,2,1,0,1.5184938482328711,2.5159628141257966
0,0,0,0,1.6137012404433893,1,2,1,2,2,2,2,2,2,2,0,1,1.6713791722481544,2.7023625972402323
1,0,0,0,0.6771328748826912,1,2,1,0,0,0,0,0,0,0,1,0,0.32698539911376057,0.6355750375549246
0,1,1,0,-0.5851984004382496,0,1,0,0,0,2,0,2,2,0,1,2,-0.5454580259734538,-0.6481128415904449
0,0,0,0,-0.9109613101984924,1,0,2,1,1,1,1,1,1,0,1,3,-1.491020519067978,-0.9177859005932829
0,0,1,0,-0.9924020376385531,1,2,1,0,0,0,0,0,2,0,1,1,0.6792863631489789,-0.7289816705724003
0,0,0,0,-1.0331224013585834,0,1,0,0,2,0,0,0,2,0,1,1,-0.8196545310008642,-0.8763808836813543
0,0,1,1,-1.2367242199587352,0,1,0,0,2,0,0,0,0,0,1,3,-1.1470285400335904,-0.9776544226492093
1,0,1,1,0.06632741908223598,1,0,1,0,0,2,0,2,0,0,1,3,0.641065032145158,0.27804040031009875
0,0,0,1,1.5322605130033284,1,2,0,2,2,0,2,0,0,2,0,2,0.04115631508518757,1.1522664126897688
0,0,1,0,1.6137012404433893,1,2,2,1,1,1,1,1,1,2,0,2,-1.3364733980525287,-0.23340089809323825
1,1,0,0,-0.9924020376385531,0,1,0,0,0,2,0,0,0,0,1,2,-1.1752790890364146,-0.9078813440703973
0,0,0,0,-0.6666391278783103,1,0,1,0,2,2,0,0,2,0,1,1,0.9451738831755587,-0.31149027468792506
1,0,1,0,1.4915401492832983,1,2,1,0,0,2,0,2,2,1,0,0,1.15456030519649,2.012551044841235
1,1,1,0,0.10704778280226633,1,2,1,0,0,2,0,0,0,1,1,0,0.5596369791370178,0.2362603779173483
0,0,1,1,0.9214550572028734,1,0,2,1,1,1,1,1,1,0,0,1,-1.4876969250676457,-0.5261037054477296
1,0,0,0,1.4915401492832983,1,0,2,1,1,1,1,1,1,2,1,3,-1.517609271070636,-0.44598488742741815
0,0,0,0,-1.2367242199587352,1,2,1,0,0,2,0,0,0,0,0,3,0.5264010391336954,-0.937043534990786
0,0,0,0,1.6137012404433893,1,2,2,1,1,1,1,1,1,2,0,1,-1.3065610520495383,-0.182333975263662
0,0,0,0,-1.1145631287986442,1,0,2,1,1,1,1,1,1,0,0,3,-1.4893587220678117,-0.9574261858307552
1,0,0,0,-0.9109613101984924,1,0,1,0,0,0,0,0,0,0,0,3,0.179085466098976,-0.6812897970702215
1,0,0,0,1.002895784642934,1,0,2,1,1,1,1,1,1,2,0,1,-1.5275800530716328,-0.5229713067255698
0,0,1,0,-0.30015585439803716,0,1,0,2,2,2,0,2,2,0,1,1,-0.2047896409393986,-0.34283632105545325
0,0,1,0,1.247217966963116,1,2,1,0,2,2,2,2,2,0,1,2,1.461992750227223,2.02589682812931
0,0,1,1,1.6137012404433893,1,0,0,2,0,2,2,2,2,2,1,0,0.5214156481331973,1.5913978307322634
1,0,1,0,0.6364125111626608,1,2,1,2,2,2,0,2,0,2,1,0,1.068146861187852,0.9678298935631654
1,0,1,1,0.6771328748826912,1,0,1,0,2,2,0,2,0,0,1,1,0.8521132511662559,0.9771829714377832
0,0,0,1,-0.46303730927815856,1,0,2,1,1,1,1,1,1,0,0,3,-1.462769970065154,-0.8062769179135817
1,1,1,0,1.002895784642934,0,1,0,0,0,0,0,2,2,0,1,2,-0.6617838159850825,0.129361756737164
1,0,0,0,-0.46303730927815856,1,0,0,2,0,2,0,2,0,0,0,0,0.019552954083027783,-0.37735888443700266
0,0,0,0,-0.9924020376385531,1,0,0,0,0,2,2,0,2,0,0,3,-0.021991970921125294,-0.7834015835834434
1,0,0,0,-0.9516816739185228,1,2,1,0,0,0,0,2,0,0,1,2,0.6892571451499756,-0.6564953170441119
1,0,0,0,-1.2367242199587352,1,0,1,0,0,2,0,2,2,0,0,2,1.003336778181373,-0.9272051559056929
1,0,1,0,-0.9516816739185228,1,0,1,0,2,2,2,2,0,0,1,3,1.0000131841810405,-0.6128623263931824
1,0,0,0,-0.5444780367182193,1,2,1,0,2,0,0,2,2,0,1,2,1.1695164781979852,-0.15352473067816458
0,0,0,0,-0.9924020376385531,1,0,1,2,0,0,0,2,0,0,0,2,0.6709773781481484,-0.7108931709092242
0,0,0,0,0.9621754209229036,1,2,1,0,2,0,2,2,2,0,1,0,1.3523141482162588,1.604677436582546
0,0,1,0,-0.46303730927815856,0,1,0,2,0,2,0,2,2,1,1,2,-0.2928648819482031,-0.49530913772846885
0,0,1,0,1.125056875803025,1,0,0,0,2,2,2,2,2,2,1,0,0.5264010391336954,1.1766197097972644
1,0,1,1,0.9621754209229036,0,1,0,2,2,0,2,2,0,1,1,3,-0.42414684496132693,0.2669887681988169
0,0,1,1,0.9214550572028734,1,0,2,1,1,1,1,1,1,2,0,3,-1.477726143066649,-0.5297214053803647
1,0,0,1,0.9214550572028734,1,0,2,1,1,1,1,1,1,1,0,0,-1.517609271070636,-0.5639351407188843
0,1,0,0,-0.748079855318371,1,2,1,0,0,0,0,0,0,0,1,2,0.3170146171127639,-0.522133059180203
0,0,0,0,1.1657772395230555,1,2,0,0,2,2,2,2,2,2,0,1,0.7939503561604415,1.3418647719641568
1,0,1,1,1.369379058123207,1,0,2,1,1,1,1,1,1,2,0,1,-1.4876969250676457,-0.39950626695142794
1,0,0,0,1.002895784642934,1,0,0,0,2,0,2,0,0,1,1,3,-0.33607160395252245,0.3771962612686064
1,0,0,0,1.0843365120829946,1,0,0,0,0,2,2,2,0,0,1,2,-0.003712203919297562,0.6422368996259967
1,0,0,0,0.6771328748826912,1,2,1,0,2,0,2,2,2,1,1,0,1.392197276220246,1.2742976079784152
1,0,1,0,1.4508197855632678,1,2,0,2,2,2,2,2,2,2,1,1,0.9119379431722362,1.8146363875509726
0,1,0,0,0.14776814652229667,1,2,1,0,0,0,0,0,0,0,1,0,0.33695618111475767,0.1675240791972793
0,1,1,0,-1.2774445836787656,1,0,1,0,0,0,0,0,0,0,1,2,0.15914390209698223,-0.9750955617212478
0,0,0,0,-0.0965540357978854,1,2,1,0,0,2,0,2,2,0,0,2,1.1861344481996465,0.36051954694499544
0,0,1,0,1.5729808767233588,1,2,2,1,1,1,1,1,1,2,1,1,-1.341458789053027,-0.2445628259341737
0,0,1,0,-0.9924020376385531,1,0,1,0,2,2,0,2,2,0,0,2,1.2093996062019723,-0.6339067516110726
0,1,0,0,-0.9516816739185228,1,0,1,0,0,0,0,2,0,0,1,2,0.534710024134526,-0.6741646929346046
1,0,0,0,1.4915401492832983,1,2,1,0,0,2,2,2,2,2,1,0,1.3872118852197473,2.236385198600073
0,0,0,1,1.4100994218432374,1,2,1,0,2,0,2,2,2,1,1,0,1.3905354792200795,2.1904580567723504
1,0,0,0,-0.3408762181180675,1,0,0,2,0,0,2,0,0,0,0,2,-0.32610082195152557,-0.41084466795980906
1,1,1,0,-0.6666391278783103,1,0,1,0,0,0,0,0,0,0,1,0,0.23392476710445778,-0.49056642135336787
0,0,1,1,-0.748079855318371,1,0,1,0,0,0,0,0,0,0,0,2,0.18074726309914202,-0.544081909381252
1,1,1,1,0.06632741908223598,1,2,1,0,2,2,2,2,2,0,1,2,1.4669781412277214,0.5935964828487977
0,0,1,1,0.8400143297628127,1,0,2,1,1,1,1,1,1,1,0,0,-1.502653098069141,-0.5611115700397543
0,0,1,0,-0.5037576729981889,1,2,1,0,2,2,0,2,2,0,1,0,1.3656085242175875,-0.017684510036898644
1,0,1,1,-0.3408762181180675,1,2,0,2,0,0,0,2,2,1,0,3,0.33363258711442517,-0.20229750233094776
0,0,1,0,1.2879383306831464,1,2,0,2,2,2,2,0,2,2,1,3,0.5496661971360212,1.25717971073619
1,1,1,0,1.5729808767233588,1,2,2,1,1,1,1,1,1,2,0,0,-1.3564149620545218,-0.23097439204086098
0,0,0,0,-0.9924020376385531,1,0,2,1,1,1,1,1,1,1,1,3,-1.5142856770703037,-0.9343302600413098
1,0,1,0,1.3286586944031769,1,2,0,2,2,0,0,0,2,2,1,3,0.15914390209698223,0.9615209778269844
1,0,0,0,-0.13727439951791576,1,0,0,0,0,2,0,0,0,0,0,0,-0.5255164619714603,-0.4217860043414375
0,0,1,1,0.9214550572028734,1,2,1,2,0,0,0,2,2,1,0,3,1.2010906212011416,1.3980494166496562
1,0,0,1,0.880734693482843,1,0,0,0,2,2,2,0,0,1,1,2,-0.12502338493142473,0.44264574724500083
0,0,0,0,1.369379058123207,0,1,0,2,0,2,2,2,2,2,1,0,-0.11339080593026184,0.8442766172053007
1,0,1,1,-0.055833672077855064,1,2,0,0,0,0,0,0,2,0,0,0,-0.16823010693574386,-0.20040041578090736
0,1,0,0,-1.1145631287986442,1,0,1,0,0,0,0,0,2,0,0,2,0.47156173812821356,-0.8388362173072986
1,0,0,0,-0.46303730927815856,1,0,0,0,0,2,0,0,2,0,0,3,-0.10342002392926519,-0.39094731833031543
1,0,0,0,-0.9516816739185228,0,1,0,0,0,0,0,0,0,0,1,3,-1.3348116010523623,-0.9219109608823243
1,1,0,0,-0.055833672077855064,1,2,1,0,2,0,0,2,0,0,1,2,0.8620840331672525,0.24945174718390842
1,0,1,0,0.6771328748826912,1,0,1,0,0,2,2,2,2,1,1,1,1.1462513201956595,1.1651930722051607
0,0,1,0,-0.8702409464784621,1,2,1,0,0,0,0,2,2,0,1,2,0.9717626351782166,-0.5297875828181567
0,0,0,0,-1.0738427650786138,1,2,1,0,0,0,0,2,2,0,1,0,0.9568064621767214,-0.7691293161662788
0,0,1,1,-1.318164947398796,1,0,2,1,1,1,1,1,1,2,0,3,-1.4876969250676457,-1.005779833710855
0,0,1,0,1.002895784642934,1,0,2,1,1,1,1,1,1,2,0,0,-1.491020519067978,-0.5135961697050212
0,0,0,0,-1.2367242199587352,1,0,0,0,2,0,0,2,0,0,1,2,-0.19149526493806968,-0.9554188035510612
0,0,1,0,-0.9516816739185228,1,2,1,0,0,0,0,2,0,0,1,0,0.684271754149477,-0.6728411441787624
0,0,0,0,0.22920887396235737,1,0,2,1,1,1,1,1,1,2,0,3,-1.477726143066649,-0.6779588660346855
1,0,0,1,0.26992923768238775,0,1,0,0,0,2,2,2,2,1,0,0,-0.32942441595185784,-0.03883923098444245
1,0,1,0,-0.62591876415828,1,2,1,0,0,0,0,2,2,0,1,2,0.9235705221733989,-0.3373435937187084
1,0,0,0,1.5729808767233588,1,2,2,1,1,1,1,1,1,2,0,0,-1.303237458049206,-0.16837053588952738
0,0,0,0,0.5142514200025698,1,2,1,2,2,0,0,0,2,1,0,0,1.0631614701873533,0.9542855779617141
0,0,1,1,0.025607055362205634,1,0,2,1,1,1,1,1,1,2,0,3,-1.4843733310673135,-0.7100328642179269
0,0,1,1,1.6137012404433893,1,0,2,1,1,1,1,1,1,2,1,3,-1.46443176706532,-0.3518143934492492
0,0,0,0,-0.13727439951791576,1,2,0,0,2,0,0,0,0,1,1,2,-0.3161300399505289,-0.29097526897237175
0,0,1,1,1.5729808767233588,1,2,1,0,2,2,0,0,2,2,1,1,1.0299255301840309,2.0160584490442166
0,1,0,0,-0.5851984004382496,1,2,1,0,2,0,2,2,2,0,1,1,1.290827659210112,-0.20884906867236644
0,0,0,0,-0.6666391278783103,1,0,0,0,2,0,2,0,0,0,1,3,-0.36099855895501426,-0.6377671021489455
0,1,1,0,-0.21871512695797646,1,0,1,2,0,2,0,2,2,0,1,2,1.2127232002023045,0.209436456465614
0,0,1,0,-1.1552834925186746,1,0,2,1,1,1,1,1,1,0,0,3,-1.5009913010689746,-0.9645512899663722
0,0,1,0,1.6137012404433893,1,2,2,1,1,1,1,1,1,2,0,1,-1.2733251120462157,-0.16113513602425694
0,1,0,0,0.5956921474426305,1,2,1,0,2,0,2,2,0,0,1,2,1.0066603721817051,0.9815506823320624
1,0,0,0,0.26992923768238775,1,2,1,0,2,0,0,0,0,1,0,1,0.5529897911363537,0.4120717709850471
0,0,1,0,1.6137012404433893,1,2,1,2,0,2,0,2,2,2,1,1,1.3373579752147637,2.3427102819860592
0,1,0,0,-1.2774445836787656,1,0,1,0,0,0,0,2,2,0,1,2,0.8155537171626008,-0.9663821990786203
0,1,1,0,1.6137012404433893,1,2,1,0,2,2,0,2,2,1,0,1,1.3373579752147637,2.337526382692344
0,0,0,0,-0.5851984004382496,1,0,1,2,0,0,0,0,0,0,1,2,0.35357415111641893,-0.39677093285602083
1,1,1,0,1.5729808767233588,1,0,0,2,2,0,2,2,0,1,1,0,0.2073360151017999,1.2054730726746234
0,0,1,0,0.3920903288424788,1,2,0,2,2,0,2,0,0,0,1,1,0.05445069108651675,0.19767893168454975
1,0,1,0,1.6137012404433893,1,2,0,2,2,2,2,2,2,2,1,1,0.8471278601657574,1.8043127072554035
0,0,0,0,-0.7073594915983407,1,2,1,0,2,0,0,2,2,0,1,2,1.1761636661986499,-0.38150600387197475
1,0,1,1,1.6137012404433893,1,0,1,2,0,2,2,2,2,2,1,1,1.3340343812144315,2.3293644986979842
1,0,0,1,-0.21871512695797646,1,0,0,2,2,0,0,0,0,1,0,3,-0.2845558969473725,-0.3142035496374015
0,0,1,0,0.10704778280226633,1,0,1,0,0,0,0,0,0,0,1,2,0.18407085709947407,0.06036074826592678
1,0,1,1,-0.9516816739185228,1,0,1,0,2,0,2,2,2,0,1,2,1.221032185203135,-0.6056931039657041
0,0,0,0,-1.2774445836787656,1,0,2,1,1,1,1,1,1,0,0,1,-1.502653098069141,-0.9971547076519502
0,0,0,0,-0.5037576729981889,1,0,0,0,0,0,0,0,0,0,1,2,-0.6784017859867437,-0.5967370907178389
0,0,1,0,1.3286586944031769,1,0,2,1,1,1,1,1,1,2,0,0,-1.5093002860698053,-0.4234404402862401
0,0,0,0,-1.2774445836787656,1,0,2,1,1,1,1,1,1,0,0,3,-1.4577845790646555,-0.9965591107118213
0,0,0,0,-1.0331224013585834,1,0,2,1,1,1,1,1,1,0,0,3,-1.4860351280674797,-0.933050829577329
1,0,1,0,-0.13727439951791576,1,0,0,0,0,2,2,2,2,2,0,3,0.358559542116917,-0.09941364571015135
1,0,0,0,0.5549717837226001,0,1,0,0,2,0,0,0,0,0,0,0,-1.1453667430334245,-0.3969032877316051
0,0,0,0,-1.2774445836787656,1,0,0,0,2,0,0,0,0,0,0,2,-0.5072366949696331,-0.9839412792394595
0,1,1,0,-1.1960038562387048,1,0,1,0,2,0,0,0,0,0,1,0,0.32698539911376057,-0.9003150570161664
1,0,0,0,-0.7888002190384014,1,0,1,0,0,0,0,2,2,0,1,2,0.8753784091685812,-0.5047283930408788
0,0,0,1,-1.0331224013585834,1,0,2,1,1,1,1,1,1,1,0,3,-1.4860351280674797,-0.963073327189015
1,0,0,0,-1.2774445836787656,1,0,2,1,1,1,1,1,1,0,1,2,-1.4926823160681442,-0.9970223527763662
1,0,1,1,-0.6666391278783103,1,0,2,1,1,1,1,1,1,0,0,2,-1.4827115340671475,-0.8551820444419492
0,0,1,0,-0.9924020376385531,1,0,0,2,0,0,2,0,2,2,0,3,0.02453834508352634,-0.7567982535910162
1,0,0,0,-0.9109613101984924,1,0,1,2,2,2,0,2,2,0,1,2,1.3174164112127704,-0.528662566375691
1,0,0,0,-0.13727439951791576,1,2,1,0,2,2,2,0,2,1,0,1,1.1894580421999785,0.2429663582802818
1,0,1,0,-0.5444780367182193,1,2,1,0,0,0,0,0,2,0,1,2,0.6277706561438292,-0.3591159707523117
0,0,1,1,1.6137012404433893,1,2,1,2,2,2,2,2,2,2,1,0,1.6065690892416755,2.6333174704771336
0,0,0,0,-1.1960038562387048,1,0,1,2,0,2,0,2,2,0,1,1,1.1379423351948288,-0.8789838629011771
1,0,1,0,0.47353105628253944,1,2,2,1,1,1,1,1,1,1,0,2,-1.3265026160515319,-0.5585968274036544
0,0,0,0,0.3920903288424788,1,2,1,2,0,2,0,2,2,0,1,2,1.3440051632154282,0.9357558953799241
1,0,1,1,-0.0965540357978854,1,2,1,0,2,0,2,0,0,0,1,0,0.6244470621434968,0.12814850371097536
1,0,0,0,0.758573602322752,1,2,1,0,2,0,0,0,0,0,0,0,0.5396954151350245,0.7967832760164985
0,0,0,0,-1.2774445836787656,1,0,2,1,1,1,1,1,1,0,0,3,-1.4993295040688086,-0.9971105893600889
1,0,1,1,-0.38159658183809786,1,0,2,1,1,1,1,1,1,1,1,1,-1.4876969250676457,-0.8093210800520187
0,0,1,0,0.8400143297628127,1,0,1,2,2,2,2,2,2,1,0,2,1.5201556452330371,1.568743087861432
0,0,0,0,-0.3408762181180675,1,2,1,0,0,2,0,2,2,0,1,2,1.1296333501939984,0.056279806268746825
0,0,0,0,-1.2774445836787656,1,0,2,1,1,1,1,1,1,0,0,3,-1.4827115340671475,-0.9968899979007819
1,1,1,0,1.1657772395230555,1,2,1,0,2,2,2,2,0,1,1,3,1.114677177192503,1.670678401207208
1,0,0,0,-0.4223169455581282,1,0,1,0,2,0,0,2,2,0,1,3,0.9451738831755587,-0.054015923384765595
1,1,0,0,-1.1145631287986442,1,0,1,0,0,0,0,2,2,0,1,2,0.8853491911695783,-0.8073578160641862
1,0,0,0,0.26992923768238775,1,0,0,0,0,0,2,0,0,2,1,0,-0.4972659129686364,-0.136142123684771
1,0,1,1,0.7178532386027215,0,1,0,2,0,0,0,2,0,0,1,1,-0.8412578920030237,-0.11399474117034576
1,0,1,1,1.002895784642934,1,0,2,1,1,1,1,1,1,1,0,3,-1.5076384890696393,-0.5374200473101799
1,0,0,1,0.26992923768238775,1,2,2,1,1,1,1,1,1,1,0,0,-1.3065610520495383,-0.5829280653652191
0,0,1,0,-0.8702409464784621,1,2,1,2,0,0,2,2,0,0,1,1,1.044881703185526,-0.46663224801855563
1,0,0,0,-1.2774445836787656,1,0,0,0,0,0,0,0,0,0,0,2,-0.6468276429835875,-0.9857942474976384
0,0,1,1,0.9621754209229036,1,2,1,2,0,2,2,2,2,0,1,3,1.4902432992300467,1.6205820807985827
1,0,0,0,0.06632741908223598,1,0,0,2,0,2,0,0,0,1,0,3,-0.2596289419448806,-0.17216470898960817
0,1,1,0,-0.8295205827584317,1,0,0,2,0,2,2,2,2,1,1,2,0.47987072312904416,-0.5893693359769843
1,0,1,0,-1.2774445836787656,1,0,1,0,0,0,0,2,2,0,1,2,0.8637458301674186,-0.96574248384663
1,0,0,0,-0.5444780367182193,1,0,2,1,1,1,1,1,1,1,1,1,-1.4976677070686424,-0.8352626356665248
1,0,1,0,-0.5851984004382496,1,2,1,0,0,0,0,2,2,0,1,2,0.9966895901807084,-0.25934245370774434
1,1,1,0,0.14776814652229667,1,0,0,0,0,2,2,0,0,1,0,1,-0.3543513709543497,-0.12656845435084618
1,1,0,0,-0.8702409464784621,1,2,0,2,2,0,0,0,0,0,0,0,-0.1499503399339166,-0.7132976178156708
0,0,0,0,0.9621754209229036,1,0,1,0,2,0,0,0,0,0,1,2,0.3020584441112687,0.7999156747386581
0,1,1,0,0.758573602322752,1,2,1,2,0,0,0,0,0,0,1,2,0.4233696251233959,0.6739579514743469
0,0,1,0,-0.21871512695797646,1,2,1,0,0,2,0,0,2,0,0,0,0.8438042661654253,0.06338285125843299
0,0,0,0,-1.2774445836787656,1,0,1,0,0,0,0,0,0,0,0,3,0.20401242110146783,-0.9744999647811189
0,1,1,1,-1.1552834925186746,1,0,0,0,0,0,0,0,0,0,0,2,-0.6235624849812617,-0.9256610156905436
1,1,1,0,1.6137012404433893,0,1,0,2,2,2,2,2,2,2,1,1,-0.010359391919962149,1.041794209868811
0,1,0,0,0.7992939660427822,0,1,0,0,2,2,2,2,0,0,1,2,-0.4740007549663106,0.12642789032838073
0,0,0,0,-0.7073594915983407,1,2,2,1,1,1,1,1,1,0,1,1,-1.3082228490497045,-0.8294831394326808
0,0,1,0,-1.2774445836787656,1,0,0,0,0,0,0,2,0,0,0,3,-0.31779183695069496,-0.9814265366033595
0,0,0,0,1.247217966963116,1,2,0,2,2,2,2,2,0,2,1,1,0.5014740841312035,1.1390088659854167
0,0,1,0,-0.748079855318371,1,2,1,0,2,0,0,0,2,0,1,0,0.8687312211679171,-0.4503305391757665
0,1,1,1,-0.38159658183809786,1,0,1,0,2,2,0,0,2,0,1,0,0.787303168159777,-0.06581756645769142
0,1,1,0,0.5956921474426305,1,2,1,0,0,2,0,2,2,0,0,2,1.1612074931971548,1.0886037175337615
0,0,1,1,1.6137012404433893,1,2,1,0,2,2,2,2,2,2,1,0,1.476948923228718,2.396380184035458
0,0,0,0,0.6364125111626608,1,2,0,2,2,2,0,2,2,1,1,1,0.6211234681431647,0.709473176422778
0,0,0,0,-0.8702409464784621,0,1,0,0,0,0,0,2,0,0,1,3,-0.9625690730151509,-0.8455642568161629
0,0,1,1,0.6364125111626608,1,0,2,1,1,1,1,1,1,2,0,3,-1.4876969250676457,-0.5928767401799659
1,1,1,0,1.1657772395230555,1,2,2,1,1,1,1,1,1,2,0,0,-1.3215172250510334,-0.34323338568220596
1,1,0,0,0.06632741908223598,1,0,1,0,0,0,0,0,0,0,0,1,0.14584952609565352,-0.0020445755720306645
1,0,0,0,-0.3408762181180675,1,0,2,1,1,1,1,1,1,2,0,3,-1.462769970065154,-0.7909016931998821
0,0,1,1,-0.5851984004382496,1,0,0,2,2,0,2,0,0,1,1,3,-0.10840541492976351,-0.5260154688640067
0,0,1,1,1.2879383306831464,1,2,1,2,0,0,2,0,0,0,1,0,0.7324638671542947,1.3445118694758411
0,1,1,1,1.0843365120829946,1,2,1,0,0,2,0,0,2,0,1,1,0.7972739501607736,1.3539531839341816
1,1,1,0,-0.3408762181180675,0,1,0,0,0,2,2,0,0,0,0,3,-1.0140847800203006,-0.6403921405146991
1,0,1,1,-1.318164947398796,1,2,2,1,1,1,1,1,1,2,0,3,-1.3098846460498705,-1.005779833710855
0,0,0,0,1.125056875803025,1,2,2,1,1,1,1,1,1,2,0,3,-1.3215172250510334,-0.34177748205077957
0,0,0,0,0.35136996512244845,1,2,0,2,0,2,2,0,2,0,1,0,0.32864719611392706,0.3577621537036576
1,1,0,0,-1.1960038562387048,1,2,1,0,2,0,0,0,0,0,1,2,0.5513279941361872,-0.9026753856307516
1,0,1,0,1.6137012404433893,1,2,1,0,2,2,2,2,2,2,1,2,1.4503601712260603,2.3999317065303014
1,0,1,0,0.5956921474426305,1,2,1,2,0,2,2,2,2,1,1,1,1.5317882242341998,1.3218130083131483
1,0,0,0,-0.46303730927815856,1,2,1,0,0,0,0,0,0,0,0,3,0.3502505571160864,-0.3128138234437672
0,0,0,0,0.35136996512244845,1,2,1,0,0,2,0,2,2,0,0,0,1.1063681921916724,0.7548047213103716
1,0,1,0,-1.0738427650786138,1,2,1,0,0,0,0,2,0,0,1,2,0.6011819041411709,-0.8027253954187387
1,0,0,0,-0.62591876415828,1,0,2,1,1,1,1,1,1,0,0,1,-1.451137391063991,-0.8356817594392082
0,0,1,1,1.6137012404433893,1,0,2,1,1,1,1,1,1,2,0,0,-1.4843733310673135,-0.3612777670535206
1,0,0,1,-0.7888002190384014,1,0,0,2,0,0,0,0,0,0,1,1,-0.4208232509609946,-0.7099005093423426
0,0,1,0,1.6137012404433893,1,2,0,2,2,0,2,0,0,2,0,0,-0.00038860991896550476,1.1139937945
1,0,1,0,-0.7073594915983407,1,2,1,0,0,2,2,2,2,0,1,2,1.285842268209614,-0.32644637562894135
0,0,0,0,-1.1960038562387048,0,1,0,0,0,0,0,2,0,0,1,1,-0.9958050130184734,-0.9555070401347842
0,0,0,0,0.5549717837226001,1,0,1,0,0,2,0,0,0,0,1,1,0.33363258711442517,0.5596695164073775
1,0,1,0,1.6137012404433893,1,2,2,1,1,1,1,1,1,2,1,0,-1.3697093380558512,-0.24520254116616408
0,0,0,0,-0.7073594915983407,1,0,0,0,0,0,0,2,0,1,0,3,-0.28621769394753876,-0.5946414718544221
0,0,1,0,1.2879383306831464,1,2,1,0,2,2,2,2,2,0,1,2,1.541759006235197,2.0619414725800778
0,0,1,1,1.4100994218432374,1,0,1,2,2,2,0,0,0,1,0,0,0.6659919871476498,1.4640944995661793
1,0,0,0,-1.2774445836787656,1,0,2,1,1,1,1,1,1,0,0,3,-1.4727407520661506,-0.9967576430251978
1,0,1,0,0.758573602322752,1,2,0,0,0,0,2,2,2,2,1,0,0.3469269631157543,0.7153850275322062
0,0,0,0,0.758573602322752,0,1,0,2,0,2,2,2,2,1,0,0,-0.15327393393424887,0.3517400068645758
1,0,0,0,-1.1145631287986442,0,1,0,2,2,2,2,0,0,0,1,3,-0.7149613199903985,-0.9091607745343782
0,0,0,0,-1.1552834925186746,1,2,2,1,1,1,1,1,1,2,1,1,-1.3115464430500368,-0.954183491378942
1,0,1,0,0.10704778280226633,1,2,0,2,2,2,2,0,0,2,1,1,0.14584952609565352,0.0928318110759208
0,0,1,0,1.5729808767233588,1,2,2,1,1,1,1,1,1,2,1,1,-1.3464441800535252,-0.24123189489863764
0,0,0,0,-0.7888002190384014,1,0,1,0,0,0,0,2,0,0,1,3,0.5696077611380149,-0.5518467287488593
0,0,0,0,-1.1960038562387048,1,0,2,1,1,1,1,1,1,0,0,2,-1.481049737066981,-0.9766838202282585
1,0,1,0,-0.0965540357978854,1,0,2,1,1,1,1,1,1,2,0,3,-1.5192710680708021,-0.7245036639484677
1,1,1,0,-0.5037576729981889,1,0,1,0,2,0,0,0,0,0,1,2,0.2954112561106046,-0.3601086323191933
0,0,0,0,1.2879383306831464,1,2,0,2,2,2,2,2,2,2,1,1,0.719169491152966,1.395159668532734
0,0,1,0,1.0843365120829946,1,0,2,1,1,1,1,1,1,2,0,0,-1.5408744290729617,-0.5390744832549826
0,1,0,0,-1.2774445836787656,1,0,0,2,0,2,0,0,0,0,1,2,-0.29785027294870164,-0.981161826852191
1,1,0,0,1.002895784642934,1,2,1,2,0,0,2,0,2,2,0,2,0.9634536501773859,1.4761167340984123
1,0,1,1,1.369379058123207,0,1,0,0,0,0,2,2,2,2,0,0,-0.47233895796614456,0.47860215511204585
1,0,0,1,-0.30015585439803716,0,1,0,2,0,0,0,2,0,1,1,1,-0.801374763999037,-0.5775897520499892
1,0,0,0,-0.9109613101984924,0,1,0,0,0,2,0,0,0,0,0,3,-1.1719554950360824,-0.8931678937346188
0,0,0,0,-1.1552834925186746,1,0,2,1,1,1,1,1,1,0,0,3,-1.4760643460664828,-0.9715881575182662
0,0,1,0,1.6137012404433893,1,2,0,2,2,2,2,2,2,2,0,0,0.9052907551715716,1.850614854563948
1,1,1,0,1.5729808767233588,1,2,1,2,2,2,2,2,2,2,1,0,1.6713791722481544,2.531007151650536
0,0,0,0,0.35136996512244845,1,0,2,1,1,1,1,1,1,1,1,3,-1.4960059100684764,-0.6497672775352477
1,0,1,1,-0.9516816739185228,1,0,2,1,1,1,1,1,1,2,0,3,-1.5009913010689746,-0.9186903255764416
1,0,0,0,-1.2774445836787656,1,0,0,0,0,2,0,0,0,0,0,3,-0.4607063789649817,-0.9833236231533998
0,0,0,0,-1.2774445836787656,1,0,1,2,0,0,0,0,0,0,1,3,0.2937494591104381,-0.973308770900861
0,0,1,1,1.3286586944031769,1,2,1,2,0,2,2,2,2,2,0,2,1.48027251722905,2.2314218907656653
0,0,0,0,-1.1552834925186746,1,2,1,0,0,0,0,0,0,0,0,2,0.35191235411625243,-0.8566158889274449
0,0,0,0,-1.2774445836787656,1,0,1,0,2,0,0,0,0,0,0,2,0.31867641411292996,-0.9729778837119004
1,0,0,0,-1.2774445836787656,1,0,0,0,0,0,0,0,0,0,1,2,-0.7265938989915613,-0.9868530865023123
0,0,0,0,-1.0331224013585834,1,0,2,1,1,1,1,1,1,0,0,3,-1.4660935640654862,-0.9369994166989246
1,0,0,0,-1.1145631287986442,1,0,2,1,1,1,1,1,1,0,0,3,-1.4760643460664828,-0.964860118009402
1,0,1,0,-0.8295205827584317,1,0,0,0,0,0,0,0,2,1,0,1,-0.3693075439558449,-0.6985621083339616
0,1,0,0,0.9214550572028734,1,2,1,0,0,2,0,2,2,1,1,2,1.1711782751981514,1.424829219809529
1,0,0,0,0.880734693482843,0,1,0,2,0,0,2,2,0,2,0,1,-0.6501512369839195,0.07977279668494497
0,1,1,0,-1.2367242199587352,1,0,1,0,0,0,0,0,0,0,1,2,0.1508349170961516,-0.9379259008280141
1,0,1,1,-0.38159658183809786,1,0,2,1,1,1,1,1,1,2,0,1,-1.5009913010689746,-0.8175491414841707
1,0,0,0,-0.7073594915983407,1,2,1,0,2,0,2,0,2,0,0,2,1.0282637331838649,-0.3655793005100076
0,0,0,0,-1.2367242199587352,1,0,0,0,2,0,0,0,0,0,1,3,-0.5039131009693008,-0.9551761529458236
1,0,0,0,0.9621754209229036,1,2,1,0,2,0,0,2,2,0,0,2,1.1246479591934997,1.456484094220087
0,0,1,0,1.3286586944031769,1,2,1,2,0,2,0,2,2,0,1,2,1.3390197722149297,2.0449779893593676
1,0,1,0,-0.1779947632379461,1,0,1,0,2,2,2,2,0,1,0,0,0.9352031011745621,0.21556889903434934
0,0,0,0,-1.2774445836787656,0,1,0,0,0,0,0,0,0,0,0,3,-1.3148700370503688,-0.9946620241617811
0,0,0,1,-0.9924020376385531,0,1,0,2,0,0,0,0,2,0,1,2,-0.8728320350061801,-0.8598365242333275
0,0,1,0,-0.38159658183809786,1,0,0,2,0,2,2,0,2,1,1,0,0.13255515009432434,-0.2604233518583488
1,0,0,0,-0.62591876415828,1,2,0,2,0,0,0,0,2,0,0,0,0.03284733008435696,-0.515537374546923
1,0,0,0,-0.0965540357978854,1,0,0,2,2,0,2,2,0,1,0,2,0.1873944510998066,-0.10367106087477697
0,1,1,0,1.4100994218432374,1,2,1,2,2,0,0,2,2,1,1,2,1.3572995392167568,2.1319792609100583
1,0,1,1,-1.2774445836787656,1,0,1,0,0,0,0,0,2,0,1,2,0.5413572121351905,-0.9700219581571862
0,0,1,0,-0.6666391278783103,0,1,0,0,0,0,2,2,2,0,1,2,-0.4922805219681379,-0.648333433049752
0,0,0,0,-1.2774445836787656,1,0,2,1,1,1,1,1,1,0,0,3,-1.4926823160681442,-0.9970223527763662
0,0,1,0,1.0843365120829946,1,2,1,2,2,2,2,0,2,1,1,1,1.4038298552214086,1.7085098364783629
0,1,1,0,-0.5037576729981889,1,2,1,0,0,2,0,2,0,0,0,2,0.8654076271675846,-0.14503195949484413
0,0,0,0,-0.7888002190384014,1,0,0,2,0,0,0,2,2,0,1,2,0.23891015810495633,-0.5981929943492653
0,0,0,0,-0.1779947632379461,1,2,1,0,2,0,0,0,2,0,1,2,0.8371570781647607,0.15256797825626317
0,0,1,0,0.8400143297628127,1,2,1,0,0,0,2,0,2,1,1,2,0.8770402061687477,1.1394721080499615
0,0,0,0,-1.0331224013585834,1,0,2,1,1,1,1,1,1,0,0,0,-1.4876969250676457,-0.9450730641095618
0,0,1,1,0.3106496014024181,1,2,2,1,1,1,1,1,1,2,1,3,-1.328164413051698,-0.5536996970070384
1,0,0,0,1.4508197855632678,1,2,2,1,1,1,1,1,1,2,1,0,-1.3497677740538576,-0.34451281614618673
1,0,1,1,-1.2774445836787656,1,0,1,0,0,0,0,0,0,0,1,3,0.19570343610063723,-0.9746102605107724
0,0,1,1,1.2064976032430856,1,2,1,0,2,0,2,2,2,1,1,1,1.3722557122182522,1.951689861218427
1,0,0,0,-0.1779947632379461,1,0,1,0,2,0,2,2,0,1,1,0,0.8803638001690798,0.08996412210492948
1,1,1,0,1.2064976032430856,1,2,1,2,2,2,0,0,0,0,1,2,0.8089065291619363,1.4729181579384603
1,0,0,1,-0.46303730927815856,1,0,0,0,0,0,0,0,0,0,0,3,-0.6351950639824246,-0.5711925997300854
0,1,0,0,0.35136996512244845,1,0,1,0,0,2,2,2,2,1,1,0,1.2077378092018058,0.7660990040268911
1,0,1,1,-1.0738427650786138,1,0,1,0,0,0,0,0,0,0,1,2,0.16745288709781284,-0.8390788679125364
1,1,1,0,0.6771328748826912,1,2,1,0,2,0,0,0,2,0,0,1,0.8404806721650927,1.0003891929568822
0,0,1,1,1.4100994218432374,1,2,1,2,0,2,2,2,2,1,1,2,1.4835961112293827,2.2067377064692093
0,0,0,0,0.5142514200025698,1,0,1,2,2,0,0,2,2,1,1,2,1.1811490571991479,0.972462314208613
1,0,1,0,1.0843365120829946,1,0,2,1,1,1,1,1,1,2,0,1,-1.5109620830699715,-0.479580966679878
0,0,0,0,-1.2774445836787656,1,0,1,0,2,0,2,2,0,0,0,2,0.895319973170575,-0.9653233600739467
1,0,1,1,1.6137012404433893,1,2,1,2,2,2,2,0,2,1,1,1,1.3340343812144315,2.3196364153425444
1,0,1,1,1.4100994218432374,1,0,2,1,1,1,1,1,1,2,1,3,-1.461108173064988,-0.3828736709196783
0,0,1,1,0.47353105628253944,1,0,2,1,1,1,1,1,1,0,0,3,-1.5009913010689746,-0.6615468614622427
0,0,0,0,-1.2774445836787656,1,0,0,0,0,0,0,0,0,0,1,3,-0.6900343649879066,-0.9863677852918369
0,1,0,0,1.5729808767233588,1,2,1,0,2,2,0,2,2,1,1,2,1.3672703212177542,2.3127760209580956
1,1,0,0,-1.1145631287986442,1,0,1,0,0,0,0,0,0,0,1,3,0.2222921881032951,-0.8418362611538742
0,1,1,1,1.369379058123207,1,2,1,2,2,0,2,2,2,1,1,1,1.5234792392333694,2.175524014977265
1,1,1,0,-0.015113308357824713,1,2,1,0,2,2,0,0,2,0,1,2,0.9551446651765553,0.3048863809077638
1,0,0,0,0.7992939660427822,1,0,0,2,2,0,0,2,0,2,1,1,-0.0502425199239492,0.4688520126106752
1,0,0,0,-1.2774445836787656,1,0,0,0,0,0,0,0,0,0,0,3,-0.6767399889865777,-0.9861913121243912
1,0,0,0,-0.5851984004382496,1,0,2,1,1,1,1,1,1,0,0,3,-1.4860351280674797,-0.8476157573877182
1,0,0,0,1.369379058123207,1,0,0,2,2,0,0,0,0,1,1,3,-0.3310862129520241,0.5232278073298569
1,0,1,0,0.22920887396235737,1,0,1,2,2,0,0,0,0,0,1,2,0.4881797081298748,0.3235263592192074
1,0,1,1,-0.7073594915983407,1,0,1,2,0,0,2,2,2,1,0,2,1.2343265612044643,-0.27021761265158073
0,0,1,1,0.5549717837226001,1,2,1,2,0,2,2,0,2,2,0,3,1.1595456961969886,1.0369853160559177
0,0,1,0,1.3286586944031769,1,2,1,2,2,0,2,2,0,1,1,0,1.1761636661986499,1.925218886101584
0,0,1,0,1.4508197855632678,1,2,2,1,1,1,1,1,1,2,0,1,-1.2949284730483754,-0.1624586847800991
1,0,1,1,-0.7888002190384014,1,0,1,0,0,2,0,2,2,0,0,2,1.071470455188184,-0.41704328796633644
0,0,0,0,-0.9109613101984924,1,2,1,0,0,0,2,2,2,0,1,2,1.1213243651931677,-0.538898010087537
1,0,0,0,-0.30015585439803716,1,0,2,1,1,1,1,1,1,1,1,0,-1.504314895069307,-0.7779970928304212
1,0,0,0,-0.9109613101984924,1,2,2,1,1,1,1,1,1,2,0,0,-1.2982520670487077,-0.8947782113875602
1,0,1,0,1.6137012404433893,1,2,2,1,1,1,1,1,1,2,0,1,-1.2932666760482092,-0.1797971734816312
1,0,0,0,-1.1960038562387048,1,0,0,0,0,0,2,0,0,0,1,3,-0.4823097399671412,-0.9385876752059352
1,0,0,0,-1.2367242199587352,1,2,0,0,2,0,0,0,0,0,1,3,-0.34438058895335305,-0.955440862696992
1,0,1,0,0.22920887396235737,1,0,0,2,0,2,2,2,2,2,0,1,0.5396954151350245,0.35522535192162685
1,0,1,0,1.2064976032430856,1,2,1,0,0,2,2,2,2,2,1,0,1.423771419223402,2.043985327792486
1,1,1,1,-0.8702409464784621,1,2,1,0,0,0,0,0,0,0,1,1,0.3469269631157543,-0.6637307169093823
0,0,0,0,-1.1960038562387048,1,0,1,0,0,2,2,0,0,0,0,1,0.5097830691320341,-0.9098004897663684
1,0,1,0,0.6771328748826912,0,1,0,0,2,0,0,2,2,1,1,0,-0.4307940329619915,0.1153762582170987
1,0,0,0,-0.62591876415828,1,0,2,1,1,1,1,1,1,2,0,1,-1.505976692069473,-0.84296127759634
0,0,0,0,-0.9924020376385531,1,0,2,1,1,1,1,1,1,0,1,3,-1.46443176706532,-0.9450730641095618
1,0,0,0,-1.2367242199587352,1,0,0,0,0,0,2,0,0,0,1,1,-0.48397153696730727,-0.9575805998522701
1,0,0,0,-1.1960038562387048,1,0,1,0,0,2,2,2,0,0,1,3,0.7839795741594444,-0.8901678498880433
0,1,0,0,-0.9516816739185228,1,2,1,0,0,0,0,0,2,0,1,2,0.6543594081464871,-0.6693778582676422
1,0,1,0,1.5322605130033284,1,2,2,1,1,1,1,1,1,2,0,0,-1.3464441800535252,-0.24511430458244124
1,0,1,1,-0.015113308357824713,1,0,1,2,2,2,0,0,2,1,0,3,0.9983513871808745,0.3758065350749723
1,0,1,1,-0.4223169455581282,1,0,1,2,0,0,0,0,0,0,0,0,0.3402797751150897,-0.3113799789582715
0,0,1,1,-0.748079855318371,1,0,2,1,1,1,1,1,1,1,1,3,-1.504314895069307,-0.8857780798478335
1,0,1,0,-1.2367242199587352,1,0,1,0,0,2,2,0,2,0,0,1,0.8388188751649267,-0.9219330200282548
1,0,1,0,1.4508197855632678,1,2,2,1,1,1,1,1,1,2,0,0,-1.3132082400502028,-0.24332751376205436
1,0,0,0,-0.748079855318371,1,0,2,1,1,1,1,1,1,1,0,0,-1.4744025490663168,-0.8841457030489616
0,0,0,0,-1.2367242199587352,1,0,1,2,2,0,0,2,0,0,1,2,0.8770402061687477,-0.9314405119243877
0,0,0,0,-1.2367242199587352,1,0,1,0,0,0,0,2,0,0,1,2,0.4981504901308714,-0.9332052435988438
0,0,1,0,0.6364125111626608,1,0,1,0,2,2,0,2,2,1,1,2,1.07313225218835,1.0646695441989493
0,0,1,0,-1.0738427650786138,1,0,0,0,0,0,2,0,0,0,1,2,-0.518869273970796,-0.8863074993501704
1,1,1,0,0.43281069256250915,1,2,1,0,2,2,0,2,2,0,1,2,1.2708860952081187,0.9417339239271445
0,0,0,0,0.14776814652229667,1,0,0,2,2,2,2,0,2,1,1,3,0.358559542116917,0.17665656561259024
1,0,0,0,1.369379058123207,1,0,1,0,2,2,0,2,2,0,0,2,1.15456030519649,1.9547781416487253
1,0,1,1,1.0436161483629645,1,0,1,0,2,0,0,2,2,0,1,2,0.9335413041743955,1.3347176086826091
0,0,0,0,-0.38159658183809786,1,2,1,2,0,0,0,2,0,0,1,0,0.8404806721650927,-0.04850113690208997
1,0,0,0,-1.2774445836787656,1,2,1,0,0,2,0,2,2,0,1,2,1.219370388202969,-0.9610218266174597
0,0,0,0,-0.7073594915983407,1,0,2,1,1,1,1,1,1,1,0,1,-1.4843733310673135,-0.8723440599760357
1,0,1,1,1.5729808767233588,1,0,1,2,2,2,2,2,0,2,0,1,1.1778254631988159,2.174707826577829
0,0,0,0,-0.8295205827584317,1,2,1,0,2,0,0,0,2,0,1,2,0.8105683261621028,-0.5392068381305668
1,0,0,0,-1.2774445836787656,1,0,0,0,0,0,0,0,0,0,0,3,-0.6551366279844181,-0.985904543227292
1,1,0,0,-0.9516816739185228,1,0,0,0,0,0,2,0,0,0,0,3,-0.5172074769706297,-0.8081740044636221
1,0,1,1,-0.0965540357978854,1,0,2,1,1,1,1,1,1,2,0,3,-1.4461520000634926,-0.6917017139495131
1,1,0,0,0.10704778280226633,1,2,1,0,0,2,0,2,2,0,1,2,1.217708591202803,0.5367280046394469
0,0,1,0,0.6771328748826912,1,2,0,0,0,0,0,0,0,0,1,1,-0.4191614539608286,0.13412653225819582
0,0,1,1,1.1657772395230555,0,1,0,0,2,2,2,2,2,2,1,0,-0.11006721192992953,0.6491634714482374
0,0,1,0,1.5322605130033284,0,1,0,2,2,2,2,2,2,2,0,0,-0.007035797919630092,0.9817050963535772
0,0,0,0,-0.9109613101984924,1,2,1,0,0,2,0,2,2,0,1,2,1.1911198392001445,-0.5380377033962396
1,0,1,1,1.6137012404433893,1,2,2,1,1,1,1,1,1,2,0,3,-1.2849576910473786,-0.18895171904287275
0,0,1,1,1.2064976032430856,1,0,0,2,0,2,0,0,0,1,0,1,-0.3327480099521901,0.5054260765637799
0,0,1,1,-0.9924020376385531,1,0,0,0,0,0,0,0,0,0,1,2,-0.641842251983089,-0.8241227669715201
1,0,0,0,-1.2367242199587352,1,0,1,0,0,0,0,2,0,0,1,2,0.5047976781315361,-0.9288154735586341
1,0,0,1,0.6771328748826912,1,2,1,0,2,2,0,2,2,0,1,0,1.2941512532104444,1.2161496993050833
1,0,0,0,-1.2774445836787656,1,0,2,1,1,1,1,1,1,0,0,3,-1.505976692069473,-0.9971988259438118
1,0,1,0,-0.30015585439803716,1,0,1,0,0,0,2,2,2,0,1,1,1.0282637331838649,0.025860244030307976
1,0,0,0,1.6137012404433893,1,0,0,2,2,2,2,2,0,2,1,0,0.3436033691154218,1.348526634035229
0,0,0,0,0.26992923768238775,0,1,0,0,0,2,0,2,2,0,1,1,-0.4690153639658123,-0.16514990058364476
0,0,1,1,-1.1960038562387048,1,2,0,0,2,2,0,2,0,0,1,0,0.14584952609565352,-0.9021018478365533
0,0,1,0,1.4915401492832983,1,2,1,0,2,2,0,2,2,0,1,2,1.302460238211275,2.2796652429161113
1,0,0,0,-0.6666391278783103,1,0,2,1,1,1,1,1,1,0,0,1,-1.4960059100684764,-0.8756749910115718
0,0,0,0,-0.8295205827584317,0,1,0,2,0,0,2,0,0,1,1,3,-1.03568814102246,-0.8136667318003671
1,0,1,0,1.5729808767233588,1,2,0,2,2,0,2,0,0,1,1,1,0.06940686408801149,1.0892654919116826
0,0,1,1,-0.8295205827584317,1,0,2,1,1,1,1,1,1,0,0,0,-1.5076384890696393,-0.9183814975334118
1,1,0,0,1.5729808767233588,1,2,1,0,2,0,2,2,2,2,1,2,1.397182667220744,2.3574457914677684
1,0,1,1,0.5549717837226001,1,0,0,2,0,2,2,0,0,1,0,3,-0.2612907389450469,0.1236925562329735
0,0,1,1,1.6137012404433893,1,2,0,2,2,2,2,2,2,2,0,0,0.9268941161737314,1.9647047573175414
0,0,0,0,-0.4223169455581282,1,2,1,0,0,0,0,0,0,1,1,1,0.3735157151184122,-0.21888598007083607
1,0,1,0,-1.2774445836787656,1,0,0,2,0,2,0,0,0,0,0,3,-0.3011738669490337,-0.9812059451440526
0,0,1,1,1.6137012404433893,1,2,1,2,2,2,2,2,2,2,1,1,1.7162476912526399,2.7633561357386247
1,0,0,0,0.35136996512244845,1,2,2,1,1,1,1,1,1,0,1,0,-1.3132082400502028,-0.5661631144578853
0,0,1,0,0.8400143297628127,1,0,1,0,0,2,0,2,2,1,1,0,1.0000131841810405,1.200222995943116
0,0,1,1,1.2064976032430856,1,2,1,2,0,0,0,2,2,2,1,0,1.2093996062019723,1.9229467940707217
0,0,0,0,-1.2367242199587352,1,2,1,0,0,0,0,2,2,0,1,2,1.0382345151848615,-0.9286610595371191
0,0,1,1,1.4915401492832983,1,2,1,0,2,0,2,0,2,2,1,0,0.9484974771758907,1.8169305387277654
0,0,0,0,-1.1552834925186746,1,0,0,0,0,0,0,0,0,0,1,3,-0.6468276429835875,-0.918888857889818
0,0,0,0,-0.9516816739185228,1,0,0,0,0,0,2,2,0,0,1,0,-0.17487729493640844,-0.771930827699478
1,0,0,0,1.247217966963116,1,2,0,2,2,2,2,0,0,1,0,2,0.22395398510346112,1.0132055567426206
1,0,0,0,-1.1145631287986442,1,2,0,0,0,0,0,0,0,0,0,2,-0.5853411539774409,-0.9073298654221298
0,0,0,0,0.35136996512244845,1,0,2,1,1,1,1,1,1,2,0,3,-1.4660935640654862,-0.6373259192303314
0,0,0,0,-1.1145631287986442,1,2,1,0,0,0,0,2,2,0,1,3,0.9684390411778845,-0.7909899297836049
1,1,1,0,-1.2367242199587352,1,0,1,0,0,2,0,2,2,0,1,1,1.0216165451832002,-0.9256389565446128
1,0,1,0,0.025607055362205634,1,0,0,2,2,0,2,0,0,2,1,3,-0.12336158793125872,-0.11529623078025714
1,0,0,0,-1.2774445836787656,1,0,2,1,1,1,1,1,1,0,0,3,-1.5142856770703037,-0.9973091216734653
0,0,1,0,0.758573602322752,1,2,2,1,1,1,1,1,1,2,0,3,-1.304899255049372,-0.4405142192366039
0,1,0,0,-0.9924020376385531,1,2,1,0,0,2,0,2,2,0,0,2,1.2160467942026365,-0.6614365657325892
1,1,0,0,-1.0331224013585834,1,2,1,0,0,0,0,0,0,0,0,3,0.29873485011093664,-0.7652689656284059
1,0,0,0,-1.1145631287986442,1,2,1,0,2,2,0,2,2,0,0,3,1.3074456292117733,-0.7667028101139015
0,0,0,0,-1.2774445836787656,1,0,1,0,0,0,0,0,2,0,0,1,0.5114448661322006,-0.9704190227839389
0,0,0,0,-0.5444780367182193,0,1,0,0,0,0,0,2,2,1,1,1,-0.6617838159850825,-0.611560836783271
0,0,0,0,0.14776814652229667,1,2,1,0,2,0,0,2,2,0,1,2,1.1429277261953275,0.5893611268301029
0,0,0,0,1.4508197855632678,1,0,0,2,0,2,0,0,0,1,1,1,-0.3427187919531868,0.6155453330498467
0,1,0,0,0.26992923768238775,1,2,1,0,0,2,0,2,2,0,1,2,1.1628692901973208,0.7748344258154495
1,1,0,0,-0.7073594915983407,1,2,1,0,2,0,0,0,0,0,1,2,0.5131066631323666,-0.46874992602790305
1,0,1,1,1.6137012404433893,1,0,2,1,1,1,1,1,1,2,0,0,-1.4544609850643233,-0.3467628490311183
1,0,1,0,-1.0331224013585834,0,1,0,2,2,0,0,0,0,0,0,3,-1.0157465770204666,-0.8925722967944899
1,0,1,0,1.5729808767233588,1,2,2,1,1,1,1,1,1,2,0,0,-1.3397969920528607,-0.24224661561144992
1,0,1,1,-0.748079855318371,1,0,0,2,2,0,0,2,0,0,1,2,0.022876548083360315,-0.5921267292183221
1,0,1,0,-0.4223169455581282,1,0,2,1,1,1,1,1,1,0,1,0,-1.4727407520661506,-0.7977400284384
0,1,0,0,1.6137012404433893,1,2,1,2,2,2,2,2,2,2,1,1,1.7478218342557958,2.7161495634469213
1,0,1,0,0.7992939660427822,1,2,1,2,0,2,2,0,0,2,1,1,0.8919963791702424,1.0359264770512442
0,0,0,0,0.10704778280226633,1,0,0,0,0,2,0,0,2,0,1,2,-0.08846385092776998,-0.08101631800394556
0,0,1,0,0.7178532386027215,1,0,2,1,1,1,1,1,1,2,0,0,-1.4827115340671475,-0.5950826547730361
0,0,1,0,1.002895784642934,1,2,1,2,0,0,0,2,2,0,1,2,1.1595456961969886,1.4194247290565067
0,0,1,1,1.4100994218432374,1,2,1,0,2,2,2,2,2,1,1,1,1.5816421342391835,2.25387810132312
1,0,0,0,-0.8702409464784621,1,0,1,2,0,2,0,0,0,0,1,0,0.4898415051300408,-0.6547526445155863
1,0,1,0,0.10704778280226633,1,2,0,0,2,0,2,2,0,1,1,2,0.14086413509515497,0.07145649866906997
1,1,1,0,-1.2774445836787656,1,2,1,0,0,0,0,0,0,0,1,2,0.2920876621102721,-0.9733308300467916
0,0,0,0,-0.13727439951791576,1,2,1,0,0,0,0,0,0,0,1,2,0.31369102311243185,-0.12639198118340053
0,0,0,0,-0.015113308357824713,1,0,2,1,1,1,1,1,1,1,0,0,-1.4694171580658184,-0.7170035543320288
1,0,0,0,-0.5037576729981889,1,0,0,0,2,0,0,0,0,0,1,3,-0.4307940329619915,-0.5540747024878603
0,0,1,1,-0.4223169455581282,1,0,2,1,1,1,1,1,1,0,0,0,-1.5192710680708021,-0.8054607295141458
0,0,0,0,-0.2594354906780068,1,2,1,0,0,0,0,0,0,0,1,0,0.3386179781149237,-0.19623123720000457
1,0,0,0,-0.4223169455581282,0,1,0,0,0,2,2,2,2,2,0,0,-0.2662761299455452,-0.43010230235731234
1,0,1,0,1.5322605130033284,1,2,2,1,1,1,1,1,1,2,0,0,-1.3165318340505352,-0.14950996611877676
0,0,1,1,1.4508197855632678,1,2,0,0,2,2,2,2,2,2,0,0,0.682609957149311,1.447197193783261
1,0,0,0,-0.62591876415828,1,0,1,0,2,2,0,0,2,0,1,1,0.8703930181680831,-0.2945047323212841
0,0,0,0,-1.2367242199587352,0,1,0,0,0,0,2,0,0,0,1,2,-1.125425179031431,-0.9797279823666953
0,0,1,0,0.9214550572028734,1,0,2,1,1,1,1,1,1,1,0,2,-1.4976677070686424,-0.5028092473449077
1,0,0,0,0.22920887396235737,1,2,1,2,2,0,0,2,2,1,1,2,1.332372584214265,0.7092084666716095
0,0,1,1,-1.0331224013585834,0,1,0,2,0,0,2,0,0,0,0,3,-1.0007904040189717,-0.8969841259806304
0,0,1,0,-1.1145631287986442,1,0,1,0,0,0,2,2,0,0,1,2,0.6975661301508063,-0.7980047381895683
0,0,0,0,0.35136996512244845,1,0,1,0,2,0,2,2,2,2,1,0,1.1312951471941644,0.7409295185199598
0,0,0,0,-0.8702409464784621,1,0,0,0,0,0,0,2,2,0,1,2,0.004596781081533054,-0.6898487456913341
0,0,1,0,1.5729808767233588,1,2,0,0,2,2,2,2,2,2,1,1,0.6161380771426661,1.5947728800596608
0,1,0,0,-0.055833672077855064,1,0,1,2,0,0,0,0,0,0,1,1,0.2920876621102721,-0.08165603323593584
1,0,1,0,1.4508197855632678,1,2,0,2,2,2,2,2,2,2,1,1,0.8654076271675846,1.774929924875708
0,0,1,0,1.6137012404433893,1,2,1,2,0,2,2,2,0,2,1,0,1.111353583192171,2.0895154049934557
0,0,1,1,-0.3408762181180675,1,2,0,2,2,2,0,0,0,2,0,2,-0.013682985920294679,-0.31813007761306644
0,0,0,0,-0.8702409464784621,1,2,1,0,0,2,0,2,2,0,1,2,1.1961052302006432,-0.5073534314066324
0,0,1,0,-1.2367242199587352,1,0,0,2,0,0,0,0,2,0,1,3,-0.08680205392760396,-0.9558820456156061
1,0,1,1,1.6137012404433893,1,2,1,2,2,2,0,2,2,2,1,1,1.4503601712260603,2.4209981908941223
0,0,0,0,-0.8295205827584317,1,0,2,1,1,1,1,1,1,0,0,3,-1.4976677070686424,-0.9085651775942493
1,0,0,0,-0.015113308357824713,1,2,0,0,2,2,2,2,2,1,0,1,0.6294324531439953,0.15598714587552204
0,1,0,0,-1.2774445836787656,1,0,1,0,2,0,0,0,0,0,1,2,0.27380789510844483,-0.9735734806520294
1,0,1,1,-0.8295205827584317,1,0,2,1,1,1,1,1,1,0,1,2,-1.4494755940638249,-0.8707558014690251
1,0,0,0,0.43281069256250915,1,2,1,0,2,0,0,2,2,0,1,2,1.217708591202803,0.9918964217735619
1,0,1,1,-0.8295205827584317,1,0,2,1,1,1,1,1,1,2,0,0,-1.4527991880641573,-0.8901678498880433
1,0,0,0,-0.2594354906780068,0,1,0,2,0,0,2,2,2,1,0,1,-0.3393951979528547,-0.40451369307769747
0,0,0,0,-1.2774445836787656,1,0,1,0,0,0,0,0,0,0,1,2,0.18240906009930805,-0.974786733678218
1,0,0,0,-0.8702409464784621,1,2,2,1,1,1,1,1,1,0,0,1,-1.38300371405718,-0.8976017820666901
1,0,0,0,-0.1779947632379461,0,1,0,0,0,0,2,0,0,0,1,1,-1.152013931034089,-0.6480466641526529
0,1,1,0,1.369379058123207,1,2,0,0,2,2,0,2,2,2,1,0,0.5247392421335293,1.317092351083978
1,0,1,1,-0.5037576729981889,1,2,1,0,2,0,2,2,0,0,0,3,1.0648232671875193,-0.19987099627857047
0,0,1,0,1.2064976032430856,1,0,1,2,0,2,2,2,2,1,1,2,1.3140928172124378,1.9120495759809544
0,1,0,0,-1.2774445836787656,1,2,1,0,0,0,0,0,0,0,1,2,0.31369102311243185,-0.9730440611496927
1,0,0,1,-0.46303730927815856,1,2,1,2,0,0,0,0,0,0,0,2,0.5180920541328647,-0.23494503830838742
1,0,0,0,-1.2774445836787656,0,1,0,0,0,0,0,0,0,0,1,3,-1.3397969920528607,-0.9949929113507416
1,0,1,1,0.22920887396235737,1,2,1,0,0,2,2,2,0,2,1,0,1.001674981181207,0.5896478957272021
1,0,1,1,-0.5851984004382496,1,0,0,2,0,2,2,2,2,0,0,2,0.6144762801425001,-0.29496797438582883
1,0,1,0,1.125056875803025,1,0,2,1,1,1,1,1,1,2,1,0,-1.4710789550659844,-0.4768897508763323
0,0,0,0,1.5322605130033284,1,2,1,0,2,2,2,0,0,1,1,0,0.8471278601657574,1.8115922254125354
0,0,1,1,1.4100994218432374,1,2,0,0,0,2,2,0,2,2,1,0,0.17077648109814536,1.0306764003197366
1,0,1,1,-1.1145631287986442,1,2,2,1,1,1,1,1,1,0,1,0,-1.2916048790480432,-0.9462201396979583
1,0,1,0,1.369379058123207,1,2,1,2,2,2,2,2,2,1,0,0,1.6963061272506461,2.498161083359719
1,0,1,0,1.6137012404433893,1,2,2,1,1,1,1,1,1,2,0,3,-1.3082228490497045,-0.2129300106695464
0,1,1,0,1.6137012404433893,1,2,0,2,2,2,0,2,2,2,1,1,0.642726829145324,1.6985170433717545
1,0,0,1,-1.1960038562387048,1,0,2,1,1,1,1,1,1,0,1,3,-1.4860351280674797,-0.972492582501425
1,0,1,0,0.6364125111626608,1,0,2,1,1,1,1,1,1,2,1,3,-1.4860351280674797,-0.5487143300266996
0,0,0,0,-1.0331224013585834,1,2,1,0,0,0,0,0,0,0,1,2,0.33695618111475767,-0.767033697302862
0,0,1,0,-1.2367242199587352,1,0,1,2,2,0,0,2,0,0,0,2,0.8504514541660894,-0.9217344877148785
1,0,0,0,0.7992939660427822,1,2,1,0,2,2,0,2,2,0,1,2,1.2725478922082847,1.3610782880697987
0,0,1,1,0.22920887396235737,1,0,2,1,1,1,1,1,1,2,1,3,-1.481049737066981,-0.6766353172788433
1,0,1,1,1.6137012404433893,1,0,2,1,1,1,1,1,1,2,0,2,-1.4760643460664828,-0.4082416887399861
0,1,0,0,-0.9516816739185228,1,2,1,0,0,0,0,0,0,0,1,2,0.32532360211359457,-0.7309669937061635
0,0,1,1,1.002895784642934,1,0,2,1,1,1,1,1,1,2,0,0,-1.504314895069307,-0.4906546579370907
1,0,0,1,-0.7888002190384014,1,0,0,0,0,0,0,0,0,0,0,3,-0.6900343649879066,-0.7148858763226814
1,0,1,0,0.3106496014024181,1,2,1,0,2,2,0,2,2,1,1,0,1.3705939152180862,0.8377691691557435
0,0,1,1,0.26992923768238775,1,0,2,1,1,1,1,1,1,2,1,0,-1.4926823160681442,-0.6286566748795653
0,1,0,0,0.025607055362205634,1,2,1,0,2,2,2,2,2,0,1,2,1.5184938482328711,0.6069422661368727
0,0,0,0,0.6364125111626608,1,2,2,1,1,1,1,1,1,2,0,1,-1.3547531650543558,-0.48383838184450356
0,1,0,0,-0.9109613101984924,0,1,0,0,0,0,2,0,0,0,1,2,-1.166970104035584,-0.8772191312267209
0,0,0,0,-0.8702409464784621,1,0,1,2,0,0,0,0,0,0,0,2,0.3868100911197414,-0.6357597198692515
0,0,1,0,0.5956921474426305,1,2,2,1,1,1,1,1,1,1,0,2,-1.2583689390447208,-0.45392617996247103
1,0,0,0,-1.2774445836787656,1,0,1,0,0,0,0,2,0,0,1,2,0.47156173812821356,-0.9709484422862759
1,0,0,0,0.7992939660427822,1,2,0,2,2,2,2,2,2,2,1,3,0.8138919201624348,1.0467795768491495
1,0,1,0,1.369379058123207,1,2,0,2,2,0,2,2,2,2,0,2,0.6809481601491449,1.437645583595267
0,1,1,1,-0.8702409464784621,1,2,1,0,0,2,0,0,0,0,1,1,0.4433111891253892,-0.6242227865474942
1,0,1,1,0.5549717837226001,1,2,1,0,2,0,0,0,0,0,1,0,0.5064594751317021,0.657347414588528
0,0,1,0,0.47353105628253944,1,2,1,0,0,0,0,2,2,0,1,2,1.0415581091851935,0.9195865414127193
1,1,1,0,1.5729808767233588,1,2,1,2,2,0,0,2,2,0,1,1,1.3406815692150957,2.3243129542798533
0,0,1,1,-0.4223169455581282,1,0,0,0,2,0,2,0,0,0,0,2,-0.3194536339508612,-0.47369117471638045
0,0,1,1,-0.38159658183809786,1,2,0,2,0,2,2,2,0,2,1,0,0.4117370461222332,-0.229562606701296
1,1,1,0,0.7992939660427822,1,2,1,2,0,2,0,2,2,0,1,2,1.3107692232121058,1.4508810711536886
1,0,1,0,1.6137012404433893,1,0,2,1,1,1,1,1,1,2,0,1,-1.5076384890696393,-0.4043372199102518
0,0,1,0,0.3106496014024181,1,2,1,0,0,2,2,0,0,0,1,2,0.6676537841478158,0.4514694056172818
0,0,1,0,1.4915401492832983,1,0,1,0,2,0,0,2,2,1,1,1,1.0266019361836989,1.9696460060060186
0,1,0,0,-0.13727439951791576,1,2,1,0,0,0,2,2,2,0,0,2,1.1263097561936661,0.25721656655151565
1,1,0,0,1.6137012404433893,1,2,1,2,2,2,2,2,2,2,0,0,1.6298342472440013,2.455653109151256
0,1,1,0,0.43281069256250915,1,2,1,2,2,0,0,2,0,0,1,2,0.9883806051798778,0.8281293223840267
1,0,1,1,1.4100994218432374,1,2,2,1,1,1,1,1,1,2,0,3,-1.2783105030467143,-0.2606660024635865
0,0,1,1,0.9214550572028734,1,0,2,1,1,1,1,1,1,2,0,3,-1.4544609850643233,-0.47181614731227073
1,0,1,0,1.5729808767233588,1,2,2,1,1,1,1,1,1,2,1,2,-1.3381351950526947,-0.204503416924018
0,0,0,1,-0.30015585439803716,1,0,2,1,1,1,1,1,1,0,0,1,-1.4860351280674797,-0.7976738510006077
0,0,0,0,-1.2774445836787656,1,0,2,1,1,1,1,1,1,0,0,3,-1.4561227820644893,-0.9965370515658908
1,0,0,0,1.6137012404433893,1,2,1,0,2,2,2,2,2,2,0,0,1.476948923228718,2.4699915540062127
1,0,1,0,0.7992939660427822,1,0,0,2,2,0,0,2,2,1,1,3,0.35357415111641893,0.6995906790458232
0,0,0,0,-0.4223169455581282,1,0,2,1,1,1,1,1,1,1,1,3,-1.5126238800701375,-0.8237698206366288
1,0,0,0,1.4508197855632678,1,2,0,2,2,2,0,0,2,1,0,1,0.39844267012090406,1.3030406751261203
1,0,1,0,-0.9109613101984924,1,0,1,0,0,0,0,0,0,0,1,2,0.1774236690988095,-0.7147535214470971
0,0,1,1,-0.9109613101984924,1,2,1,2,0,0,0,2,2,0,1,2,1.1794872601989819,-0.536074439408407
0,0,1,1,0.9214550572028734,1,0,1,0,2,2,2,2,2,1,1,0,1.2941512532104444,1.4898816411591704
1,0,0,0,0.9621754209229036,1,2,2,1,1,1,1,1,1,1,0,2,-1.3248408190513656,-0.41724182027971274
0,1,1,1,0.5549717837226001,1,2,1,2,2,0,2,2,2,0,1,2,1.5101848632320405,1.1878257559300616
1,0,0,1,-1.2774445836787656,1,0,1,2,0,0,0,0,2,0,1,3,0.6593447991469852,-0.9684557587961065
1,0,0,0,0.43281069256250915,1,2,1,0,0,0,0,0,0,0,1,1,0.35191235411625243,0.38897584519560163
1,1,1,0,0.26992923768238775,1,2,1,0,2,2,0,2,2,0,1,2,1.3589613362169235,0.884600735966625
1,0,1,0,0.7178532386027215,0,1,0,2,0,0,2,2,0,1,1,0,-0.6750781919864114,-0.04027307546993811
0,0,0,0,-1.0738427650786138,1,0,2,1,1,1,1,1,1,0,0,1,-1.4976677070686424,-0.9486245866044049
1,0,1,1,0.5142514200025698,1,2,2,1,1,1,1,1,1,2,0,3,-1.3397969920528607,-0.5256625225291155
0,0,0,0,-0.4223169455581282,0,1,0,0,0,2,0,2,2,0,1,2,-0.47067716096597834,-0.5322582071623956
0,0,1,1,1.6137012404433893,1,2,2,1,1,1,1,1,1,2,0,0,-1.3181936310507012,-0.1861281483637429
0,0,0,0,-1.0331224013585834,1,0,1,0,0,2,2,2,2,0,1,2,1.1844726511994805,-0.6903340469018096
1,0,0,0,-1.2774445836787656,1,0,2,1,1,1,1,1,1,0,1,3,-1.4960059100684764,-0.9970664710682275
0,0,0,0,1.6137012404433893,1,2,1,2,2,2,2,2,2,2,1,0,1.7179094882528059,2.529661543748763
1,1,1,0,-0.9109613101984924,1,0,1,0,2,2,2,2,0,0,1,3,0.9219087251732329,-0.5936708694334712
1,1,1,0,-1.2774445836787656,0,1,0,0,2,0,0,2,0,0,0,2,-0.8163309370005319,-0.9880442803825703
0,0,1,0,0.6364125111626608,1,2,0,0,0,2,2,0,2,1,1,3,0.15914390209698223,0.509948201479574
1,0,0,0,-0.2594354906780068,1,0,2,1,1,1,1,1,1,1,1,0,-1.5009913010689746,-0.7976076735628157
0,0,1,0,1.4508197855632678,1,2,1,0,2,2,2,0,0,2,0,1,0.8454660631655913,1.7726357736989147
0,0,1,0,0.7178532386027215,1,2,0,0,0,2,0,2,2,1,0,0,0.36354493311741554,0.7043333954209242
0,0,1,0,1.6137012404433893,1,2,1,2,2,2,2,2,2,2,1,1,1.6879971422498155,2.6615090589765713
0,1,0,0,-0.62591876415828,1,0,2,1,1,1,1,1,1,1,0,3,-1.4660935640654862,-0.8599247608170503
1,1,1,0,1.369379058123207,1,2,1,0,2,2,2,2,2,1,1,0,1.4154624342225712,2.1054200492094926
1,0,1,0,-0.62591876415828,1,2,1,2,2,2,0,0,0,0,0,1,0.8454660631655913,-0.3642336926082347
1,0,1,0,-0.5037576729981889,1,0,0,2,0,0,2,0,2,1,1,3,-0.020330173920958795,-0.4435142630831794
0,1,0,0,-0.1779947632379461,1,2,1,0,0,2,2,2,2,0,1,2,1.2808568772091153,0.2695255699808477
1,0,0,0,0.5142514200025698,1,0,0,2,0,0,0,0,0,0,1,0,-0.4607063789649817,0.00830116386946892
1,0,1,1,0.3920903288424788,1,0,0,2,2,0,0,0,0,0,0,3,-0.3410569949530208,0.00944823945786541
0,0,0,0,-1.2774445836787656,1,0,0,0,0,0,0,0,0,0,1,2,-0.6468276429835875,-0.9857942474976384
0,0,1,0,-0.3408762181180675,1,2,1,0,0,0,0,0,0,0,1,1,0.35357415111641893,-0.23465826941128834
1,0,1,1,-0.9924020376385531,1,0,0,0,0,0,0,0,0,1,1,3,-0.7083141319897339,-0.8533511353297009
0,0,1,0,-0.8295205827584317,0,1,0,2,0,0,2,0,0,1,0,1,-1.0506443140239554,-0.8095637306572564
1,0,0,0,-0.9516816739185228,1,0,2,1,1,1,1,1,1,0,0,1,-1.4976677070686424,-0.9260580803172963
0,0,1,0,0.43281069256250915,1,2,1,0,2,0,0,0,0,0,0,2,0.5214156481331973,0.49375678836643844
0,0,1,0,0.7992939660427822,1,0,2,1,1,1,1,1,1,1,1,2,-1.4744025490663168,-0.5246036835244418
0,0,1,0,-0.015113308357824713,1,0,1,2,0,0,0,0,0,0,1,0,0.356897745116751,0.01983809719122616
1,1,0,0,-1.2774445836787656,1,0,1,0,0,0,0,0,0,0,0,2,0.14418772909548702,-0.9752940940346242
0,0,1,1,1.6137012404433893,1,2,1,2,2,2,2,2,2,2,1,0,1.7561308192566265,2.659964918761422
1,0,0,0,-1.0738427650786138,1,0,1,0,2,0,0,2,0,0,1,2,0.684271754149477,-0.7898428541952084
0,0,1,1,1.2064976032430856,0,1,0,2,2,0,2,2,0,2,0,0,-0.533825446972291,0.3215410360854442
0,0,0,0,-0.5037576729981889,1,0,2,1,1,1,1,1,1,1,1,1,-1.5093002860698053,-0.8144167427620109
1,0,1,1,0.06632741908223598,1,2,1,0,0,2,0,0,2,0,1,1,0.8404806721650927,0.3605636652368568
1,0,1,0,-0.5037576729981889,1,0,1,0,0,0,0,0,0,0,1,2,0.18905624809997262,-0.3568218195755186
0,0,1,0,0.758573602322752,0,1,0,0,2,0,0,2,2,0,1,2,-0.5022513039691348,0.12071457153232866
0,0,0,0,1.6137012404433893,1,0,2,1,1,1,1,1,1,2,0,1,-1.479387940066815,-0.31449031853450055
0,0,0,0,-1.0331224013585834,1,2,1,0,2,0,0,0,0,0,1,0,0.4582673621268844,-0.7750632264216377
1,0,0,0,-1.2774445836787656,1,0,2,1,1,1,1,1,1,0,0,3,-1.481049737066981,-0.9968679387548512
0,0,1,1,-0.9924020376385531,1,0,0,2,2,0,0,0,0,0,0,3,-0.33607160395252245,-0.7930193712092296
1,0,0,0,-1.1960038562387048,1,0,0,0,0,2,0,0,0,0,1,2,-0.518869273970796,-0.9311978613191498
1,0,0,0,-0.055833672077855064,1,2,1,0,2,0,0,0,0,0,1,2,0.5214156481331973,0.06589759389453298
0,0,0,0,-0.9516816739185228,1,2,1,0,0,0,0,0,0,0,1,2,0.3319707901142591,-0.6940399834181675
0,1,0,0,-0.5851984004382496,1,0,1,0,0,2,0,0,2,0,1,2,0.6709773781481484,-0.3688661132536822
1,0,0,0,0.7992939660427822,1,0,1,0,2,0,0,0,2,0,1,2,0.684271754149477,0.908336376988061
1,1,1,0,-0.9516816739185228,1,0,2,1,1,1,1,1,1,1,0,1,-1.4926823160681442,-0.9249771821666918
1,0,0,0,1.4915401492832983,1,0,2,1,1,1,1,1,1,2,1,0,-1.5109620830699715,-0.36699108584957246
0,0,0,0,-1.2774445836787656,1,0,0,2,0,0,0,0,0,0,0,2,-0.4856333339674735,-0.9836545103423604
0,0,1,0,0.025607055362205634,1,2,2,1,1,1,1,1,1,2,1,3,-1.3381351950526947,-0.679172119060874
1,0,0,0,-0.6666391278783103,1,0,2,1,1,1,1,1,1,0,1,1,-1.4677553610656522,-0.8600791748385651
0,0,1,0,1.3286586944031769,1,0,0,2,0,2,0,0,0,0,1,3,-0.3194536339508612,0.6147512037963415
1,0,1,0,-1.2367242199587352,1,0,2,1,1,1,1,1,1,1,0,3,-1.481049737066981,-0.9904487272890168
0,1,0,0,-0.7888002190384014,1,0,1,0,0,2,0,2,2,0,1,2,1.0664850641876853,-0.46067627861726596
0,0,1,0,1.4915401492832983,1,2,1,0,0,2,2,2,2,2,0,0,1.3489905542159264,2.1886712659519634
1,0,1,0,-0.9516816739185228,1,0,1,0,2,2,0,0,0,0,1,2,0.50313588113137,-0.6785544629748144
0,0,1,0,0.18848851024232702,1,2,0,0,2,0,2,0,2,1,0,3,0.2438955491054544,0.16706083713273465
1,0,1,0,0.18848851024232702,1,2,0,2,0,0,0,0,0,0,1,3,-0.3227772279511935,-0.10984762173537366
1,0,1,1,0.880734693482843,1,0,1,0,2,0,2,0,0,2,1,0,0.5047976781315361,0.9186821164295604
0,0,0,1,0.10704778280226633,1,2,0,0,0,0,0,0,0,0,0,3,-0.4856333339674735,-0.27546768938308797
1,0,1,1,-0.9924020376385531,1,0,2,1,1,1,1,1,1,0,0,1,-1.4993295040688086,-0.93088903327612
0,0,0,0,0.880734693482843,1,0,2,1,1,1,1,1,1,2,1,3,-1.4710789550659844,-0.5488466849022837
1,1,0,0,-0.6666391278783103,1,2,1,0,0,0,0,0,0,0,1,0,0.32200000811326246,-0.44929375931702353
0,0,0,0,-0.8702409464784621,1,0,0,0,0,2,2,0,2,1,0,1,0.004596781081533054,-0.6981650437072089
1,0,1,0,0.06632741908223598,0,1,0,2,0,0,0,0,0,1,0,0,-1.1420431490330922,-0.5916634871537773
1,0,0,0,-0.9516816739185228,1,0,0,0,0,0,0,0,0,0,0,3,-0.6584602219847502,-0.8156299957881996
0,0,1,0,1.6137012404433893,1,2,2,1,1,1,1,1,1,2,0,1,-1.3215172250510334,-0.18994438060975435
1,0,0,0,-0.62591876415828,1,0,0,0,0,0,2,0,0,0,0,3,-0.44076481496298814,-0.6084946154989033
1,0,0,0,-1.2367242199587352,1,0,0,0,0,0,0,0,0,0,0,0,-0.6601220189849164,-0.9567864705987648
1,0,0,0,0.35136996512244845,1,2,1,0,2,0,0,2,0,0,1,2,0.8122301231622688,0.6026627918263165
0,0,0,0,0.18848851024232702,1,0,0,0,0,0,0,2,2,0,1,2,-0.00038860991896550476,0.028882347022814177
0,1,0,0,0.6771328748826912,1,0,1,0,2,2,0,0,2,1,1,0,0.8338334841644282,0.8856595749712987
0,0,1,0,0.8400143297628127,1,2,0,2,2,2,0,0,2,1,0,0,0.31036742911209936,0.6856934171094806
0,0,1,1,-1.2367242199587352,0,1,0,0,0,0,2,0,0,0,0,0,-1.1869116680375775,-0.9860368981028763
0,1,0,0,0.880734693482843,1,2,1,0,2,0,0,0,0,0,1,2,0.4898415051300408,0.9222998163621955
0,0,0,1,-1.2774445836787656,1,0,0,2,0,0,0,0,0,0,0,3,-0.49394231896830415,-0.9837648060720139
1,0,0,1,-0.21871512695797646,1,0,2,1,1,1,1,1,1,1,0,1,-1.4860351280674797,-0.7618497980091469
0,0,0,0,-0.8295205827584317,1,0,2,1,1,1,1,1,1,0,0,3,-1.4744025490663168,-0.8881604676083494
1,1,1,0,-0.8702409464784621,1,0,1,0,0,0,0,0,0,0,1,2,0.18074726309914202,-0.6375244515437077
0,0,0,1,-0.30015585439803716,0,1,0,2,0,0,2,0,0,2,0,0,-0.9874960280176428,-0.6332229180872208
1,0,0,0,-1.1960038562387048,1,0,2,1,1,1,1,1,1,1,1,3,-1.505976692069473,-0.9752279165968321
1,0,0,0,-1.2367242199587352,1,0,1,0,0,0,0,0,2,0,1,2,0.5131066631323666,-0.9258816071498507
0,0,1,1,-0.7888002190384014,1,0,2,1,1,1,1,1,1,2,0,3,-1.502653098069141,-0.8887340054025477
0,1,1,1,-0.30015585439803716,1,0,1,0,2,2,0,2,2,0,1,2,1.1213243651931677,0.10357461514417286
1,0,0,0,-0.9109613101984924,1,2,1,0,2,0,0,0,0,0,1,0,0.5297246331340278,-0.6577747475080926
1,0,1,0,1.4100994218432374,1,2,1,2,2,2,0,2,2,1,0,1,1.5002140812310438,2.229149798734803
0,0,1,1,1.6137012404433893,1,2,0,2,2,2,2,2,2,2,0,1,0.8703930181680831,1.9291674732231796
0,0,0,0,-0.9516816739185228,1,0,2,1,1,1,1,1,1,0,0,0,-1.4827115340671475,-0.900712121642919
1,1,0,0,0.7178532386027215,1,2,0,2,2,0,0,2,0,0,1,0,0.1857326540996401,0.5183306769332409
0,0,1,0,-0.6666391278783103,1,2,1,0,2,0,0,2,2,0,1,2,1.1711782751981514,-0.3286743493679423
0,0,0,0,-0.8295205827584317,1,0,1,2,0,0,0,2,0,1,1,1,0.677624566148813,-0.5738396972417698
0,0,0,0,-0.9516816739185228,1,2,1,0,0,0,0,0,0,0,1,1,0.3469269631157543,-0.7261360407473397
1,0,0,0,0.10704778280226633,1,0,2,1,1,1,1,1,1,2,0,3,-1.5126238800701375,-0.7067019331823907
0,0,1,1,-0.5037576729981889,1,2,0,2,0,0,0,2,2,1,0,0,0.3735157151184122,-0.3048504717627836
1,0,1,0,-0.7888002190384014,0,1,0,2,0,0,2,2,2,0,1,2,-0.3427187919531868,-0.693929687688514
1,0,1,1,-0.9516816739185228,1,0,1,0,0,2,2,2,2,0,0,2,1.2742096892084507,-0.5776338703418505
1,0,1,0,1.3286586944031769,1,0,2,1,1,1,1,1,1,2,0,3,-1.491020519067978,-0.43550679311033447
0,0,0,0,0.35136996512244845,1,2,2,1,1,1,1,1,1,1,1,3,-1.3265026160515319,-0.5812515702744857
0,0,1,0,1.0436161483629645,1,2,1,0,0,2,2,2,2,0,1,1,1.2409737492051283,1.5907581155002728
1,0,0,0,-0.8295205827584317,1,2,0,0,0,2,0,2,2,0,0,0,0.3319707901142591,-0.6408995008711053
0,0,1,1,-0.46303730927815856,1,0,0,0,0,0,0,0,0,0,1,2,-0.6584602219847502,-0.5971341553445915
0,0,0,0,-1.2774445836787656,1,2,1,0,2,0,0,0,0,0,1,3,0.5131066631323666,-0.9703969636380083
1,0,0,0,-1.2774445836787656,1,0,2,1,1,1,1,1,1,0,1,3,-1.4860351280674797,-0.9969341161926433
1,0,0,0,-0.7888002190384014,1,0,2,1,1,1,1,1,1,2,0,1,-1.4876969250676457,-0.8873442792089133
1,0,0,0,-1.2774445836787656,1,0,0,0,0,0,0,0,0,0,1,0,-0.6883725679877406,-0.9863457261459061
1,0,1,1,-0.8702409464784621,1,2,0,2,0,0,0,2,0,0,1,0,0.012905766082363669,-0.6866501695313822
1,0,1,1,1.369379058123207,1,0,1,2,2,2,0,2,2,1,1,0,1.2758714862086173,2.0963096219401125
0,0,1,0,1.0436161483629645,1,2,1,2,2,2,0,2,2,1,1,1,1.5251410362335358,1.873666662061532
1,0,0,0,-1.2774445836787656,1,0,1,0,0,0,0,2,2,0,1,2,0.8670694241677506,-0.9656983655547686
0,0,1,1,-0.055833672077855064,1,0,2,1,1,1,1,1,1,2,0,3,-1.4544609850643233,-0.6979665113938326
0,0,0,0,-1.2774445836787656,1,0,2,1,1,1,1,1,1,0,0,3,-1.491020519067978,-0.9970002936304354
0,0,1,1,-0.7073594915983407,1,0,2,1,1,1,1,1,1,0,0,3,-1.4860351280674797,-0.8803515299488808
0,0,1,1,-1.0738427650786138,1,0,0,0,0,0,2,0,0,0,1,3,-0.5305018529719588,-0.8745940928609673
1,0,0,0,1.247217966963116,1,2,2,1,1,1,1,1,1,2,0,3,-1.3132082400502028,-0.3178433087159674
0,1,1,1,1.5729808767233588,1,2,0,2,2,0,0,2,0,1,0,2,0.14751132309581955,1.1924140582836475
1,0,0,0,-1.2774445836787656,1,0,0,0,0,0,0,0,0,0,1,3,-0.6551366279844181,-0.985904543227292
1,0,1,0,-0.62591876415828,1,0,1,0,0,0,0,0,0,0,1,0,0.1873944510998066,-0.47016171136746804
1,0,0,0,-1.1960038562387048,1,0,0,0,0,0,0,0,0,0,0,3,-0.641842251983089,-0.9432642141432442
1,0,0,0,-1.2774445836787656,1,0,2,1,1,1,1,1,1,0,1,3,-1.479387940066815,-0.9968458796089206
1,0,0,1,1.2064976032430856,1,2,2,1,1,1,1,1,1,2,1,3,-1.341458789053027,-0.38238836970920287
0,0,0,0,0.8400143297628127,1,0,1,2,2,2,2,0,2,2,0,3,1.15456030519649,1.387306612581404
0,0,1,1,-0.6666391278783103,1,0,1,0,2,0,0,0,0,0,0,0,0.28211688010927544,-0.47823535877810514
1,1,1,0,1.6137012404433893,0,1,0,2,2,2,2,2,2,2,1,1,0.006258578081699082,0.9998377143086148
0,0,0,0,-0.9109613101984924,0,1,0,0,2,0,2,0,0,0,0,2,-0.9476129000136557,-0.8407774221492005
1,0,1,1,-0.5444780367182193,1,0,2,1,1,1,1,1,1,2,0,3,-1.481049737066981,-0.8348655710397721
0,0,1,1,0.10704778280226633,1,0,2,1,1,1,1,1,1,2,1,3,-1.4926823160681442,-0.6795912428335574
0,1,0,0,-0.7888002190384014,1,2,1,0,0,0,0,2,2,0,1,2,1.0066603721817051,-0.43665386869873096
0,1,0,0,-1.2367242199587352,0,1,0,0,0,0,0,0,0,0,0,2,-1.343120586053193,-0.9873163285668571
0,1,0,0,-0.7073594915983407,1,2,1,0,2,0,0,2,0,0,0,1,0.8055829351616043,-0.43740387966037486
0,0,1,0,-0.9109613101984924,1,0,2,1,1,1,1,1,1,0,1,3,-1.4694171580658184,-0.894270851031154
0,0,1,0,-0.8295205827584317,1,0,0,0,0,0,0,0,0,0,0,0,-0.626886078981594,-0.7825633360380766
0,1,1,0,-0.055833672077855064,1,2,1,0,0,2,0,2,0,1,1,2,0.8620840331672525,0.2451943320192828
1,1,1,0,0.47353105628253944,1,2,1,0,2,0,0,0,2,1,0,3,0.785641371159611,0.72052480853406
0,0,0,0,-0.5851984004382496,1,2,1,0,0,0,0,2,0,0,1,2,0.6792863631489789,-0.3202256964764832
0,0,1,1,0.43281069256250915,1,0,0,2,0,2,0,2,2,2,0,0,0.3469269631157543,0.4299837974807775
0,0,0,0,-0.7073594915983407,1,0,1,0,2,2,0,2,2,0,1,2,1.2127232002023045,-0.36286602556053116
0,0,1,0,-0.7073594915983407,1,0,1,0,2,0,0,0,0,0,0,0,0.35191235411625243,-0.5140594117695659
0,1,1,0,-1.2774445836787656,0,1,0,0,0,0,0,0,0,0,1,2,-1.328164413051698,-0.9948384973292265
0,0,1,0,0.5142514200025698,1,2,2,1,1,1,1,1,1,1,1,1,-1.2916048790480432,-0.4690366949250022
1,0,1,0,0.5956921474426305,1,0,2,1,1,1,1,1,1,2,0,3,-1.4993295040688086,-0.5764647356075233
1,0,0,0,-0.13727439951791576,1,0,0,2,2,0,2,0,0,1,1,2,-0.19980424993890028,-0.25744536715770394
0,0,1,1,0.6364125111626608,1,2,0,0,2,0,2,2,2,2,0,2,0.4948268961305394,0.7017304162011014
0,0,0,0,-0.9924020376385531,1,0,2,1,1,1,1,1,1,2,0,3,-1.4876969250676457,-0.9433083324351056
1,0,1,1,1.2064976032430856,1,2,1,2,2,0,0,2,2,0,1,2,1.3539759452164248,1.856261995922208
1,0,0,1,1.369379058123207,1,2,2,1,1,1,1,1,1,2,1,1,-1.3115464430500368,-0.26732786453465873
0,0,0,0,-1.1960038562387048,1,0,2,1,1,1,1,1,1,0,0,3,-1.4876969250676457,-0.9777206000870015
0,0,0,0,-0.015113308357824713,1,2,1,2,0,2,2,2,2,1,1,0,1.4885815022298807,0.5860081366486362
1,1,0,0,-0.6666391278783103,0,1,0,0,2,0,0,2,0,0,1,3,-0.8562140650045189,-0.7058416264910934
0,0,0,0,0.3106496014024181,1,2,1,0,0,2,2,2,2,1,1,1,1.3689321182179202,0.906836355064773
0,0,0,0,-0.9924020376385531,1,0,2,1,1,1,1,1,1,2,0,3,-1.479387940066815,-0.9287272369749112
0,0,1,1,-1.1552834925186746,1,2,0,0,2,0,2,0,0,0,1,3,-0.2081132349397309,-0.906579854460486
1,0,1,0,1.5322605130033284,1,2,0,2,2,2,2,2,0,2,1,0,0.4815325201292102,1.5230144783470858
1,0,0,1,-1.2774445836787656,0,1,0,0,0,0,0,0,0,0,1,2,-1.3115464430500368,-0.9946179058699195
1,0,1,0,1.4508197855632678,1,2,1,2,2,0,2,2,2,0,1,2,1.4270950132237343,2.224076195170741
1,0,1,1,0.47353105628253944,0,1,0,0,0,2,2,2,2,1,1,2,-0.3477041829536853,0.01648510700975942
0,0,0,0,-1.0331224013585834,1,0,0,0,0,2,2,0,2,0,0,0,-0.0651986929254444,-0.8212330188545981
0,1,0,0,1.5729808767233588,1,2,0,2,2,2,2,2,2,2,0,3,0.8338334841644282,1.7707828054407357
1,0,0,0,0.43281069256250915,1,2,1,0,2,0,0,0,0,0,1,2,0.4350022041245586,0.479175692906244
0,0,0,1,-0.7888002190384014,1,2,1,0,2,2,0,2,2,1,1,1,1.3091074262119398,-0.43263910413934314
1,0,1,1,1.4100994218432374,1,2,2,1,1,1,1,1,1,2,0,0,-1.3331498040521963,-0.2908649732427182
1,0,0,1,-1.2774445836787656,1,0,2,1,1,1,1,1,1,0,0,3,-1.4960059100684764,-0.9970664710682275
1,0,1,0,0.5549717837226001,1,0,2,1,1,1,1,1,1,1,1,0,-1.481049737066981,-0.6327155577308147
0,0,1,0,1.369379058123207,1,2,1,0,2,2,0,2,2,1,1,1,1.2526063282062914,1.9127113503588755
1,0,1,1,0.3106496014024181,1,2,0,0,0,2,0,2,2,0,1,2,0.32532360211359457,0.32471755309946526
0,0,1,0,1.4100994218432374,1,2,1,2,0,0,2,0,2,1,1,1,0.9833952141793793,1.79195958553421
0,0,1,1,0.10704778280226633,1,2,2,1,1,1,1,1,1,0,1,2,-1.2965902700485417,-0.6164138488880255
1,0,1,0,0.26992923768238775,1,0,0,2,0,2,2,2,2,1,0,1,0.5064594751317021,0.3984833370917343
1,0,0,0,-1.2774445836787656,1,0,1,0,0,0,0,0,0,0,0,2,0.1873944510998066,-0.9747205562404259
1,0,1,1,1.247217966963116,1,0,2,1,1,1,1,1,1,2,1,3,-1.51594747407047,-0.48648547935618786
1,0,0,1,-1.2774445836787656,1,0,0,0,0,2,0,0,0,0,0,2,-0.5255164619714603,-0.9841839298446974
0,0,0,0,-1.2774445836787656,1,2,1,0,0,0,0,0,2,0,1,2,0.6726391751483144,-0.9682792856286608
1,0,0,0,-0.9109613101984924,1,0,2,1,1,1,1,1,1,0,0,2,-1.4876969250676457,-0.9239845205998102
1,0,0,0,-1.2774445836787656,1,2,1,0,0,0,0,0,0,0,1,2,0.3386179781149237,-0.9727131739607321
0,0,1,1,1.2879383306831464,1,2,1,0,2,2,0,0,2,1,1,2,0.9335413041743955,1.6328249067901226
0,0,0,0,-0.6666391278783103,1,0,2,1,1,1,1,1,1,1,0,0,-1.4843733310673135,-0.8652189558404189
0,0,1,0,1.5729808767233588,1,2,0,0,0,2,2,2,2,2,1,0,0.5214156481331973,1.4923081472115478
1,0,0,0,-0.9109613101984924,1,2,1,0,0,0,0,2,2,0,0,2,1.0116457631822036,-0.5953032462323432
1,1,1,0,-0.38159658183809786,1,2,1,0,2,2,0,2,2,0,1,2,1.3190782082129364,-0.04186133397694865
0,0,0,0,-1.2774445836787656,1,2,1,0,0,0,0,0,2,0,1,3,0.6875953481498096,-0.9680807533152845
1,0,0,0,-0.2594354906780068,1,2,0,0,0,0,0,0,0,1,1,1,-0.43910301796282214,-0.43427148093821505
1,0,0,0,0.880734693482843,1,0,1,2,0,2,2,0,0,1,0,2,0.6526976111463211,0.9725064325004744
0,0,0,0,-1.0331224013585834,1,2,1,2,0,0,0,0,0,0,1,3,0.4948268961305394,-0.7389965228249392
1,0,0,0,-1.1145631287986442,1,0,2,1,1,1,1,1,1,0,1,3,-1.5126238800701375,-0.967816043564116
0,0,1,0,0.14776814652229667,1,2,1,0,2,2,0,2,0,0,1,0,1.0831030341893466,0.5197865805646673
0,0,0,0,-0.9109613101984924,1,2,1,0,0,0,0,0,2,0,0,2,0.720831288153132,-0.639223005780372
1,0,1,0,-1.1960038562387048,1,2,2,1,1,1,1,1,1,0,1,3,-1.368047541055685,-0.9664924948082738
0,0,1,0,-1.1145631287986442,1,2,0,0,0,2,2,2,0,0,0,0,0.10596639809166647,-0.8512334573203535
1,1,1,0,0.758573602322752,1,2,1,2,0,2,0,2,0,0,1,0,0.9651154471775519,1.0902581534785643
0,0,0,0,-0.8295205827584317,1,0,2,1,1,1,1,1,1,0,0,3,-1.505976692069473,-0.8971385400021453
0,0,0,0,0.025607055362205634,1,0,1,0,2,0,2,0,0,1,1,0,0.5047976781315361,0.17873012533007618
0,0,0,0,-0.0965540357978854,1,0,0,2,0,0,0,0,0,0,1,3,-0.5305018529719588,-0.3277919835307142
0,0,1,0,1.5729808767233588,1,2,1,2,2,2,2,2,2,2,1,1,1.6747027662484868,2.5581399011453
0,1,0,0,-1.2774445836787656,1,0,1,0,0,0,0,0,0,0,1,2,0.14917312009598557,-0.9752279165968321
0,0,1,0,-1.2367242199587352,1,0,1,0,0,0,0,0,0,0,0,2,0.1873944510998066,-0.9408597672367975
1,0,0,0,-0.7888002190384014,1,0,2,1,1,1,1,1,1,2,0,3,-1.4893587220678117,-0.8982856155905418
1,0,1,1,-0.5851984004382496,1,0,1,0,0,0,2,0,2,0,1,2,0.6925807391503077,-0.29922538955045447
0,1,1,0,1.369379058123207,0,1,0,0,2,2,0,2,0,1,0,0,-0.6385186579827569,0.3297911566635268
0,0,1,0,1.4100994218432374,1,2,2,1,1,1,1,1,1,2,1,1,-1.3132082400502028,-0.2411436583149148
1,0,0,0,-0.9924020376385531,0,1,0,0,0,0,0,0,0,0,1,1,-1.3132082400502028,-0.9235874559730575
0,0,1,0,-1.1960038562387048,1,0,1,0,0,0,0,0,2,0,1,2,0.5164302571326987,-0.8954620449114119
0,0,1,1,0.18848851024232702,1,2,2,1,1,1,1,1,1,2,1,0,-1.3514295710540236,-0.6255463353033364
1,1,1,0,1.4915401492832983,1,2,1,0,2,2,2,2,2,2,1,2,1.5018758782312098,2.3623208627184535
1,0,1,1,0.758573602322752,1,2,2,1,1,1,1,1,1,1,1,3,-1.3564149620545218,-0.46914699065465576
1,0,0,0,-1.0738427650786138,1,0,2,1,1,1,1,1,1,0,0,3,-1.5225946620711341,-0.9571835352255174
1,0,1,0,-0.0965540357978854,1,0,2,1,1,1,1,1,1,1,0,1,-1.46443176706532,-0.7467613421925465
0,0,1,1,1.5322605130033284,1,2,2,1,1,1,1,1,1,2,0,3,-1.3530913680541898,-0.22720227808671087
1,0,1,1,1.0843365120829946,1,0,0,2,2,2,2,2,2,2,1,2,0.7308020701541287,1.2821947822216067
1,1,0,0,0.3920903288424788,1,2,1,0,2,0,0,0,0,0,1,0,0.48485611412954227,0.46957996442638844
0,0,0,0,-1.2774445836787656,1,0,2,1,1,1,1,1,1,0,0,3,-1.4993295040688086,-0.9971105893600889
0,0,0,0,-1.1960038562387048,1,0,2,1,1,1,1,1,1,0,0,3,-1.5275800530716328,-0.9810735902684682
1,0,0,0,-1.2367242199587352,1,0,1,0,2,0,0,2,2,0,0,2,1.0266019361836989,-0.9319699314267245
0,0,1,1,-0.7888002190384014,1,0,2,1,1,1,1,1,1,2,1,0,-1.4960059100684764,-0.8969400076887689
0,0,0,0,-0.4223169455581282,1,0,0,2,0,0,0,0,0,0,1,2,-0.4972659129686364,-0.5429568929387862
0,0,1,0,0.8400143297628127,1,2,1,0,2,2,2,2,2,1,1,0,1.5633623672373562,1.55738262770712
0,0,1,1,0.47353105628253944,1,2,1,0,2,2,0,0,2,1,0,2,0.9850570111795457,0.8892552157580034
1,0,1,0,1.6137012404433893,1,2,1,2,2,2,2,2,2,2,1,0,1.6963061272506461,2.711142137320652
1,0,1,0,1.5322605130033284,1,2,1,2,2,2,2,2,2,2,0,1,1.6464522172456624,2.6314645022189542
1,0,0,0,-1.2774445836787656,1,0,2,1,1,1,1,1,1,0,0,0,-1.4960059100684764,-0.9970664710682275
0,0,0,0,-1.0331224013585834,1,0,0,2,2,2,0,0,0,0,0,2,-0.11172900893009581,-0.8121446507311486
0,1,1,0,1.6137012404433893,1,2,1,2,2,2,0,2,2,2,1,2,1.58330393123935,2.544352934938611
0,0,1,1,-1.1552834925186746,1,0,1,0,0,0,0,2,0,0,1,3,0.46989994112804756,-0.8735352538562936
0,1,1,0,-0.8702409464784621,1,2,1,0,0,2,0,2,2,0,1,2,1.156222102196656,-0.506713716174642
0,0,1,0,-0.4223169455581282,1,0,1,0,2,0,0,0,2,0,0,2,0.6161380771426661,-0.1914002842411807
0,1,1,0,1.125056875803025,1,2,1,0,0,2,0,2,2,1,1,1,1.1877962451998125,1.6541119826132504
0,0,0,0,-0.2594354906780068,1,0,1,2,0,2,2,0,0,1,1,1,0.7440964461554579,-0.002485758490644714
1,0,0,0,0.18848851024232702,1,2,1,0,0,0,2,2,2,0,0,0,1.1312951471941644,0.5275734590782054
0,0,0,0,-1.0738427650786138,1,2,1,0,2,2,2,2,2,0,1,1,1.5002140812310438,-0.7104299288446795
1,0,0,0,0.14776814652229667,1,2,1,0,0,0,0,0,2,0,1,2,0.6643301901474837,0.3398942454997886
1,0,0,0,1.6137012404433893,1,2,0,2,2,2,2,0,0,2,0,0,0.16246749609731476,1.1596562265765542
1,0,1,0,1.247217966963116,1,0,1,2,2,2,2,2,2,2,1,1,1.506861269231708,1.9526604636393778
1,0,0,1,-0.21871512695797646,1,0,2,1,1,1,1,1,1,2,0,1,-1.4976677070686424,-0.7810853732607196
0,0,0,0,-1.2367242199587352,1,0,0,0,2,0,2,0,0,0,1,1,-0.3227772279511935,-0.9604482888232614
0,0,0,0,0.10704778280226633,0,1,0,0,0,2,2,0,0,0,1,3,-1.0406735320229585,-0.4870148988585248
0,0,0,0,-0.7073594915983407,1,0,2,1,1,1,1,1,1,1,0,3,-1.4993295040688086,-0.8863957359338932
0,1,0,0,-0.7888002190384014,1,0,1,0,0,2,0,0,0,0,1,2,0.3170146171127639,-0.5909134761921334
0,1,1,0,1.3286586944031769,1,0,1,2,2,2,0,0,2,0,0,2,0.9850570111795457,1.6969729031566052
0,0,0,0,-0.9516816739185228,1,0,0,2,2,0,0,2,2,0,1,2,0.32864719611392706,-0.6953855913199404
1,0,0,0,-1.2367242199587352,1,0,1,2,2,0,0,2,2,0,0,2,1.1778254631988159,-0.9182050243659662
0,0,0,0,-0.9109613101984924,1,2,1,0,2,0,0,0,0,0,1,1,0.5396954151350245,-0.6448701471386317
1,0,1,1,-0.8702409464784621,1,0,2,1,1,1,1,1,1,2,0,3,-1.4993295040688086,-0.9061827898337333
0,0,0,0,0.14776814652229667,1,0,2,1,1,1,1,1,1,1,1,0,-1.5126238800701375,-0.7058636856370241
0,1,1,0,-0.21871512695797646,1,2,0,0,2,2,2,2,2,0,0,2,0.6344178441444933,0.01344094487132244
0,0,1,1,1.6137012404433893,1,2,0,2,2,2,0,2,2,2,1,1,0.6261088591436628,1.6233615331858513
1,0,1,0,1.1657772395230555,1,2,0,2,0,2,0,0,2,2,1,3,0.17077648109814536,0.8589680083951486
0,1,1,0,1.0436161483629645,1,0,1,2,2,0,2,2,2,1,1,1,1.3539759452164248,1.73198076774863
1,0,1,0,-0.4223169455581282,1,0,1,0,0,2,0,2,0,0,1,0,0.7391110551549593,-0.18930466537776397
0,0,0,0,-1.1145631287986442,1,2,1,0,2,0,0,2,0,0,1,2,0.8654076271675846,-0.8048210142821554
0,1,0,0,-0.2594354906780068,1,2,1,2,2,0,0,0,2,0,1,2,1.0049985751815391,0.09594215065214973
1,1,1,1,1.1657772395230555,1,2,1,0,2,0,0,2,2,1,0,2,1.1379423351948288,1.6277733623719917
1,1,1,0,0.3106496014024181,1,2,1,2,0,0,0,2,2,0,0,2,1.2326647642042976,0.7970259266217362
1,1,0,0,1.3286586944031769,1,0,1,0,2,2,0,2,2,0,1,0,1.141265929195161,1.8602105830438036
1,0,0,0,-1.1960038562387048,1,0,1,0,2,2,2,2,2,0,1,2,1.435403998224565,-0.8652189558404189
1,0,1,0,-0.21871512695797646,1,0,0,2,0,0,0,0,0,1,0,1,-0.533825446972291,-0.3785280191713299
1,0,0,0,1.4915401492832983,1,2,0,2,2,2,2,2,0,2,1,1,0.4881797081298748,1.4218512351088841
0,0,1,1,0.880734693482843,1,2,0,0,2,2,0,0,0,2,1,0,-0.16490651293541178,0.4264984524237264
0,0,0,0,-0.13727439951791576,1,2,0,2,2,0,2,0,0,0,0,3,0.08934842809000525,-0.21116527899509022
0,1,0,0,-1.0738427650786138,1,0,1,0,0,0,0,2,2,0,1,2,0.8172155141627669,-0.7552761725217977
1,0,0,0,-0.5851984004382496,1,0,2,1,1,1,1,1,1,0,0,3,-1.5126238800701375,-0.8595938736280897
1,0,0,0,-1.2367242199587352,1,0,1,0,0,0,0,0,0,0,1,1,0.16745288709781284,-0.9463524945735426
0,0,0,0,-0.4223169455581282,1,0,2,1,1,1,1,1,1,0,1,3,-1.4860351280674797,-0.7983356253785289
0,0,1,1,-0.2594354906780068,1,0,2,1,1,1,1,1,1,2,0,1,-1.4993295040688086,-0.7874384072887618
1,0,0,1,-0.8702409464784621,1,2,1,0,0,0,0,0,2,0,0,2,0.7125223031523015,-0.6117152508047858
1,0,1,1,1.002895784642934,1,2,1,0,0,0,0,0,0,0,1,2,0.3170146171127639,0.7670475473019114
1,0,0,0,-1.1552834925186746,1,0,2,1,1,1,1,1,1,0,1,3,-1.4993295040688086,-0.9759779275584759
1,0,0,0,0.14776814652229667,1,2,1,0,0,0,0,0,2,0,1,2,0.6693155811479823,0.347416414262158
1,0,0,0,1.4100994218432374,1,0,2,1,1,1,1,1,1,1,1,3,-1.505976692069473,-0.4781471221943823
0,0,0,0,0.9214550572028734,1,0,0,2,0,0,0,0,0,0,1,1,-0.47233895796614456,0.24398107899309418
0,0,1,0,-0.21871512695797646,1,2,1,0,0,0,0,2,2,0,0,1,1.0049985751815391,0.08065516252217307
1,0,0,0,-1.2774445836787656,1,0,0,0,0,0,0,0,0,0,1,3,-0.6335332669822583,-0.985617774330193
0,0,0,1,0.7178532386027215,1,0,2,1,1,1,1,1,1,2,0,1,-1.4827115340671475,-0.5774573971744049
0,0,1,0,1.6137012404433893,1,2,0,2,2,2,2,2,2,2,1,0,0.9468356801757247,1.9452706497525925
0,0,0,0,-1.1960038562387048,1,0,0,0,0,0,0,0,2,0,1,2,-0.31446824295036285,-0.9192418042247091
0,0,0,0,1.5322605130033284,0,1,0,2,0,2,2,2,2,2,1,0,-0.2130986259402292,0.8534752810584038
0,0,0,0,1.5729808767233588,1,2,1,0,2,2,2,2,2,2,1,2,1.5450826002355291,2.5166907659415094
0,0,1,0,-1.1552834925186746,1,0,2,1,1,1,1,1,1,0,0,3,-1.4760643460664828,-0.9720955178746724
0,0,0,0,-0.9924020376385531,1,2,1,0,0,0,0,0,0,0,1,1,0.32698539911376057,-0.7636145296836031
0,0,0,0,-0.015113308357824713,1,0,2,1,1,1,1,1,1,0,0,0,-1.491020519067978,-0.7403862490185734
0,0,0,0,-0.8295205827584317,1,2,0,0,0,0,2,2,2,1,1,3,0.36853032411791364,-0.6288110889010803
0,0,1,1,-0.9109613101984924,1,2,1,0,0,0,0,0,2,0,0,2,0.7042133181514708,-0.626980179788832
0,0,1,0,0.6364125111626608,1,2,1,0,0,0,0,0,2,1,1,3,0.574593152138513,0.7721652691578343
0,0,0,0,1.002895784642934,1,0,1,0,0,2,0,2,2,2,1,2,1.0133075601823696,1.4051304024934113
0,0,0,0,-0.9516816739185228,1,0,1,0,2,2,0,0,0,0,0,2,0.5247392421335293,-0.7172903232291279
1,1,0,0,-0.8295205827584317,1,0,1,0,2,2,2,0,0,0,1,3,0.6327560471443273,-0.5514717232680374
1,0,1,0,-1.2774445836787656,1,0,0,0,0,0,0,0,0,0,1,3,-0.62854787598176,-0.9855515968924009
0,0,0,0,-0.38159658183809786,1,0,1,0,2,2,2,0,0,0,0,0,0.612814483142334,-0.10916378821152191
0,0,1,1,1.6137012404433893,1,2,0,2,0,2,2,2,2,2,0,1,0.6626683931473177,1.5945081703084922
0,0,0,0,-1.2774445836787656,1,0,0,0,0,0,0,0,0,0,1,2,-0.6351950639824246,-0.9856398334761236
1,0,0,1,-0.9924020376385531,1,0,2,1,1,1,1,1,1,0,0,3,-1.4760643460664828,-0.9269404461545244
0,0,0,0,-1.1960038562387048,1,0,2,1,1,1,1,1,1,0,0,3,-1.4926823160681442,-0.9805441707661314
1,0,0,0,-0.5851984004382496,1,0,2,1,1,1,1,1,1,1,0,3,-1.4993295040688086,-0.8243433584308271
1,0,0,0,-0.4223169455581282,1,2,1,2,0,0,0,2,2,0,1,2,1.1961052302006432,-0.08150161921442096
0,0,1,1,-0.21871512695797646,1,0,2,1,1,1,1,1,1,2,0,3,-1.491020519067978,-0.7630851101812663
0,1,0,0,0.22920887396235737,1,2,1,0,0,0,2,2,2,0,1,2,1.156222102196656,0.64170748012366
1,0,1,1,1.6137012404433893,1,2,1,2,2,2,0,2,2,2,1,0,1.5135084572323727,2.509080360595417
1,0,1,1,1.4915401492832983,1,0,0,2,2,2,0,0,0,2,1,0,-0.16656830993557784,0.7897905267564658
0,0,0,0,-0.8702409464784621,1,2,1,2,0,0,0,0,0,0,1,0,0.4732235351283796,-0.5957885474428187
1,0,0,1,-0.748079855318371,1,0,2,1,1,1,1,1,1,0,0,3,-1.4893587220678117,-0.887366338354844
0,0,1,0,1.002895784642934,1,2,0,2,0,2,2,2,2,2,1,2,0.6560212051466532,1.131927880141661
0,0,0,1,0.10704778280226633,1,0,2,1,1,1,1,1,1,1,1,1,-1.4843733310673135,-0.7214374426641
1,0,0,1,-1.2367242199587352,1,2,0,2,2,0,0,0,0,0,0,0,-0.12668518193159078,-0.946396612865404
1,1,0,0,-0.38159658183809786,1,2,1,0,2,2,0,2,2,0,1,2,1.3838882912194153,0.08989794466713733
1,0,0,0,0.5549717837226001,1,0,2,1,1,1,1,1,1,2,0,0,-1.4860351280674797,-0.6078328411209822
0,0,0,0,-0.8295205827584317,1,0,2,1,1,1,1,1,1,0,0,0,-1.505976692069473,-0.9054327788720895
0,1,0,0,-1.0331224013585834,1,0,0,0,2,0,0,0,0,0,1,3,-0.44741200296365274,-0.8207697767900534
1,0,1,1,-1.0738427650786138,1,2,2,1,1,1,1,1,1,2,0,3,-1.3082228490497045,-0.9381464922873212
0,0,0,0,-1.2774445836787656,1,2,1,0,0,0,0,0,0,0,1,3,0.3419415721152558,-0.9726690556688705
0,0,1,0,1.247217966963116,1,2,1,0,2,2,2,2,2,2,1,0,1.478610720228884,2.012528985695304
0,0,1,1,1.1657772395230555,1,2,0,2,2,0,0,0,0,0,0,2,-0.16490651293541178,0.6007877644222068
0,0,0,0,-0.055833672077855064,1,0,1,2,0,2,2,0,0,0,0,2,0.7590526191569525,0.1961127323234698
1,0,0,0,-0.2594354906780068,1,2,1,0,0,0,2,0,0,0,1,2,0.5230774451333633,-0.084236953309828
1,0,0,0,0.025607055362205634,1,2,0,0,2,0,0,0,0,0,1,0,-0.33607160395252245,-0.2711220376347395
1,0,1,1,1.6137012404433893,0,1,0,2,2,2,2,2,2,2,1,0,0.0295237360840249,1.0521178901643797
0,0,1,0,0.35136996512244845,1,0,0,2,0,0,2,2,2,1,1,1,0.3303089931140931,0.40055689680922046
1,0,1,1,1.1657772395230555,1,0,0,2,2,2,2,2,2,1,0,0,0.6693155811479823,1.3168276413328095
1,0,1,0,-0.7073594915983407,1,0,2,1,1,1,1,1,1,1,0,3,-1.5275800530716328,-0.8756529318656411
1,1,0,0,0.9214550572028734,0,1,0,0,0,2,0,2,2,1,1,0,-0.4889569279678058,0.20458344436085946
1,0,1,0,0.5956921474426305,1,2,1,0,0,2,2,2,2,0,1,0,1.4154624342225712,1.2526134675285345
0,1,1,0,0.880734693482843,1,2,1,0,2,0,0,2,2,1,1,1,1.221032185203135,1.3647401062942954
1,0,0,0,-1.2774445836787656,1,0,2,1,1,1,1,1,1,0,0,3,-1.477726143066649,-0.9968238204629898
0,0,0,0,0.5956921474426305,1,2,1,0,2,2,0,2,2,0,1,2,1.3822264942192488,1.1335602569405334
0,0,0,0,1.2064976032430856,1,2,1,2,2,2,2,2,2,1,1,1,1.6713791722481544,2.1413764570765377
0,0,1,0,1.4100994218432374,1,0,2,1,1,1,1,1,1,1,1,0,-1.4594463760648215,-0.42015362754256547
1,0,0,0,0.18848851024232702,1,0,0,2,2,2,2,0,0,2,0,0,0.0278619390838584,0.015029203378333179
0,1,0,0,0.8400143297628127,1,0,1,0,2,0,0,0,0,0,1,1,0.3003966471111027,0.7606503949820077
0,0,1,0,1.2064976032430856,1,0,0,2,0,2,2,2,2,2,0,3,0.5396954151350245,1.193914080206935
1,0,0,0,-0.748079855318371,1,0,2,1,1,1,1,1,1,0,1,2,-1.4860351280674797,-0.87373378616967
1,0,0,1,-1.0738427650786138,1,0,2,1,1,1,1,1,1,0,0,3,-1.4976677070686424,-0.9565217608475963
0,0,1,0,-0.21871512695797646,1,0,1,2,0,0,2,2,2,1,1,1,1.2343265612044643,0.17709774853120427
1,0,0,0,1.0436161483629645,1,0,2,1,1,1,1,1,1,2,0,1,-1.477726143066649,-0.5065813612990578
1,0,1,0,0.6771328748826912,1,2,1,0,2,0,0,2,2,0,1,0,1.1396041321949948,1.1356117575120885
0,0,1,1,1.4915401492832983,1,2,0,2,2,0,2,2,0,1,0,1,0.29707305311077065,1.1497737291995997
0,0,1,0,1.5322605130033284,1,0,0,0,2,2,2,2,2,2,1,0,0.5197538511330312,1.516837917486489
0,0,0,0,-1.2774445836787656,1,0,2,1,1,1,1,1,1,0,0,3,-1.4577845790646555,-0.9965591107118213
0,0,0,0,-0.7888002190384014,1,0,0,2,0,0,2,0,0,1,0,3,-0.3194536339508612,-0.6780250434724775
0,0,0,0,-1.2774445836787656,0,1,0,0,0,0,0,0,0,0,1,3,-1.3248408190513656,-0.9947943790373651
0,1,0,0,-0.9516816739185228,1,0,1,0,0,2,0,0,0,0,0,1,0.356897745116751,-0.7245698413862597
1,0,0,0,1.2879383306831464,1,2,1,2,2,0,0,0,0,1,1,1,0.6493740171459885,1.3276586819847844
1,0,0,0,-1.1960038562387048,1,2,0,0,0,0,2,2,0,0,1,3,0.016229360082695727,-0.9131755390937659
1,1,0,1,-0.8702409464784621,1,0,0,0,2,0,2,0,0,0,1,2,-0.3393951979528547,-0.7405186038941577
1,0,0,0,0.758573602322752,0,1,0,2,0,0,2,0,2,0,1,1,-0.6750781919864114,-0.043317237608374894
1,0,1,0,1.2879383306831464,1,2,0,2,0,0,0,2,0,1,1,1,0.046141706085686136,0.9321161363013581
0,0,0,0,-0.7888002190384014,1,0,2,1,1,1,1,1,1,0,1,3,-1.477726143066649,-0.8842780579245457
0,0,0,0,-0.62591876415828,1,0,1,0,0,0,0,0,0,0,1,2,0.17410007509847744,-0.5008459833570752
1,0,1,1,-0.62591876415828,1,2,0,2,0,2,0,2,0,1,1,0,0.1857326540996401,-0.4756323795582822
0,0,0,0,-0.015113308357824713,0,1,0,2,0,0,0,0,0,1,0,3,-1.150352134033923,-0.5965164992585318
1,0,1,0,1.5322605130033284,1,0,0,2,2,0,2,0,2,2,0,3,0.10596639809166647,1.0519634761428647
1,0,0,0,-1.2774445836787656,1,0,1,0,0,0,0,2,0,0,1,2,0.4915033021302069,-0.9706837325351073
1,0,1,1,0.5142514200025698,1,2,1,0,2,2,0,0,2,1,1,1,1.0049985751815391,0.921682160276136
0,0,0,0,0.47353105628253944,1,2,1,0,2,2,0,0,0,0,1,0,0.6659919871476498,0.6983112485818426
0,0,1,1,-0.8295205827584317,1,2,2,1,1,1,1,1,1,2,0,1,-1.3132082400502028,-0.8845868859675755
0,0,1,0,1.5729808767233588,1,0,2,1,1,1,1,1,1,2,0,1,-1.4926823160681442,-0.39712387919091213
1,0,1,0,-1.2367242199587352,1,0,1,0,0,2,0,0,0,0,0,2,0.3868100911197414,-0.9388082666652422
0,0,1,0,-0.9516816739185228,1,0,0,2,2,2,2,0,0,0,0,3,0.00792037508186511,-0.7132534995238095
0,0,0,0,-1.0331224013585834,0,1,0,0,0,0,0,0,0,0,0,0,-1.3198554280508674,-0.9219771383201164
1,0,0,0,-0.5851984004382496,1,0,1,0,0,0,2,0,0,0,1,0,0.37019212111808014,-0.40001362730783413
1,0,0,0,-1.1552834925186746,1,2,1,0,0,0,0,0,0,0,1,0,0.24721914310578694,-0.8709763929283322
0,0,0,0,-0.7073594915983407,1,0,2,1,1,1,1,1,1,0,0,3,-1.5009913010689746,-0.8736896678778086
0,0,1,0,1.4915401492832983,1,2,1,2,0,0,0,2,2,2,0,0,1.1429277261953275,2.0275071457822516
0,0,0,0,-1.2774445836787656,1,0,0,0,0,0,0,0,0,0,1,3,-0.6750781919864114,-0.9861692529784606
1,0,0,0,-1.2774445836787656,1,2,1,0,0,0,0,2,0,0,1,3,0.6610065961471517,-0.9684336996501757
1,0,0,0,-1.0331224013585834,0,1,0,0,0,0,0,0,0,1,1,1,-1.343120586053193,-0.9392273904379257
0,0,1,1,1.0436161483629645,0,1,0,2,0,2,2,2,2,2,0,3,-0.16656830993557784,0.5932214773679758
0,0,0,0,0.5142514200025698,1,2,1,2,2,2,2,2,2,0,1,2,1.6913207362501481,1.2555032156454566
0,0,0,0,0.14776814652229667,1,0,0,2,2,2,2,2,0,1,1,3,0.3851482941195749,0.14409726621887328
1,1,1,0,-0.21871512695797646,1,2,0,0,2,2,2,2,2,0,1,0,0.6659919871476498,0.013154175974223466
1,1,1,0,1.3286586944031769,1,2,1,0,2,2,0,2,2,0,1,2,1.3157546142126038,1.8965640555376015
1,1,1,0,1.6137012404433893,1,2,1,2,2,2,2,2,2,2,1,0,1.7046151122514768,2.7023184789483707
0,0,1,0,-0.7073594915983407,1,2,2,1,1,1,1,1,1,2,0,3,-1.3148700370503688,-0.8346449795804651
1,0,0,0,-1.2367242199587352,1,0,0,0,0,0,2,2,2,0,0,2,0.18407085709947407,-0.9473672152863548
0,0,0,0,1.2879383306831464,1,2,1,0,0,2,0,2,2,1,1,1,1.1728400721983174,1.7534663758851343
0,0,0,0,-0.7888002190384014,1,2,1,2,0,0,0,2,2,0,1,2,1.182810854199314,-0.4062784247521537
1,0,1,0,1.5322605130033284,1,0,0,2,2,2,0,2,2,2,1,1,0.5114448661322006,1.464910687965615
1,0,0,0,-1.2774445836787656,1,2,0,0,0,2,0,0,0,0,0,2,-0.34604238595351905,-0.9818015420841815
1,0,0,0,-0.5037576729981889,1,2,1,0,0,2,0,2,0,0,1,1,0.8620840331672525,-0.2198786416377177
0,0,0,0,1.0843365120829946,1,2,2,1,1,1,1,1,1,2,0,2,-1.3397969920528607,-0.3470496179282175
1,1,1,0,-0.055833672077855064,1,2,1,2,0,0,0,2,0,0,0,2,0.8205391081630994,0.23290738773588157
1,0,0,0,0.14776814652229667,1,0,0,0,2,0,2,0,2,1,1,3,0.021214751083194285,0.09647157015448671
1,0,0,0,-1.2774445836787656,1,0,1,0,0,0,0,2,2,0,1,2,0.8089065291619363,-0.9664704356623433
1,0,0,0,-1.2774445836787656,1,0,2,1,1,1,1,1,1,0,0,3,-1.4843733310673135,-0.9969120570467127
0,0,0,0,-0.9516816739185228,1,0,2,1,1,1,1,1,1,0,0,3,-1.5192710680708021,-0.9362273465913501
0,0,1,1,0.880734693482843,1,2,2,1,1,1,1,1,1,1,1,0,-1.329826210051864,-0.41364617949300825
0,0,1,0,1.1657772395230555,1,0,2,1,1,1,1,1,1,0,1,3,-1.5076384890696393,-0.4840589733038106
1,0,0,0,-1.1145631287986442,1,2,1,0,0,0,0,0,0,0,1,0,0.37019212111808014,-0.8479466445766788
1,0,1,1,0.35136996512244845,1,2,0,2,2,2,0,2,0,0,1,1,0.32532360211359457,0.3281587798646549
1,0,1,0,1.6137012404433893,1,0,0,2,2,2,2,2,2,2,0,3,0.6543594081464871,1.6559208325795682
1,0,0,0,-0.21871512695797646,1,0,1,0,0,0,0,0,0,0,1,3,0.142525932095321,-0.21462856490621046
1,0,0,0,0.10704778280226633,1,0,0,0,0,0,0,2,0,0,0,3,-0.3244390249513595,-0.11875951669137748
0,1,0,0,-0.6666391278783103,1,2,1,0,0,0,0,2,2,0,1,2,1.04321990618536,-0.33112291456625026
1,0,0,0,-0.62591876415828,1,0,2,1,1,1,1,1,1,1,0,3,-1.4893587220678117,-0.8687484191893312
1,0,1,1,1.2064976032430856,1,2,2,1,1,1,1,1,1,1,0,0,-1.328164413051698,-0.3544835501068642
0,1,0,0,-1.2774445836787656,1,2,1,0,0,0,0,0,0,0,1,2,0.2438955491054544,-0.9739705452787821
0,0,0,0,-0.7888002190384014,1,0,1,0,2,0,0,0,0,1,1,3,0.32864719611392706,-0.5794868386000296
0,0,0,0,-0.9109613101984924,1,2,1,0,0,0,0,0,0,0,1,2,0.3319707901142591,-0.6529879128411301
0,0,1,1,-1.1552834925186746,1,2,0,0,0,0,0,0,0,0,0,3,-0.4623681759651477,-0.9000944655568595
1,0,0,0,-0.9109613101984924,1,0,2,1,1,1,1,1,1,1,0,3,-1.4760643460664828,-0.9279992851591979
0,0,1,0,0.3920903288424788,1,2,1,0,0,0,0,2,2,0,1,2,0.9784098231788811,0.8411442184831411
0,0,0,0,-1.2774445836787656,1,0,2,1,1,1,1,1,1,0,0,1,-1.4893587220678117,-0.9969782344845048
1,0,1,0,1.4100994218432374,1,2,1,0,2,2,0,0,0,1,0,2,0.7524054311562884,1.6054936249819822
1,0,1,1,1.2064976032430856,1,0,2,1,1,1,1,1,1,2,0,1,-1.4860351280674797,-0.4481687428745576
1,1,0,0,-0.5851984004382496,1,2,1,0,0,2,2,2,0,0,0,0,0.9684390411778845,-0.23640094193981376
0,0,0,0,-0.8295205827584317,1,0,1,0,2,0,0,0,2,0,1,2,0.6593447991469852,-0.5569423914588516
1,0,0,1,-0.9516816739185228,1,0,0,0,2,0,0,0,0,0,1,2,-0.48729513096763954,-0.7922252419557243
1,0,1,0,1.6137012404433893,1,2,2,1,1,1,1,1,1,2,0,1,-1.2965902700485417,-0.18332663683054362
1,0,0,0,1.0843365120829946,1,0,2,1,1,1,1,1,1,2,1,0,-1.481049737066981,-0.4797574398473236
0,0,0,0,-0.0965540357978854,1,2,0,2,0,2,0,2,2,1,1,1,0.4831943171293762,0.06501522805730489
0,0,0,0,1.5322605130033284,1,2,1,0,2,0,0,2,2,1,0,2,1.1346187411944968,2.011293673523185
0,0,1,1,1.4915401492832983,1,0,2,1,1,1,1,1,1,2,0,0,-1.4827115340671475,-0.4156976800645636
0,0,1,1,0.5956921474426305,1,0,2,1,1,1,1,1,1,2,0,1,-1.4860351280674797,-0.5572291603559507
1,0,0,0,-0.8295205827584317,1,0,0,0,0,0,2,2,0,1,1,2,-0.16490651293541178,-0.6846869055435497
0,0,1,0,0.3920903288424788,1,2,1,0,0,2,2,0,0,0,1,2,0.6493740171459885,0.5773609514438008
1,0,1,0,1.0843365120829946,1,2,1,0,0,2,0,2,2,1,1,0,1.15456030519649,1.6241556624393567
0,1,0,0,0.5142514200025698,1,2,1,0,0,2,0,2,2,1,1,0,1.2426355462052947,1.0833756999481852
1,0,1,0,-0.9109613101984924,1,0,1,0,0,0,0,0,0,0,1,2,0.18407085709947407,-0.6800986031899635
0,0,1,1,0.6771328748826912,1,0,0,0,2,2,0,2,2,1,0,1,0.43998759512505714,0.6813918836529936
0,0,1,1,1.0436161483629645,1,2,2,1,1,1,1,1,1,2,0,1,-1.3165318340505352,-0.3396377448955014
1,1,0,0,-0.46303730927815856,1,0,0,0,0,2,0,2,0,0,1,0,-0.15659752793458118,-0.46041156886609746
0,0,0,0,-1.0331224013585834,1,2,1,0,0,0,0,0,0,0,1,2,0.35191235411625243,-0.7566658987154319
1,0,0,1,-0.1779947632379461,1,0,0,0,2,0,2,0,0,1,1,1,-0.34438058895335305,-0.33668181934078734
1,1,1,0,-0.015113308357824713,1,2,1,0,0,2,2,2,2,0,1,2,1.3340343812144315,0.4728667771700632
0,0,0,0,0.5549717837226001,1,2,1,0,0,2,0,2,2,1,1,2,1.2077378092018058,1.0564856010586585
1,0,0,0,-0.8295205827584317,1,2,1,0,0,0,0,2,2,0,1,2,1.0398963121850275,-0.49925772485006464
0,0,1,0,-0.9516816739185228,1,0,1,0,0,0,0,2,2,0,0,2,0.8205391081630994,-0.6294066858412093
1,0,0,0,-0.8702409464784621,1,0,1,0,0,0,2,0,0,0,1,2,0.3020584441112687,-0.5971341553445915
1,0,0,0,-1.2367242199587352,1,0,2,1,1,1,1,1,1,0,0,3,-1.4760643460664828,-0.9911325608128686
1,0,0,0,-1.2367242199587352,1,0,1,0,0,2,0,0,2,0,1,2,0.7008897241511383,-0.9319699314267245
0,0,1,0,0.880734693482843,1,2,1,0,2,2,2,2,2,1,0,2,1.5151702542325387,1.5941772831195316
0,0,0,0,-0.3408762181180675,1,0,1,2,0,0,0,2,2,0,1,2,0.9917041991802098,0.0015069469228125157
0,0,0,0,-1.1960038562387048,1,0,1,0,0,0,0,0,0,0,1,2,0.16911468409797886,-0.9176094274258373
1,0,0,0,-1.2774445836787656,1,0,0,0,0,0,0,0,0,0,0,2,-0.6318714699820923,-0.9855957151842623
1,0,1,0,0.35136996512244845,1,2,0,0,2,2,0,2,0,1,0,0,0.12424616509349373,0.24715759600711526
0,0,1,0,0.26992923768238775,0,1,0,2,0,2,0,2,2,0,0,2,-0.29452667894836937,-0.04208192543625567
1,0,1,1,-1.0738427650786138,1,0,2,1,1,1,1,1,1,1,0,3,-1.505976692069473,-0.9557055724481603
0,0,1,1,0.3920903288424788,1,2,2,1,1,1,1,1,1,2,0,2,-1.3896509020578445,-0.5583100585065551
0,1,1,1,-0.015113308357824713,1,2,1,0,2,0,0,2,2,0,1,2,1.1844726511994805,0.41379238436764193
0,0,0,1,-1.2367242199587352,1,0,0,0,2,0,0,0,0,0,0,3,-0.43910301796282214,-0.958926207754043
1,1,1,0,1.0843365120829946,0,1,0,2,0,2,2,2,2,2,1,1,-0.023653767921291324,0.7090319935041639
1,0,0,0,-1.2774445836787656,1,0,1,0,0,0,0,0,2,0,1,2,0.53304822713436,-0.9701322538868398
0,0,1,1,-0.7073594915983407,1,0,2,1,1,1,1,1,1,0,0,3,-1.4943441130683104,-0.8853589560751501
0,0,0,0,-0.9109613101984924,1,0,2,1,1,1,1,1,1,0,1,2,-1.4478137970636586,-0.9075504568814369
0,0,0,0,-1.0331224013585834,1,0,1,0,0,0,0,0,0,0,1,0,0.16911468409797886,-0.7783720983112431
0,1,0,0,-0.38159658183809786,1,2,1,0,0,2,0,0,0,0,1,3,0.48485611412954227,-0.19607682317848968
1,0,0,0,1.4915401492832983,1,0,2,1,1,1,1,1,1,2,0,1,-1.4893587220678117,-0.3884105165482847
0,1,0,0,-0.38159658183809786,1,0,1,2,0,0,0,0,0,0,1,0,0.35357415111641893,-0.2806736478227337
0,0,0,0,0.3106496014024181,1,2,0,0,0,2,2,2,2,1,1,3,0.531386430134194,0.40982173810011546
1,0,0,0,-1.0738427650786138,1,0,0,2,0,2,2,2,2,2,1,3,0.5147684601325326,-0.7881001816666828
1,0,0,0,0.5549717837226001,1,2,1,2,2,0,0,0,2,0,1,2,0.9617918531772199,0.8272469565467986
0,0,1,1,1.4508197855632678,1,0,2,1,1,1,1,1,1,2,1,0,-1.5093002860698053,-0.4354847339644037
0,0,1,1,0.35136996512244845,1,2,1,0,2,2,2,2,2,1,1,0,1.4736253292283856,0.9593591815257757
0,0,0,0,0.26992923768238775,0,1,0,2,2,0,2,0,0,1,0,0,-0.7847567939973756,-0.2553718074402179
1,0,1,0,-0.46303730927815856,1,0,0,0,0,0,0,2,0,0,0,0,-0.33773340095268845,-0.5093608136863264
1,0,0,0,0.18848851024232702,1,0,1,0,0,0,0,0,0,0,1,3,0.1857326540996401,0.12051603921895242
0,0,0,0,1.125056875803025,1,0,1,0,2,2,0,2,2,2,1,2,1.1595456961969886,1.6153099449211448
0,0,1,1,0.14776814652229667,1,2,0,2,2,2,2,2,2,2,1,1,0.9352031011745621,0.48508754401567233
0,0,1,1,0.10704778280226633,1,0,1,2,0,2,2,2,2,0,1,2,1.4005062612210766,0.6515017409168917
0,0,1,0,1.6137012404433893,1,2,1,2,2,0,2,2,0,2,0,0,1.1678546811978192,2.193546337202649
1,0,1,0,1.6137012404433893,1,2,0,2,2,2,2,2,2,2,1,0,0.8072447321617703,1.7535766716147878
1,0,1,0,-1.0331224013585834,1,0,1,0,0,0,0,0,0,0,1,2,0.15249671409631763,-0.8067622191240572
0,1,0,0,-1.2774445836787656,1,0,1,0,0,0,0,0,0,0,1,3,0.19404163910047073,-0.9746323196567032
1,0,0,0,1.369379058123207,1,0,2,1,1,1,1,1,1,2,0,0,-1.4976677070686424,-0.4526246903525596
1,0,0,0,-0.055833672077855064,1,0,1,0,0,2,2,2,2,2,0,0,1.1528985081963241,0.3662549248869781
1,0,0,0,-1.0331224013585834,1,2,1,0,0,0,0,2,2,0,1,2,0.966777244177718,-0.7253639706397651
0,1,0,0,-1.2367242199587352,1,0,1,0,0,0,0,0,0,0,1,0,0.18074726309914202,-0.954624674297556
0,0,0,0,0.880734693482843,1,2,1,0,2,2,0,2,0,1,1,0,0.9966895901807084,1.253848779700654
1,0,0,0,-1.2774445836787656,1,2,2,1,1,1,1,1,1,0,1,3,-1.3530913680541898,-0.995169384518187
1,0,1,0,1.5729808767233588,1,0,0,0,2,0,2,2,2,2,1,1,0.2854404741096075,1.268297520285264
1,0,0,0,-1.1552834925186746,1,0,2,1,1,1,1,1,1,0,0,3,-1.46443176706532,-0.9735514215060986
0,0,0,0,-1.1960038562387048,1,0,1,0,0,0,0,2,0,0,1,2,0.48651791112970877,-0.8978444326719277
0,0,0,0,-0.62591876415828,1,0,0,0,0,0,0,2,2,0,1,3,-0.0020504069191315333,-0.5235227853738373
1,0,0,0,0.7992939660427822,1,2,0,2,0,0,2,2,2,2,1,1,0.4981504901308714,0.8550414804194837
0,0,1,1,-1.2367242199587352,1,0,2,1,1,1,1,1,1,1,0,3,-1.477726143066649,-0.9917060986070668
0,0,1,0,-0.748079855318371,1,0,1,2,2,0,2,2,2,1,0,3,1.3689321182179202,-0.4106681947923634
0,0,1,1,-0.9109613101984924,1,2,0,2,2,0,0,2,0,1,0,2,0.18407085709947407,-0.7074740032899653
1,0,0,0,-1.2367242199587352,1,0,2,1,1,1,1,1,1,0,0,3,-1.479387940066815,-0.9895443023058579
1,0,1,1,1.002895784642934,1,0,0,2,2,0,2,0,0,1,0,3,-0.17155370093607614,0.5425075008732909
1,1,1,0,-0.7888002190384014,1,0,1,0,0,0,0,0,0,0,0,0,0.18905624809997262,-0.6311714175156655
1,1,0,0,1.2879383306831464,1,2,1,0,0,2,2,2,2,1,0,2,1.2409737492051283,1.9448956442717706
0,0,0,0,1.002895784642934,0,1,0,2,0,2,2,0,0,1,1,1,-0.7864185909975417,-0.009478507750677361
0,0,1,1,1.5729808767233588,1,0,1,0,0,2,0,0,0,2,0,2,0.37517751211857825,1.3926890441884952
1,0,0,0,-1.2774445836787656,1,0,1,0,0,0,0,0,0,0,1,3,0.19404163910047073,-0.9746323196567032
0,0,0,0,-1.2774445836787656,1,2,1,0,0,0,0,0,0,0,1,2,0.3436033691154218,-0.97264699652294
1,0,0,0,-1.2774445836787656,1,0,0,0,0,0,0,0,0,0,0,3,-0.6700928009859131,-0.9861030755406685
0,1,1,0,0.8400143297628127,1,2,1,0,0,0,0,2,2,1,1,1,1.0332491241843629,1.2073039817868716
0,0,0,0,-1.2774445836787656,1,2,0,0,0,0,0,0,2,0,1,2,-0.15327393393424887,-0.9792426811562199
1,1,1,0,1.125056875803025,1,0,1,0,2,2,0,2,2,1,1,2,1.1030445981913404,1.5826403497977743
0,0,1,0,-1.2774445836787656,1,0,0,0,0,0,0,0,0,0,1,2,-0.6567984249845842,-0.9859266023732228
0,0,0,0,-0.6666391278783103,1,0,1,0,0,0,0,2,0,0,1,2,0.5396954151350245,-0.4268816670514297
0,0,0,0,1.5322605130033284,1,0,2,1,1,1,1,1,1,1,0,0,-1.4976677070686424,-0.4139329483901074
0,0,1,0,1.369379058123207,1,2,1,2,2,0,2,0,0,1,0,2,0.8055829351616043,1.5965817300259786
0,0,0,0,-0.30015585439803716,1,0,1,2,2,0,0,0,0,0,1,0,0.5014740841312035,-0.11664183868203007
0,0,0,0,-1.2774445836787656,1,0,2,1,1,1,1,1,1,0,0,3,-1.51594747407047,-0.997331180819396
1,0,0,0,0.18848851024232702,1,2,0,2,2,2,2,0,0,1,0,2,0.08934842809000525,0.0721623913388526
1,0,0,0,-1.2774445836787656,1,0,2,1,1,1,1,1,1,0,1,3,-1.505976692069473,-0.9971988259438118
0,0,0,0,-1.1552834925186746,1,0,1,0,0,0,0,0,2,0,1,2,0.47820892612887816,-0.8658145527805478
0,0,0,0,-1.1960038562387048,1,0,0,0,0,0,0,0,0,0,0,2,-0.6700928009859131,-0.9516466895969112
0,0,0,0,-0.13727439951791576,1,2,0,2,0,0,0,0,2,0,1,2,0.04447990908551963,-0.16217191588299992
1,0,1,0,1.1657772395230555,1,2,0,2,0,2,2,0,2,2,0,1,0.35191235411625243,1.0807065432905703
0,1,1,0,1.6137012404433893,1,2,1,2,2,2,2,2,2,2,1,1,1.7278802702538025,2.6459132428035645
1,0,1,1,1.4508197855632678,1,0,1,2,2,2,0,2,2,2,1,1,1.2791950802089493,2.115324605732378
1,0,0,0,-1.2774445836787656,1,0,2,1,1,1,1,1,1,0,0,3,-1.4827115340671475,-0.9968899979007819
1,0,1,1,0.758573602322752,1,0,2,1,1,1,1,1,1,2,0,1,-1.502653098069141,-0.5263242969070365
0,0,0,0,-0.9924020376385531,1,2,1,2,0,0,2,2,2,0,1,0,1.2825186742092813,-0.6319655467691707
1,0,0,0,1.4915401492832983,1,2,1,2,2,2,0,2,2,2,1,1,1.505199472231542,2.2725401387804944
1,0,0,0,-0.748079855318371,1,0,2,1,1,1,1,1,1,1,0,3,-1.5093002860698053,-0.8624836217450117
0,0,1,0,1.2064976032430856,1,2,1,0,0,2,0,2,2,0,1,2,1.2160467942026365,1.713980504669177
0,1,0,0,0.7178532386027215,1,2,1,2,2,0,0,0,0,0,1,2,0.6194616711429987,0.809114338591761
0,0,1,0,1.5729808767233588,1,0,0,2,2,2,2,2,2,1,1,0,0.6659919871476498,1.6616562105215509
1,0,0,0,0.22920887396235737,1,0,0,0,0,2,2,0,2,1,1,3,-0.08181666292710564,0.03311770304150922
1,1,1,0,1.0436161483629645,1,2,1,0,0,2,0,2,2,0,1,2,1.1279715531938321,1.5586399990251703
0,0,0,0,0.6364125111626608,1,2,2,1,1,1,1,1,1,1,0,0,-1.343120586053193,-0.5056107588781069
1,0,0,0,-1.2367242199587352,0,1,0,0,2,2,2,0,0,0,1,1,-0.8096837489998675,-0.971742571539781
1,0,1,1,-0.13727439951791576,1,0,0,2,0,0,0,0,2,0,1,3,-0.15161213693408263,-0.1965841835348958
0,0,1,0,1.369379058123207,1,0,0,2,2,0,2,0,0,2,1,1,-0.21808401694072754,0.6754800325435655
1,0,1,0,1.369379058123207,1,2,1,0,2,0,2,2,2,1,1,2,1.3057838322116073,2.033970475539947
1,0,1,1,0.880734693482843,0,1,0,0,0,2,2,0,2,2,0,1,-0.6235624849812617,0.06366962015553215
0,0,1,1,1.369379058123207,1,0,0,2,0,0,0,2,0,2,1,2,-0.16656830993557784,0.7575400554057787
1,0,0,0,-0.5851984004382496,1,0,2,1,1,1,1,1,1,1,0,3,-1.4843733310673135,-0.8284904778657992
0,0,0,0,-1.2367242199587352,0,1,0,0,0,0,0,0,2,0,1,2,-0.9991286070188055,-0.9783161970271305
1,0,0,0,-1.1960038562387048,1,0,2,1,1,1,1,1,1,1,0,3,-1.5009913010689746,-0.9787132616538832
1,1,0,0,-1.2774445836787656,0,1,0,0,0,0,0,0,0,0,1,2,-1.3181936310507012,-0.9947061424536424
0,0,1,1,-1.2774445836787656,1,0,2,1,1,1,1,1,1,0,1,3,-1.5209328650709681,-0.9973973582571881
1,0,1,0,0.6771328748826912,1,0,1,0,2,0,0,2,0,0,1,1,0.682609957149311,0.8904022913463997
0,0,1,0,1.6137012404433893,1,2,0,2,0,2,2,2,2,2,1,1,0.7025515211513048,1.690178686209949
1,0,1,1,-1.2367242199587352,1,0,0,0,0,0,0,0,0,0,1,2,-0.6734163949862454,-0.9660513118896598
1,0,1,0,-0.8702409464784621,1,0,2,1,1,1,1,1,1,1,1,3,-1.4694171580658184,-0.9241830529131866
0,0,1,1,-1.1960038562387048,1,0,2,1,1,1,1,1,1,0,0,3,-1.5109620830699715,-0.9816471280626666
0,0,1,1,0.025607055362205634,1,2,1,0,2,2,2,0,0,0,0,1,0.7922885591602751,0.26866526328955015
1,0,0,0,-0.9924020376385531,0,1,0,0,0,0,0,0,0,0,0,3,-1.304899255049372,-0.9108372696251116
0,0,0,0,1.247217966963116,1,2,1,2,2,2,0,2,0,2,0,1,1.1047063951915064,1.7376940865446822
0,0,0,1,-0.8702409464784621,1,0,2,1,1,1,1,1,1,0,0,1,-1.4843733310673135,-0.9081239946756352
0,0,1,1,0.14776814652229667,0,1,0,2,0,2,2,0,0,2,0,1,-0.801374763999037,-0.3231154445934053
1,0,1,1,-0.9924020376385531,1,0,1,0,0,2,0,2,2,0,1,2,0.9966895901807084,-0.6706793478775536
0,1,0,0,-0.9109613101984924,0,1,0,0,0,0,0,0,2,0,1,2,-0.9991286070188055,-0.8602777071519415
0,0,0,0,-1.1960038562387048,1,2,1,0,0,0,0,0,0,0,1,1,0.3436033691154218,-0.8863516176420317
0,0,0,0,-0.13727439951791576,1,0,0,2,2,2,0,0,2,0,1,0,0.13587874409465642,-0.13642889258187016
0,0,1,1,1.2879383306831464,1,2,0,0,2,0,0,0,0,1,1,0,-0.3626603559551803,0.4941759121391217
1,0,1,1,0.7178532386027215,1,2,1,2,2,2,0,2,2,1,1,2,1.4453747802255617,1.3904610704494942
1,1,0,0,-1.2774445836787656,1,0,1,0,0,0,0,0,0,0,1,2,0.1657910900976468,-0.9750073251375251
0,0,1,1,-1.0331224013585834,1,0,1,0,0,2,0,0,0,0,1,0,0.34526516611558833,-0.7865560414515337
0,0,0,0,-0.748079855318371,1,0,0,0,2,0,0,0,0,1,0,1,-0.4424266119631542,-0.684664846397619
1,0,0,0,-1.2774445836787656,1,0,1,0,0,0,0,0,0,0,0,3,0.19404163910047073,-0.9746323196567032
0,1,0,0,-1.1960038562387048,1,0,1,0,0,0,0,0,0,0,1,2,0.18407085709947407,-0.9018812563772464
0,0,0,0,-1.1960038562387048,1,2,0,0,0,0,2,2,0,0,0,2,-0.005374000919464063,-0.9289257692882876
0,0,0,0,-1.2367242199587352,1,2,1,0,0,0,0,0,0,0,1,2,0.37019212111808014,-0.9425362623275311
1,0,1,0,0.14776814652229667,0,1,0,2,0,2,0,0,0,1,0,3,-0.9775252460166459,-0.42432280612346823
0,0,1,1,1.4508197855632678,1,2,1,0,2,0,2,2,2,2,1,1,1.2958130502106107,2.099905262726817
1,1,0,0,0.025607055362205634,1,2,1,0,2,2,0,0,0,0,1,1,0.6344178441444933,0.19260532812048817
0,0,0,0,-0.9516816739185228,1,2,1,0,0,2,0,2,2,0,0,1,1.114677177192503,-0.5983474083707802
1,1,1,0,-0.015113308357824713,1,2,1,0,0,0,0,0,2,0,1,2,0.6726391751483144,0.159847496413395
1,0,1,0,-0.4223169455581282,1,0,0,2,0,0,2,0,0,0,1,2,-0.3510277769540174,-0.49722828342444
0,0,1,0,-0.5444780367182193,1,2,1,0,2,0,0,0,2,0,1,2,0.8089065291619363,-0.29071055922120337
1,0,1,0,1.4100994218432374,1,0,0,2,0,2,2,0,0,2,1,0,-0.14496494893341827,0.7385250716135131
0,0,1,1,0.35136996512244845,1,0,2,1,1,1,1,1,1,2,0,0,-1.4976677070686424,-0.6509584714155056
0,0,0,0,-1.1960038562387048,1,0,1,0,0,0,2,0,2,0,0,2,0.6992279271509723,-0.8856898432641107
1,0,0,0,0.7992939660427822,1,0,2,1,1,1,1,1,1,2,0,3,-1.4993295040688086,-0.5535452829855234
0,0,0,0,-1.2774445836787656,1,0,1,0,0,0,0,0,2,0,1,2,0.5712695581381809,-0.9696248935304337
0,0,1,1,-1.2367242199587352,1,0,0,0,0,0,0,2,2,0,0,3,0.03118553308419093,-0.9465069085950575
0,0,0,0,-1.2367242199587352,1,0,1,0,2,0,0,2,0,0,1,0,0.7440964461554579,-0.9247124724155233
1,0,1,1,-0.9924020376385531,1,0,2,1,1,1,1,1,1,0,1,3,-1.5093002860698053,-0.9384553203303511
0,1,1,0,0.3920903288424788,1,2,1,0,2,2,0,2,0,0,1,2,1.0232783421833662,0.7283337461935285
0,1,1,0,-0.7888002190384014,1,0,1,0,0,0,0,0,0,0,1,2,0.179085466098976,-0.601325393071425
0,0,0,0,-0.9924020376385531,1,2,0,2,0,0,2,0,2,0,0,2,0.21232140610229844,-0.7571070816340459
0,0,1,0,0.8400143297628127,1,0,2,1,1,1,1,1,1,1,0,1,-1.5192710680708021,-0.5688102119695695
0,0,0,0,-0.7073594915983407,1,0,1,0,2,0,0,2,0,0,1,0,0.612814483142334,-0.5072431356769789
0,0,0,0,0.26992923768238775,0,1,0,0,0,2,0,2,2,0,1,2,-0.46569176996548,-0.11838451121055549
1,1,1,0,-0.21871512695797646,0,1,0,0,0,0,0,0,2,0,0,0,-0.9393039150128251,-0.5504790617011558
0,0,0,0,-1.2774445836787656,1,2,1,0,2,0,0,2,2,0,1,1,1.1794872601989819,-0.9615512461197966
0,0,0,0,0.5549717837226001,1,0,2,1,1,1,1,1,1,2,1,2,-1.451137391063991,-0.5923473206776291
1,0,1,0,-0.62591876415828,1,2,1,0,2,0,0,0,0,0,1,0,0.5230774451333633,-0.41596238981573197
1,0,1,1,0.758573602322752,1,0,2,1,1,1,1,1,1,1,0,3,-1.5076384890696393,-0.5655895766636869
0,0,0,0,-0.9516816739185228,1,0,1,0,0,2,0,0,2,0,1,1,0.682609957149311,-0.6610395011058365
0,1,0,0,0.5142514200025698,1,2,1,0,0,2,0,2,2,1,1,0,1.1761636661986499,0.9618077467240838
1,0,1,1,1.4915401492832983,1,2,1,0,2,2,0,2,2,2,1,2,1.3373579752147637,2.213862810604826
0,0,1,1,1.002895784642934,1,0,2,1,1,1,1,1,1,2,0,0,-1.4960059100684764,-0.44457310208785317
0,0,0,1,-0.4223169455581282,0,1,0,0,0,2,0,2,2,1,1,1,-0.5088984919697991,-0.5507437714523241
1,0,0,0,-1.2774445836787656,1,0,1,0,0,0,0,2,0,0,1,2,0.5247392421335293,-0.9702425496164933
1,0,0,0,-0.9109613101984924,1,0,0,2,0,0,0,0,0,0,1,3,-0.4357794239624898,-0.774379392897786
1,0,0,0,-0.015113308357824713,1,0,2,1,1,1,1,1,1,2,1,0,-1.4860351280674797,-0.7346949893684522
0,0,1,1,-0.6666391278783103,1,2,1,0,2,0,0,0,0,0,1,1,0.5047976781315361,-0.44638195205417075
0,0,1,1,1.002895784642934,1,0,1,0,2,0,0,2,2,1,1,2,1.0049985751815391,1.4365205671528012
0,0,0,0,-0.5851984004382496,1,0,2,1,1,1,1,1,1,0,0,3,-1.4993295040688086,-0.8329684844897317
0,0,1,0,0.35136996512244845,1,0,0,0,2,0,2,0,2,1,1,0,0.05777428508684881,0.19803187801944086
1,0,0,0,-0.748079855318371,1,0,1,0,0,2,0,0,0,0,0,2,0.3884718881199074,-0.5127358630137239
0,0,0,0,-0.9516816739185228,1,2,1,0,0,0,0,2,2,0,1,2,0.9966895901807084,-0.6131711544362122
0,1,0,0,-0.7888002190384014,1,2,1,2,0,0,0,2,2,0,1,2,1.1977670272008092,-0.4286684578718167
1,0,0,0,-1.2774445836787656,1,2,1,0,0,0,0,0,0,0,1,2,0.3436033691154218,-0.97264699652294
1,0,1,0,1.4508197855632678,1,0,1,0,2,0,2,2,2,1,1,2,1.1811490571991479,1.9741240126299515
0,0,1,1,0.6364125111626608,1,0,2,1,1,1,1,1,1,2,0,0,-1.481049737066981,-0.5525746805645725
1,1,0,0,-0.7888002190384014,1,2,1,0,2,2,0,2,2,0,1,2,1.4005062612210766,-0.40387397784570706
1,0,0,0,-1.2367242199587352,1,0,0,2,0,2,0,0,0,0,1,3,-0.32111543095102724,-0.9557717498859525
0,0,0,0,-0.015113308357824713,1,2,0,2,0,0,0,2,2,1,0,3,0.3319707901142591,0.0014187103390895855
0,0,1,0,0.758573602322752,1,0,0,2,2,0,2,0,0,1,1,0,-0.14164135493308597,0.3818066227681233
0,0,0,0,-1.2774445836787656,1,0,1,0,0,0,0,0,0,0,0,3,0.15914390209698223,-0.9750955617212478
0,0,0,0,-0.30015585439803716,1,0,2,1,1,1,1,1,1,1,0,1,-1.491020519067978,-0.7730558441419438
0,0,1,1,-0.748079855318371,1,0,2,1,1,1,1,1,1,2,0,3,-1.5275800530716328,-0.8930355388590346
0,0,1,0,-0.0965540357978854,1,0,0,0,2,2,2,0,2,1,0,0,0.18240906009930805,-0.035662713970421166
0,0,1,1,1.6137012404433893,1,2,1,2,2,2,2,2,2,2,0,1,1.7528072252562945,2.819320188964817
0,0,1,0,0.9621754209229036,1,2,1,0,0,0,0,2,0,0,1,0,0.6925807391503077,1.1572517796701078
1,0,1,0,1.6137012404433893,1,2,1,2,2,2,0,2,0,2,1,1,1.1030445981913404,2.1329057450391478
1,0,1,1,0.8400143297628127,1,0,2,1,1,1,1,1,1,2,1,3,-1.5076384890696393,-0.515912380027745
1,0,0,1,-1.1960038562387048,1,0,0,2,0,2,0,0,0,0,0,3,-0.29452667894836937,-0.9362714648832114
1,0,0,0,0.26992923768238775,1,2,1,0,0,0,0,0,0,0,0,2,0.3485887601159204,0.32555580064483197
1,0,1,0,0.3106496014024181,1,2,1,0,2,0,0,2,2,0,1,2,1.2143849972024705,0.8088496288405929
1,0,0,1,1.125056875803025,1,0,2,1,1,1,1,1,1,2,0,3,-1.4893587220678117,-0.4808162788519973
0,0,0,0,1.4508197855632678,1,2,0,0,2,2,0,2,2,2,1,2,0.5280628361338618,1.3458133590857524
1,0,1,1,0.7992939660427822,1,0,0,2,2,2,0,2,2,2,0,2,0.47987072312904416,0.7661431223187527
1,0,0,1,-0.38159658183809786,0,1,0,2,2,0,2,0,0,1,0,0,-0.801374763999037,-0.5878031366159043
1,0,1,0,1.1657772395230555,1,0,0,2,2,0,2,2,2,2,1,3,0.5413572121351905,1.0888022498471377
0,0,1,1,1.4100994218432374,1,0,2,1,1,1,1,1,1,2,1,0,-1.5126238800701375,-0.4000798047456262
1,0,1,0,1.369379058123207,1,0,0,2,2,2,2,2,2,2,1,0,0.7025515211513048,1.4627709508103373
1,0,1,0,-0.9924020376385531,1,2,2,1,1,1,1,1,1,1,0,3,-1.341458789053027,-0.9158005774595197
0,0,1,1,0.10704778280226633,1,2,0,2,2,0,0,0,0,0,1,1,-0.17653909193657447,-0.06301605492449225
1,0,1,0,1.2064976032430856,0,1,0,2,2,0,2,0,0,2,1,1,-0.8695084410058479,0.029036761044329257
0,0,0,0,-1.2774445836787656,1,0,1,2,2,0,2,0,0,0,1,3,0.6194616711429987,-0.9689851782984432
1,0,0,0,-1.2774445836787656,1,0,2,1,1,1,1,1,1,0,1,3,-1.4727407520661506,-0.9967576430251978
0,0,1,1,0.35136996512244845,1,0,2,1,1,1,1,1,1,2,0,0,-1.5109620830699715,-0.6650101473733631
1,1,1,0,1.6137012404433893,1,2,1,0,2,0,0,2,2,2,0,0,1.116338974192669,2.0513530825333404
1,0,0,0,-1.1145631287986442,1,2,1,0,0,2,0,2,0,0,1,2,0.9219087251732329,-0.8060563264542747
0,0,1,1,1.5729808767233588,1,2,1,2,2,2,2,2,2,2,0,0,1.656422999246659,2.567912102792601
1,1,0,0,-1.2774445836787656,1,2,1,0,0,0,0,0,0,0,1,2,0.2954112561106046,-0.9732867117549302
1,0,0,0,-1.2774445836787656,1,0,0,0,0,0,0,0,0,0,1,0,-0.6950197559884049,-0.986433962729629
0,0,0,1,1.2064976032430856,1,2,2,1,1,1,1,1,1,2,0,0,-1.288281285047711,-0.28281338497801184
0,0,1,1,0.5956921474426305,1,0,2,1,1,1,1,1,1,2,1,0,-1.4444902030633266,-0.5461554690987381
0,1,0,0,-0.6666391278783103,1,0,1,0,0,0,2,2,2,0,1,2,0.9867188081797118,-0.33906420710130314
0,0,1,0,1.1657772395230555,1,2,1,0,0,0,2,2,2,1,0,0,1.2093996062019723,1.8106878004293765
1,0,1,0,-0.38159658183809786,1,0,2,1,1,1,1,1,1,1,0,1,-1.5109620830699715,-0.791276698680704
0,0,0,0,-0.8295205827584317,1,0,1,0,0,2,2,0,2,0,1,2,0.8188773111629334,-0.5223977689313715
1,0,1,0,-0.21871512695797646,1,2,0,2,0,0,2,2,2,1,0,3,0.534710024134526,-0.03325826706397468
0,0,1,0,0.22920887396235737,1,0,2,1,1,1,1,1,1,1,1,1,-1.479387940066815,-0.646326050770058
0,0,0,0,-0.13727439951791576,1,0,2,1,1,1,1,1,1,1,0,3,-1.4876969250676457,-0.7413789105854551
0,0,1,0,1.2879383306831464,1,2,2,1,1,1,1,1,1,2,0,3,-1.303237458049206,-0.24917318743369052
0,0,0,0,0.758573602322752,1,0,2,1,1,1,1,1,1,2,0,0,-1.4660935640654862,-0.5554423695355638
1,0,0,0,0.758573602322752,1,2,0,2,0,0,2,0,0,1,0,1,-0.1615829189350795,0.33700449738286653
1,0,0,0,-0.21871512695797646,1,2,0,0,0,0,0,0,0,0,0,3,-0.5238546649712943,-0.436058271758602
1,0,0,0,-1.1145631287986442,1,0,0,0,0,2,2,2,0,0,1,1,-0.02697736192162338,-0.8654395472997258
0,0,1,1,1.6137012404433893,1,2,1,2,2,0,0,2,0,2,1,2,1.0083221691818711,2.013301055802879
0,0,1,0,0.758573602322752,1,2,0,0,2,0,2,2,2,1,1,1,0.4615909561272169,0.7372677002954631
0,0,0,0,-0.748079855318371,1,0,1,0,0,0,0,2,2,0,1,3,0.8321716871642622,-0.5076402003037316
1,0,0,0,-0.4223169455581282,1,0,0,2,0,0,2,0,0,0,0,3,-0.32111543095102724,-0.45291145924965864
1,0,1,0,0.35136996512244845,1,2,1,0,0,2,2,2,2,1,1,2,1.2575917192067896,0.8530782164316513
0,0,0,0,0.3920903288424788,1,0,2,1,1,1,1,1,1,2,1,0,-1.462769970065154,-0.6332229180872208
0,0,0,1,-1.1552834925186746,1,0,1,0,0,0,0,0,0,0,1,2,0.179085466098976,-0.8873883975007748
0,0,1,0,1.6137012404433893,1,2,1,2,2,0,2,0,0,2,1,0,0.8504514541660894,1.8898801343205984
0,0,0,1,-1.1552834925186746,1,0,2,1,1,1,1,1,1,0,1,0,-1.4860351280674797,-0.9680586941693538
0,1,1,0,-0.5037576729981889,1,0,0,0,2,0,0,0,2,0,1,2,-0.1582593249347472,-0.4501761251542516
0,0,0,0,-0.4223169455581282,1,0,0,0,2,2,0,2,0,1,0,0,0.016229360082695727,-0.3696823016531182
1,0,0,0,0.18848851024232702,1,2,1,0,2,0,2,2,2,1,1,1,1.3207400052131024,0.6610092328130246
0,0,0,0,-1.2774445836787656,1,0,0,2,0,0,0,0,0,0,0,0,-0.5055748979694671,-0.9839192200935288
1,1,0,0,-0.5037576729981889,1,2,1,0,0,2,0,2,2,0,1,2,1.1229861621933337,-0.19276795128888433
0,0,1,0,-0.30015585439803716,1,0,1,0,0,2,0,0,0,0,1,2,0.32698539911376057,-0.21264324177244723
1,0,0,0,-1.1552834925186746,1,2,1,0,2,0,0,0,0,0,0,2,0.45494376812655235,-0.8601674114222879
1,0,1,1,1.6137012404433893,1,2,2,1,1,1,1,1,1,2,0,1,-1.303237458049206,-0.18178249661539445
0,0,1,0,-0.015113308357824713,1,0,2,1,1,1,1,1,1,0,0,0,-1.5076384890696393,-0.722915405441457
0,0,1,1,1.0843365120829946,1,0,2,1,1,1,1,1,1,2,0,1,-1.504314895069307,-0.46636753826738714
0,0,0,0,0.10704778280226633,1,0,2,1,1,1,1,1,1,0,0,0,-1.5126238800701375,-0.7332832040288872
1,0,0,1,0.8400143297628127,1,0,0,2,2,0,2,0,0,1,0,1,-0.06353689592527814,0.5028451564898878
1,0,0,0,1.5729808767233588,1,2,1,0,2,0,0,0,0,1,1,1,0.4748853321285456,1.4438883218936558
0,0,0,1,-0.8702409464784621,1,2,1,0,0,2,0,2,2,0,1,0,1.099721004191008,-0.5180962354748845
0,0,1,1,0.7992939660427822,1,0,2,1,1,1,1,1,1,2,0,3,-1.4926823160681442,-0.5334935193345148
1,0,0,0,0.43281069256250915,0,1,0,2,0,2,0,0,0,1,1,1,-0.9825106370171443,-0.3600203957354705
0,0,1,1,-0.38159658183809786,1,2,2,1,1,1,1,1,1,2,1,1,-1.3015756610490399,-0.778680926354273
0,0,1,1,-0.8702409464784621,0,1,0,2,0,0,0,2,2,0,0,2,-0.47233895796614456,-0.7563570706724021
1,0,0,0,-0.1779947632379461,1,2,1,0,2,2,0,2,2,0,1,2,1.3606231332170895,0.30872467229970596
0,0,1,0,1.247217966963116,1,2,1,2,0,0,0,2,2,1,1,1,1.1595456961969886,1.778613802246135
1,1,0,0,-0.7888002190384014,1,0,0,0,2,0,0,2,0,0,1,2,-0.1615829189350795,-0.657973279821469
0,0,0,0,-0.62591876415828,1,2,1,2,2,0,0,2,0,0,1,2,0.9850570111795457,-0.2921664628526297
1,0,0,0,-1.1960038562387048,1,0,1,2,0,0,0,0,2,0,1,3,0.7075369121518029,-0.897756196088205
0,0,0,0,-1.1552834925186746,1,0,0,0,0,0,0,0,0,0,0,3,-0.6351950639824246,-0.9214918371096408
1,0,1,1,0.5956921474426305,1,2,1,0,2,0,0,2,0,0,0,2,0.7457582431556239,0.7666504826751588
0,0,1,1,1.4915401492832983,1,0,0,0,2,2,2,0,0,1,0,0,-0.18817167093773737,0.8183791798826561
0,0,0,0,-1.1960038562387048,1,0,1,2,2,0,0,0,0,0,1,2,0.47654712912871167,-0.8970282442724917
0,0,1,1,-0.8702409464784621,1,2,2,1,1,1,1,1,1,2,0,3,-1.3215172250510334,-0.8731161300836102
0,1,0,0,-0.9924020376385531,1,0,1,0,0,2,0,2,2,0,1,1,0.9867188081797118,-0.6780029843265468
1,0,0,0,-1.1552834925186746,1,0,2,1,1,1,1,1,1,0,0,3,-1.5209328650709681,-0.9709705014322064
0,0,0,0,0.8400143297628127,0,1,0,2,2,2,2,2,0,1,1,2,-0.3709693409560109,0.2644740255627167
0,0,1,1,-0.5037576729981889,1,0,2,1,1,1,1,1,1,0,0,2,-1.4876969250676457,-0.8215197877516971
1,1,0,0,-1.1145631287986442,0,1,0,0,0,2,2,2,0,0,0,1,-0.6435040489832552,-0.9110358019384879
0,0,0,0,-1.1552834925186746,1,0,1,0,0,0,0,0,0,0,1,1,0.17576187209864347,-0.8880281127327652
0,0,0,0,1.2064976032430856,1,0,0,2,0,0,2,0,2,2,1,3,0.011243969082197169,0.6913405584677406
0,1,0,0,0.47353105628253944,1,0,1,0,2,2,0,0,2,1,0,1,0.8105683261621028,0.7548708987481637
1,0,0,0,-1.1960038562387048,1,0,2,1,1,1,1,1,1,0,1,3,-1.4943441130683104,-0.980125046993448
0,0,1,1,1.6137012404433893,1,2,0,2,0,2,2,2,2,2,1,0,0.6460504231456565,1.635383767718084
1,0,1,1,-0.8295205827584317,1,0,2,1,1,1,1,1,1,2,0,3,-1.4976677070686424,-0.8918002266869153
1,0,1,1,-1.2367242199587352,1,0,1,2,0,0,0,2,2,0,0,2,1.074794049188516,-0.9245359992480777
1,0,1,0,0.6364125111626608,1,0,2,1,1,1,1,1,1,2,0,3,-1.5126238800701375,-0.6285243200039812
1,0,0,0,-1.1552834925186746,1,0,0,0,0,0,0,2,0,0,1,2,-0.2779087089467081,-0.9021680252743455
0,0,0,0,0.06632741908223598,1,2,1,0,0,0,0,2,0,0,0,2,0.684271754149477,0.2721506083466012
1,0,0,0,1.2064976032430856,1,0,0,2,2,0,0,2,2,1,1,1,0.3170146171127639,1.066919577083881
1,0,0,0,-1.2774445836787656,1,0,1,0,0,0,0,0,2,0,1,3,0.534710024134526,-0.9701101947409091
1,0,1,0,0.8400143297628127,1,2,0,2,0,2,2,2,0,1,0,0,0.4200460311230638,0.8277543169032047
1,1,1,0,-0.4223169455581282,1,0,1,0,0,0,0,2,2,0,1,0,0.830509890164096,-0.1503702728100741
0,0,0,0,1.6137012404433893,1,0,0,2,2,2,2,0,2,2,1,1,0.27380789510844483,1.3171364693758392
0,0,0,0,-1.1960038562387048,1,0,1,0,2,0,0,2,2,0,0,2,1.0182929511828682,-0.8764470611191463
1,0,1,1,-1.2774445836787656,1,0,2,1,1,1,1,1,1,1,0,1,-1.4926823160681442,-0.9970223527763662
0,0,0,1,1.4100994218432374,1,2,1,0,2,0,2,2,2,2,1,2,1.304122035211441,2.0997287895593715
0,0,0,0,-1.1552834925186746,1,2,0,0,0,0,2,2,0,0,1,3,-0.012021188920128179,-0.8941605553015004
1,0,1,0,-0.2594354906780068,1,0,2,1,1,1,1,1,1,1,1,0,-1.4860351280674797,-0.7825853951840073
1,0,0,0,-1.2367242199587352,1,2,1,0,0,0,0,0,2,0,1,2,0.7058751151516368,-0.9327861198261606
0,0,0,0,-1.2367242199587352,1,0,2,1,1,1,1,1,1,0,0,3,-1.4893587220678117,-0.988948705365729
1,1,0,0,-0.21871512695797646,1,2,1,0,2,0,2,2,2,1,1,0,1.325725396213601,0.30188633706118817
0,0,1,0,1.2879383306831464,0,1,0,0,2,0,2,2,2,2,1,2,-0.33773340095268845,0.504609888164344
0,0,1,0,-0.5851984004382496,0,1,0,0,0,2,0,2,0,0,1,2,-0.8545522680043529,-0.7102534556772339
1,0,1,0,1.4100994218432374,1,2,0,2,0,2,0,2,2,2,1,2,0.4964886931307054,1.3295778276807553
1,0,1,1,0.7178532386027215,1,0,0,2,0,0,2,2,2,1,0,2,0.356897745116751,0.7702461234618633
0,0,1,0,0.26992923768238775,1,0,1,2,0,2,2,2,2,1,1,1,1.327387193213767,0.8184453573204484
1,0,0,0,-1.1552834925186746,1,0,1,0,0,0,0,2,2,0,1,2,0.787303168159777,-0.8422553849265575
0,1,1,0,-0.8702409464784621,1,2,1,0,0,2,2,2,2,0,1,0,1.3057838322116073,-0.5056328180240376
0,1,0,0,-1.2367242199587352,1,0,1,0,0,0,0,2,0,0,0,3,0.5563133851366857,-0.9340655502901412
0,0,0,0,-0.6666391278783103,1,0,2,1,1,1,1,1,1,1,1,0,-1.5109620830699715,-0.8467995689882822
0,0,0,0,0.22920887396235737,1,0,1,0,2,2,2,0,0,0,1,1,0.6477122201458225,0.43446180410471014
0,0,1,0,1.6137012404433893,1,2,1,2,2,0,0,0,2,2,1,1,0.9867188081797118,2.0479559740600126
0,0,0,0,-0.5444780367182193,0,1,0,0,2,0,0,0,2,0,1,2,-0.8329489070021932,-0.692517902348949
1,0,0,0,-1.2774445836787656,1,0,2,1,1,1,1,1,1,0,0,3,-1.4860351280674797,-0.9969341161926433
1,0,1,1,0.3920903288424788,1,0,0,0,0,2,2,2,2,1,0,2,0.2787932861089434,0.35670331469898386
1,0,0,0,-0.9924020376385531,0,1,0,2,0,0,2,0,2,2,1,3,-0.6717545979860794,-0.8542555603128597
0,0,1,1,0.9621754209229036,1,0,2,1,1,1,1,1,1,2,1,1,-1.4943441130683104,-0.5116990831549808
1,0,1,0,1.2064976032430856,1,0,0,2,0,2,2,0,2,1,0,1,0.22063039110312907,0.9739402769859701
1,0,0,0,-1.2367242199587352,1,0,0,2,0,2,0,0,0,0,0,2,-0.37595473195650925,-0.9530584749364761
1,0,1,0,0.10704778280226633,1,2,1,0,0,0,0,0,0,0,1,2,0.3469269631157543,0.13079560122265965
1,0,1,0,-0.0965540357978854,1,0,2,1,1,1,1,1,1,1,0,1,-1.4943441130683104,-0.7513717036920632
0,0,1,1,1.0843365120829946,1,2,0,2,2,2,2,2,2,2,0,1,0.8487896571659234,1.2857463047164497
0,0,1,0,1.3286586944031769,1,2,1,0,2,2,2,2,2,1,1,1,1.438727592224897,2.134957245610703
0,0,0,0,1.2064976032430856,1,2,1,0,0,2,0,2,2,1,1,2,1.1761636661986499,1.8238129922581445
1,0,0,0,0.3106496014024181,1,0,0,2,2,0,2,0,0,0,1,3,-0.09511103892843457,0.16207547015239582
1,0,0,0,-0.3408762181180675,1,2,1,0,2,0,0,2,2,0,1,0,1.1595456961969886,0.05519890811814228
0,0,1,0,-0.7073594915983407,1,0,1,0,0,0,0,2,2,0,0,2,0.7773323861587803,-0.3922708670861576
1,0,1,0,0.10704778280226633,1,0,0,2,2,2,0,0,0,0,0,3,-0.12502338493142473,-0.06586168474955299
0,0,1,0,0.758573602322752,1,0,0,2,2,2,2,2,2,2,0,1,0.6892571451499756,0.9451089732545418
1,0,0,0,-0.46303730927815856,0,1,0,0,2,0,2,0,0,0,1,3,-0.9559218850144864,-0.6615909797541041
0,0,0,0,1.369379058123207,1,2,0,2,2,2,2,2,2,2,1,1,0.8404806721650927,1.6262953995946345
0,0,1,0,1.5729808767233588,1,0,0,2,0,2,2,2,2,2,1,1,0.572931355138347,1.641251500535651
0,0,1,1,1.002895784642934,1,2,1,0,2,0,0,2,2,0,1,2,1.1911198392001445,1.4700063506756074
1,1,0,0,-1.2367242199587352,1,0,0,2,0,0,0,0,0,0,1,2,-0.5155456799704636,-0.9655880698251151
1,1,1,0,-1.0738427650786138,1,2,1,0,0,2,0,0,0,0,1,2,0.53304822713436,-0.804115121612373
0,0,1,1,0.5549717837226001,1,0,2,1,1,1,1,1,1,2,0,3,-1.5076384890696393,-0.5787809459302471
1,0,1,1,-0.30015585439803716,1,0,1,0,2,0,0,0,0,0,1,2,0.356897745116751,-0.1670690462796159
1,0,0,0,-1.2367242199587352,1,0,2,1,1,1,1,1,1,0,0,3,-1.4860351280674797,-0.9909119693535616
0,0,1,0,-0.30015585439803716,1,2,1,0,0,2,0,0,2,0,1,2,0.8089065291619363,0.03911779073466025
0,0,0,0,0.18848851024232702,0,1,0,0,0,0,2,0,0,0,0,1,-1.2018678410390724,-0.576266203294147
0,0,1,0,0.025607055362205634,1,2,1,0,2,2,0,2,2,0,1,2,1.3174164112127704,0.4984774455956087
1,0,0,0,-0.6666391278783103,1,0,2,1,1,1,1,1,1,2,0,3,-1.4960059100684764,-0.88032947080295
1,0,0,0,-0.9516816739185228,1,0,1,0,0,0,2,2,2,0,1,0,1.0349109211845293,-0.6407230277036596
1,0,0,0,-1.2774445836787656,1,0,0,0,0,0,0,0,0,0,0,2,-0.6468276429835875,-0.9857942474976384
0,0,0,1,-1.1552834925186746,1,0,2,1,1,1,1,1,1,0,0,1,-1.4744025490663168,-0.9640880479018273
1,0,1,0,0.10704778280226633,1,2,1,0,0,0,2,2,0,0,1,1,0.8886727851699104,0.4220425049457246
0,0,0,0,0.18848851024232702,1,0,2,1,1,1,1,1,1,1,1,2,-1.4943441130683104,-0.6991356461281598
0,1,0,0,0.9621754209229036,1,2,1,2,2,2,0,2,2,1,0,2,1.5201556452330371,1.702862695120103
1,0,0,0,-0.21871512695797646,1,0,2,1,1,1,1,1,1,0,1,1,-1.5076384890696393,-0.8027253954187387
1,0,1,0,0.22920887396235737,1,0,2,1,1,1,1,1,1,2,0,0,-1.4744025490663168,-0.6777603337213091
0,0,1,1,-0.6666391278783103,0,1,0,0,0,0,0,0,2,0,1,1,-0.9725398550161476,-0.7619380345928698
0,0,1,0,1.3286586944031769,1,2,1,0,2,2,0,2,2,0,1,2,1.3539759452164248,2.0761696217053807
0,0,0,0,-0.748079855318371,1,0,0,0,0,0,2,0,2,1,0,1,-0.18817167093773737,-0.6648116150599868
1,1,0,0,-1.1145631287986442,1,0,1,0,0,0,0,2,2,0,1,2,0.8222009051632655,-0.7950267534889235
1,0,1,0,1.6137012404433893,1,2,1,0,2,2,0,2,2,2,1,0,1.3805646972190828,2.3319233596259457
0,0,0,0,-1.1552834925186746,1,2,0,0,0,0,0,0,0,0,0,2,-0.467353566965646,-0.9111240385222106
1,1,0,0,-0.5037576729981889,1,0,0,2,0,0,2,0,0,1,0,3,-0.357674964954682,-0.53993478994628
0,0,1,1,1.002895784642934,1,0,2,1,1,1,1,1,1,2,1,0,-1.4843733310673135,-0.5259051731343531
1,0,1,1,1.3286586944031769,1,2,1,2,2,2,2,0,0,2,0,1,0.9900424021800438,1.6760608328142994
0,0,0,0,-1.1552834925186746,1,2,1,0,0,0,0,2,0,0,1,2,0.6942425361504742,-0.8638733479386459
0,0,0,0,-0.015113308357824713,1,0,2,1,1,1,1,1,1,1,0,0,-1.4960059100684764,-0.7304155150578959
1,0,1,1,0.5142514200025698,1,0,2,1,1,1,1,1,1,2,0,2,-1.5142856770703037,-0.6070828301593383
1,0,0,0,-0.4223169455581282,1,2,1,0,0,0,0,0,2,0,0,2,0.6078290921418354,-0.21195940824859547
1,0,1,0,0.06632741908223598,1,2,1,0,2,0,0,0,2,0,0,3,0.8005975441611056,0.31787921786094747
1,0,0,0,0.5956921474426305,1,0,0,2,2,2,2,2,2,1,1,0,0.7374492581547932,0.820232148140835
1,0,0,0,-0.5851984004382496,1,0,2,1,1,1,1,1,1,2,0,1,-1.4860351280674797,-0.8343361515374353
0,0,0,0,-1.2774445836787656,1,0,1,0,0,0,0,0,2,0,1,2,0.4931650991303729,-0.9706616733891767
1,1,0,0,-1.0738427650786138,1,0,0,0,0,0,0,0,0,0,0,1,-0.6667692069855808,-0.8837927567140703
0,0,0,0,0.14776814652229667,0,1,0,0,2,0,2,0,0,0,1,0,-0.9941432160183071,-0.44671283924313127
1,0,1,0,0.10704778280226633,1,2,0,0,0,0,2,2,2,1,1,0,0.28876406810994004,0.16825203101299252
1,1,0,0,-0.30015585439803716,1,2,1,0,2,0,0,2,0,0,1,2,0.8039211381614382,0.005058469417655496
1,0,0,0,-1.1145631287986442,1,0,0,0,2,0,0,0,0,0,1,2,-0.44575020596348647,-0.8900575541583898
0,0,0,0,-1.1552834925186746,0,1,0,2,0,2,2,0,2,0,0,3,-0.5487816199737862,-0.9165505884211634
0,0,0,0,0.5956921474426305,1,0,0,2,2,0,2,0,0,1,1,3,-0.19481885893840195,0.23528977549639749
1,0,1,0,0.7992939660427822,0,1,0,2,0,0,0,0,2,0,1,2,-0.8263017190015288,-0.114193273483722
0,0,1,1,-1.1552834925186746,1,0,2,1,1,1,1,1,1,0,0,3,-1.4594463760648215,-0.9780294281300312
0,1,1,1,1.4508197855632678,0,1,0,0,2,2,0,2,2,2,1,2,-0.39091090495800446,0.6072952124717641
1,1,0,0,-0.46303730927815856,1,0,2,1,1,1,1,1,1,1,0,0,-1.4710789550659844,-0.81626971102019
0,0,1,1,1.2879383306831464,1,2,1,2,0,0,2,2,2,1,1,0,1.3174164112127704,1.9596752720453414
0,0,0,0,-1.2774445836787656,1,0,1,0,0,0,0,2,0,0,1,2,0.5147684601325326,-0.9703749044920775
1,1,0,0,-1.2367242199587352,1,0,0,2,0,2,0,2,0,0,0,0,0.05445069108651675,-0.9640659887558966
0,0,1,1,0.9214550572028734,1,2,1,2,2,0,0,0,0,0,1,2,0.6759627691486464,1.0240807156864566
1,0,1,1,1.6137012404433893,1,2,1,2,0,2,0,2,2,2,0,0,1.3456669602155942,2.3515118812124096
0,0,0,0,-1.2774445836787656,0,1,0,0,0,0,0,0,0,0,0,3,-1.341458789053027,-0.9950149704966722
0,0,0,0,-0.8295205827584317,1,2,1,0,0,2,0,2,2,0,1,0,1.1761636661986499,-0.492110561568517
0,0,1,0,1.0843365120829946,1,2,1,0,2,0,0,2,2,0,0,2,1.2077378092018058,1.6589208764261434
1,0,1,0,1.247217966963116,1,2,1,0,2,2,0,2,2,0,1,2,1.284180471209448,1.907350977897715
1,0,1,1,-0.9109613101984924,1,2,2,1,1,1,1,1,1,0,1,3,-1.341458789053027,-0.8937634906747478
0,0,1,1,-0.3408762181180675,1,2,2,1,1,1,1,1,1,2,0,3,-1.33148800705203,-0.7535334999932721
1,0,1,1,1.3286586944031769,1,2,1,0,0,2,2,2,2,2,1,0,1.3074456292117733,1.9501677801492086
0,0,0,0,-0.5037576729981889,1,2,0,0,2,0,2,0,2,0,1,1,0.13754054109482292,-0.4012048211880921
0,0,1,0,0.6364125111626608,1,2,0,2,0,0,2,0,0,1,1,0,-0.1383177609327537,0.31126147408173677
1,0,0,0,1.2064976032430856,1,0,0,0,2,2,2,2,2,0,1,0,0.5197538511330312,1.1918184613435183
0,1,0,0,-1.0738427650786138,1,0,2,1,1,1,1,1,1,0,0,0,-1.504314895069307,-0.9586614980028745
1,1,0,0,-0.3408762181180675,1,2,0,0,2,0,0,0,0,0,0,1,-0.3310862129520241,-0.4360803309045327
0,0,1,0,0.06632741908223598,1,2,0,2,0,0,2,0,0,0,1,0,-0.13000877593192306,-0.12182573797574515
1,0,0,0,0.5549717837226001,0,1,0,0,0,2,2,0,0,1,0,1,-1.0323645470221279,-0.3273066823202388
1,0,0,0,-0.2594354906780068,1,0,0,0,0,0,0,0,0,0,0,2,-0.641842251983089,-0.46173511762193964
0,0,1,1,-0.5444780367182193,0,1,0,0,0,0,0,0,0,0,1,3,-1.3265026160515319,-0.8139535006974662
1,0,0,0,-0.3408762181180675,1,2,0,0,0,0,2,0,0,1,0,0,-0.33773340095268845,-0.4577203530625518
0,1,0,0,1.002895784642934,1,2,1,2,0,2,2,0,2,2,0,1,1.2143849972024705,1.5440809627109067
0,0,0,0,1.4508197855632678,1,0,2,1,1,1,1,1,1,2,0,1,-1.5009913010689746,-0.3697484790909103
1,0,1,0,-0.8295205827584317,1,0,0,0,0,2,2,2,2,0,1,2,0.31202922611226586,-0.6786868178503985
0,0,0,1,-0.8295205827584317,1,2,1,0,0,0,0,0,0,0,1,2,0.3934572791204055,-0.6118034873885086
0,0,1,1,0.3106496014024181,0,1,0,0,2,0,0,2,2,0,1,2,-0.4623681759651477,-0.10728876080741219
1,1,1,0,-0.38159658183809786,1,2,1,0,0,0,0,0,2,0,0,2,0.7324638671542947,-0.13406856396728503
0,0,0,0,-1.1552834925186746,1,0,1,0,0,0,0,0,0,0,0,2,0.1873944510998066,-0.8818074335803071
0,0,1,1,1.4100994218432374,1,0,0,0,2,0,0,0,0,1,0,1,-0.47233895796614456,0.5082496472429099
0,0,1,0,0.10704778280226633,1,0,0,2,0,0,0,2,0,1,1,0,-0.08680205392760396,-0.028361136667358768
1,1,1,0,-0.9109613101984924,1,2,1,0,0,0,0,0,2,0,1,2,0.7274784761537967,-0.6278404864801294
1,0,1,1,-1.0738427650786138,1,0,2,1,1,1,1,1,1,2,1,1,-1.4744025490663168,-0.9583085516679833
1,0,1,0,-0.9109613101984924,1,2,1,0,0,0,0,0,2,0,1,2,0.6809481601491449,-0.6284360834202584
1,0,0,0,-0.62591876415828,1,2,1,0,0,2,2,0,2,0,1,0,1.0266019361836989,-0.28223984718381356
1,0,0,0,1.3286586944031769,1,2,1,2,0,0,2,0,2,1,0,2,0.9568064621767214,1.671869595087466
0,1,0,0,-1.2367242199587352,1,2,1,0,2,0,0,0,2,0,0,2,0.8222009051632655,-0.934528792354686
1,1,0,0,0.6771328748826912,1,2,1,0,0,0,0,2,2,0,1,2,1.044881703185526,1.0758314720398847
0,0,0,0,0.758573602322752,1,2,1,2,2,2,0,2,2,1,0,0,1.4187860282229037,1.5005362086436995
1,0,1,1,1.6137012404433893,1,2,1,0,2,2,2,2,2,2,1,0,1.5783185402388515,2.542058783761817
1,0,0,0,0.47353105628253944,1,0,1,0,0,0,0,0,0,0,0,1,0.13587874409465642,0.29965836332218715
0,0,0,0,0.3920903288424788,1,0,0,0,0,2,2,0,2,2,0,1,0.05777428508684881,0.2130982746901107
0,0,0,0,-1.2367242199587352,0,1,0,0,0,0,0,0,0,0,0,2,-1.3381351950526947,-0.985308946287163
0,0,1,0,-0.1779947632379461,1,0,1,2,0,0,0,2,2,0,1,3,0.9169233341727343,0.1425751851496549
0,0,1,1,0.06632741908223598,0,1,0,2,0,2,2,2,2,1,0,3,-0.11671439993059413,-0.1264140403293312
1,0,1,0,-0.055833672077855064,1,2,0,0,0,2,2,2,2,1,1,3,0.4831943171293762,0.09011853612644435
0,0,0,0,-1.2774445836787656,1,0,2,1,1,1,1,1,1,0,0,3,-1.504314895069307,-0.997176766797881
0,0,1,0,-0.4223169455581282,1,0,1,0,0,0,0,0,0,0,1,2,0.14917312009598557,-0.32018157818462184
1,0,0,0,-1.2367242199587352,1,2,1,0,0,0,0,0,0,0,1,2,0.39013368512007346,-0.9341096685820027
1,0,1,0,1.6137012404433893,1,2,1,0,2,2,2,2,2,2,1,1,1.5234792392333694,2.507006800877931
1,0,1,1,-0.9924020376385531,1,0,0,0,0,2,0,0,0,0,1,2,-0.45572098796448335,-0.8226668633400938
0,0,1,0,1.6137012404433893,0,1,0,2,2,2,2,2,2,2,0,0,-0.010359391919962149,0.9918964217735619
1,0,0,1,-0.62591876415828,1,0,0,2,0,0,0,0,0,0,1,3,-0.4806479429669752,-0.6321861382284778
0,0,1,0,1.6137012404433893,1,2,1,2,2,2,2,0,0,2,1,0,1.071470455188184,2.1284718567070766
0,0,0,0,1.369379058123207,0,1,0,2,2,2,2,0,0,2,1,3,-0.5770321689766102,0.39596859445563426
1,0,0,0,0.10704778280226633,1,2,1,0,0,0,0,0,0,0,0,1,0.35191235411625243,0.1572003989017107
1,0,0,0,-1.1552834925186746,1,0,0,2,0,2,0,0,0,0,0,2,-0.2662761299455452,-0.8976238412126207
0,0,1,1,1.6137012404433893,1,0,2,1,1,1,1,1,1,2,0,1,-1.4976677070686424,-0.3970356426071893
0,0,0,0,1.3286586944031769,1,0,0,2,2,2,2,2,2,2,1,0,0.6676537841478158,1.402725955586965
0,0,1,1,1.4915401492832983,1,0,2,1,1,1,1,1,1,2,0,0,-1.481049737066981,-0.3825427837307177
0,0,1,0,1.3286586944031769,1,0,0,2,2,2,0,0,2,2,0,0,0.2073360151017999,0.9293366839140895
0,0,1,0,0.22920887396235737,1,0,0,2,2,0,2,2,2,1,0,1,0.5164302571326987,0.343644300308008
1,0,1,0,-0.3408762181180675,1,2,1,0,0,0,0,2,2,0,1,2,0.9385266951748941,-0.013978573520540587
1,0,0,0,-1.1145631287986442,1,2,1,0,2,2,0,2,2,0,0,2,1.3473287572157604,-0.7628645187219593
1,0,1,1,-0.3408762181180675,1,2,0,2,0,0,0,0,0,0,0,2,-0.3327480099521901,-0.4154109111674644
0,0,0,0,-1.2774445836787656,0,1,0,0,0,0,0,0,0,0,0,2,-1.3132082400502028,-0.9946399650158503
1,0,0,0,1.1657772395230555,1,2,1,2,2,2,0,2,2,1,1,2,1.4287568102239003,1.8715710431981154
1,0,1,0,1.5322605130033284,1,2,0,0,2,2,2,2,2,2,1,1,0.7042133181514708,1.611206943778034
0,0,0,0,-1.2774445836787656,0,1,0,0,0,0,0,0,0,0,1,3,-1.3181936310507012,-0.9947061424536424
1,1,0,1,-1.0331224013585834,1,0,0,0,0,0,0,0,0,0,1,3,-0.6318714699820923,-0.8539246731238991
1,0,1,1,-1.2774445836787656,1,0,2,1,1,1,1,1,1,0,0,0,-1.4893587220678117,-0.9969782344845048
0,0,1,1,0.5142514200025698,1,2,0,2,2,2,2,2,0,0,0,3,0.5496661971360212,0.5564929993933562
0,0,0,0,-0.9109613101984924,1,0,0,0,0,0,2,0,2,0,1,3,-0.12668518193159078,-0.7280331272973801
1,0,1,0,-0.13727439951791576,1,0,1,0,0,0,0,0,0,0,1,2,0.19902703010096928,-0.13453180603182976
0,0,0,0,1.0436161483629645,1,0,0,2,2,2,2,0,0,2,1,1,0.004596781081533054,0.6687078747428397
0,1,1,0,1.4100994218432374,1,0,2,1,1,1,1,1,1,2,1,0,-1.4860351280674797,-0.44854374835537963
0,0,0,1,-0.748079855318371,1,2,1,2,0,0,2,0,0,0,1,3,0.7058751151516368,-0.4922208572981705
0,0,1,0,0.5142514200025698,1,2,2,1,1,1,1,1,1,2,0,3,-1.304899255049372,-0.5111917227985746
1,1,1,0,1.4100994218432374,1,0,0,2,2,0,2,0,0,1,1,0,-0.12668518193159078,0.811629081227861
0,1,1,0,-0.055833672077855064,1,0,1,0,0,2,2,2,2,0,1,2,1.1346187411944968,0.27863599725022786
1,1,0,0,-1.2367242199587352,1,2,1,0,0,0,0,2,2,0,1,2,0.9717626351782166,-0.9256168973986822
0,0,1,0,0.18848851024232702,1,0,2,1,1,1,1,1,1,1,1,0,-1.4926823160681442,-0.6892310896052743
1,0,0,0,1.3286586944031769,1,2,0,0,2,2,2,0,2,2,1,1,0.31369102311243185,1.1143908591267526
0,0,0,0,-1.2367242199587352,1,2,1,0,0,0,0,2,2,0,1,2,1.0099839661820376,-0.9189109170357486
0,0,0,1,-1.1960038562387048,0,1,0,0,2,0,0,0,0,0,0,3,-1.166970104035584,-0.9660513118896598
1,0,1,1,1.6137012404433893,1,2,0,2,2,2,2,2,0,2,1,0,0.534710024134526,1.5210732735051837
1,0,1,0,0.14776814652229667,1,0,2,1,1,1,1,1,1,1,0,0,-1.4594463760648215,-0.6881060731628086
0,0,1,0,1.6137012404433893,1,2,0,2,2,0,2,2,2,2,1,0,0.719169491152966,1.6673254110257412
1,0,0,0,-0.5444780367182193,0,1,0,0,0,2,0,2,0,0,1,2,-0.8346107040023594,-0.6822383403452418
1,1,0,0,-0.30015585439803716,1,2,1,0,2,2,0,2,2,0,0,3,1.3689321182179202,0.16567111093910036
0,0,0,0,-1.0738427650786138,1,0,2,1,1,1,1,1,1,0,0,3,-1.46443176706532,-0.9560364596371209
1,0,0,0,-1.2774445836787656,1,0,2,1,1,1,1,1,1,0,0,3,-1.4993295040688086,-0.9971105893600889
0,0,1,0,1.0843365120829946,1,2,0,0,0,2,2,2,0,2,1,0,0.2438955491054544,0.8449163324372914
0,1,0,0,-1.1960038562387048,1,2,1,0,2,0,0,0,0,0,1,2,0.48651791112970877,-0.9153152762490441
0,0,0,0,-0.9109613101984924,1,2,1,0,0,0,0,0,0,0,1,3,0.3652067301175816,-0.6628483510721542
1,1,0,0,-0.7888002190384014,1,0,1,0,0,0,0,2,2,0,1,2,0.8554368451665879,-0.4758529710175892
1,0,0,0,-0.4223169455581282,1,2,0,2,2,0,0,0,0,0,0,2,-0.19149526493806968,-0.4522276257258069
1,0,1,0,1.6137012404433893,1,2,1,2,2,0,2,2,2,2,1,1,1.4686399382278874,2.468535650374786
0,0,0,0,1.369379058123207,0,1,0,2,2,2,2,2,2,2,1,0,-0.07516947492644105,0.8191291908442999
1,0,1,0,-1.1145631287986442,1,0,1,0,0,2,0,2,2,0,1,2,0.9867188081797118,-0.7860266219491969
1,0,1,1,1.6137012404433893,1,2,1,2,2,2,2,2,2,2,1,1,1.638143232244832,2.6512736152647256
1,0,1,0,-1.0331224013585834,1,0,0,0,0,2,0,0,0,0,0,2,-0.533825446972291,-0.8556673456524246
1,1,1,0,1.4100994218432374,1,2,1,0,2,0,2,2,2,2,0,0,1.2675625012077867,2.0779564125257677
0,0,0,0,-1.2774445836787656,1,0,1,0,0,0,0,0,0,0,0,0,0.16412929309748078,-0.9750293842834559
0,0,0,0,0.47353105628253944,0,1,0,0,0,2,0,2,2,1,1,2,-0.5221928679711283,-0.006500523050032526
1,0,1,0,1.6137012404433893,1,0,2,1,1,1,1,1,1,2,0,1,-1.4976677070686424,-0.37846184173353775
0,1,1,1,1.002895784642934,1,0,1,0,2,2,2,2,0,0,1,1,1.0149693571825356,1.4504840065269358
0,0,1,1,-1.1145631287986442,1,0,0,0,0,0,0,0,0,0,0,3,-0.6634456129852487,-0.9085210593023878
0,0,1,0,-1.1552834925186746,1,0,2,1,1,1,1,1,1,0,0,2,-1.4827115340671475,-0.9654557149495309
0,0,0,0,1.3286586944031769,1,2,1,0,2,0,2,2,2,1,1,0,1.3390197722149297,1.9696680651519494
1,1,0,0,-0.5444780367182193,1,0,1,0,0,2,0,2,2,0,1,1,1.0349109211845293,-0.2214007227069361
1,0,1,1,-1.0331224013585834,1,0,0,0,0,0,0,0,0,0,0,2,-0.6651074099854147,-0.8585791529152773
1,0,0,0,0.6364125111626608,1,0,2,1,1,1,1,1,1,2,0,1,-1.4926823160681442,-0.6016562802603855
0,0,1,0,-0.5444780367182193,1,0,1,2,0,0,0,0,0,0,1,2,0.2804550831091094,-0.3699911296961481
1,1,0,0,-1.2774445836787656,1,0,0,0,0,2,0,0,0,0,1,3,-0.4856333339674735,-0.9836545103423604
1,0,1,1,-0.5444780367182193,1,2,0,0,0,0,0,0,0,0,0,1,-0.48729513096763954,-0.6041048454586935
1,0,0,0,0.758573602322752,1,0,1,0,2,2,0,2,2,0,1,2,1.1379423351948288,1.216965887704519
0,0,0,0,-0.8295205827584317,1,2,1,0,2,0,0,2,0,0,1,0,0.830509890164096,-0.5414789301614291
1,0,0,0,0.35136996512244845,1,0,2,1,1,1,1,1,1,2,0,3,-1.4827115340671475,-0.6517967189608723
0,0,1,0,0.8400143297628127,1,0,1,0,0,0,2,2,2,1,1,2,0.9534828681763893,1.1437515823605178
0,0,0,0,-1.2774445836787656,1,0,0,0,0,0,0,0,0,0,1,0,-0.6601220189849164,-0.9859707206650842
1,1,1,0,-0.748079855318371,1,2,1,0,0,0,0,0,0,0,1,2,0.3436033691154218,-0.5587071231333078
1,1,1,0,1.5322605130033284,1,2,0,2,2,2,2,2,2,2,1,1,0.7906267621601091,1.7765402425286492
1,0,0,0,-0.055833672077855064,1,2,0,0,2,0,2,2,2,1,1,3,0.4881797081298748,0.1358692047867212
1,0,0,0,1.4508197855632678,1,2,1,2,2,2,2,2,2,1,1,1,1.7428364432552979,2.5395440411257173
1,0,1,0,0.6771328748826912,1,2,1,0,0,0,0,2,0,0,0,2,0.6560212051466532,0.8713873075541344
0,0,1,0,0.5549717837226001,1,0,2,1,1,1,1,1,1,2,1,3,-1.4893587220678117,-0.5967591498637697
0,0,1,0,-0.46303730927815856,1,0,1,0,0,2,2,0,0,1,0,2,0.47987072312904416,-0.23704065717180417
0,1,1,0,1.6137012404433893,1,2,0,2,2,2,2,0,2,2,0,0,0.45494376812655235,1.5011318055838287
1,1,0,0,0.5142514200025698,1,2,1,0,0,0,0,2,2,0,1,0,0.9684390411778845,0.847298720197807
1,1,1,0,1.4508197855632678,1,2,1,0,2,2,0,2,2,0,1,2,1.3473287572157604,2.2147010581501925
0,0,1,0,1.5322605130033284,1,2,0,2,0,2,2,0,0,2,0,1,0.017891157082861757,1.094140563162368
1,0,0,0,-0.38159658183809786,1,0,1,2,0,2,0,2,2,1,1,1,1.1695164781979852,0.0057423029415073525
0,0,0,0,-1.1552834925186746,1,2,1,0,0,2,2,0,0,0,1,3,0.7424346491552913,-0.8551379261500878
0,1,0,0,-1.2774445836787656,1,0,1,0,0,0,0,0,0,0,1,2,0.18074726309914202,-0.9748087928241488
0,0,1,1,0.18848851024232702,1,2,1,0,0,0,0,2,2,0,1,2,1.0133075601823696,0.4563665360138977
0,0,0,0,0.18848851024232702,1,2,1,0,2,2,0,2,2,0,1,0,1.2343265612044643,0.5583680267974659
1,0,0,0,1.6137012404433893,1,2,0,2,2,2,2,2,2,2,0,1,0.7906267621601091,1.801180308533244
1,0,0,0,0.47353105628253944,0,1,0,2,0,2,0,2,2,1,1,2,-0.357674964954682,0.07081678343707967
1,0,0,0,-0.0965540357978854,1,0,0,0,2,2,0,2,0,1,0,1,-0.00869759491979612,-0.15431885993166986
1,0,1,1,0.880734693482843,1,2,1,0,2,0,2,2,2,1,1,2,1.3440051632154282,1.481543283997365
1,0,0,0,-1.1552834925186746,1,0,1,0,0,0,0,0,0,0,1,2,0.18074726309914202,-0.9008003582266418
1,0,1,1,-1.1145631287986442,1,2,1,0,2,0,0,0,0,0,1,2,0.5114448661322006,-0.835924410044446
1,0,0,0,0.10704778280226633,1,0,2,1,1,1,1,1,1,2,1,3,-1.481049737066981,-0.7038342442113994
1,0,1,0,0.7992939660427822,1,2,0,0,2,0,2,0,0,0,0,0,-0.11339080593026184,0.3925714859823062
0,0,0,0,1.6137012404433893,1,0,1,2,2,2,2,2,2,2,1,2,1.5002140812310438,2.3578869743863824
0,0,1,0,0.7178532386027215,1,2,1,2,2,0,2,2,2,0,1,0,1.4919050962302134,1.3791667877329747
0,0,0,0,-0.6666391278783103,1,0,2,1,1,1,1,1,1,1,0,1,-1.5093002860698053,-0.8753882221144726
1,1,0,0,0.10704778280226633,1,2,1,0,0,0,0,2,2,0,1,2,1.0199547481830342,0.5269116847002843
1,0,0,0,1.5729808767233588,1,2,1,0,0,2,2,0,0,2,1,1,0.719169491152966,1.7172011399750595
1,0,1,0,1.0843365120829946,1,2,1,2,2,2,0,2,2,1,1,2,1.5085230662318745,1.8389896846584681
0,1,1,0,1.5322605130033284,1,2,1,0,2,0,2,2,2,2,1,0,1.3190782082129364,2.236627849205311
1,0,0,0,-1.2774445836787656,1,0,1,0,0,0,2,0,0,0,1,3,0.3170146171127639,-0.9729999428578311
0,1,1,0,0.9214550572028734,1,2,0,0,0,0,0,0,0,0,0,0,-0.4357794239624898,0.24653993992105575
0,0,1,0,1.5322605130033284,1,2,1,2,2,2,2,2,2,2,1,0,1.6431286232453304,2.401872911372203
1,0,0,0,-1.0331224013585834,1,0,1,0,0,0,0,0,0,0,0,0,0.14584952609565352,-0.7901958005300996
0,1,1,0,0.7178532386027215,1,2,1,0,0,0,2,2,2,1,1,2,1.1927816362003112,1.2838492181664092
0,0,1,0,1.2879383306831464,1,0,2,1,1,1,1,1,1,2,0,3,-1.481049737066981,-0.44205835945175304
1,1,0,0,-0.9924020376385531,1,0,1,0,0,0,0,0,0,0,1,1,0.1724382780983114,-0.7575262054067292
1,1,1,0,1.1657772395230555,1,2,1,0,2,0,0,0,0,0,1,2,0.5779167461388456,1.1581562046532667
0,0,0,0,-1.2774445836787656,1,0,1,0,0,0,0,0,0,0,1,2,0.16246749609731476,-0.9750514434293864
0,0,0,1,-0.38159658183809786,1,0,0,0,0,0,2,0,0,1,1,2,-0.5088984919697991,-0.5119417337602186
0,0,1,0,-0.8702409464784621,1,2,0,0,0,0,2,0,2,0,1,2,0.05278889408635025,-0.6789515276015671
1,1,1,1,-0.3408762181180675,1,2,1,2,0,0,0,0,0,0,1,2,0.5014740841312035,-0.18617226665560424
1,0,1,0,0.025607055362205634,1,0,2,1,1,1,1,1,1,1,0,3,-1.4677553610656522,-0.7012533241375073
0,1,1,0,0.8400143297628127,1,2,2,1,1,1,1,1,1,2,0,1,-1.3181936310507012,-0.4430069027267733
1,0,1,1,-0.38159658183809786,1,0,2,1,1,1,1,1,1,2,0,3,-1.4577845790646555,-0.8054827886600765
0,0,0,0,-0.748079855318371,1,0,1,0,2,0,0,0,2,0,1,2,0.7158458971526335,-0.48476486597359303
1,0,1,0,1.5322605130033284,1,0,1,2,2,0,2,0,0,2,0,0,0.6593447991469852,1.5116981364846351
0,0,1,0,-0.4223169455581282,1,2,0,2,0,0,2,2,2,0,1,2,0.47987072312904416,-0.23690830229621995
1,0,0,0,-0.7073594915983407,1,0,2,1,1,1,1,1,1,0,0,3,-1.4960059100684764,-0.8683072362707172
0,0,1,0,1.3286586944031769,1,2,1,0,2,2,2,2,2,2,1,0,1.4254332162235683,2.119052601394667
1,0,1,0,1.6137012404433893,1,2,0,0,2,2,2,2,2,2,1,1,0.6875953481498096,1.7416867919581394
0,0,1,0,1.247217966963116,1,2,1,0,2,2,0,2,2,1,1,2,1.42044782522307,2.026801253112469
0,1,0,0,-1.1145631287986442,1,0,1,0,0,0,0,0,0,0,1,3,0.142525932095321,-0.8652630741322802
0,0,0,0,0.10704778280226633,1,2,1,2,2,2,2,2,2,2,1,3,1.609892683242008,0.7210321688904662
1,0,1,0,-0.8702409464784621,1,2,1,0,0,0,0,0,0,0,1,2,0.3386179781149237,-0.6414950978112341
0,1,0,0,-1.1145631287986442,0,1,0,0,0,0,0,2,2,0,0,2,-0.6335332669822583,-0.9184256158252732
0,0,0,0,-0.055833672077855064,1,0,0,0,2,2,2,2,2,2,0,3,0.47987072312904416,0.09594215065214973
1,0,0,0,-1.2774445836787656,1,0,0,0,0,0,2,0,0,0,0,3,-0.44907379996381874,-0.983169209131885
0,0,1,1,-0.015113308357824713,1,0,0,2,2,2,2,0,2,2,0,3,0.2937494591104381,0.01637481128010591
1,0,0,0,-0.8702409464784621,1,0,0,0,2,0,0,2,0,1,1,2,-0.11671439993059413,-0.6837383622685295
0,1,0,0,0.6771328748826912,1,2,1,0,0,2,0,0,2,0,1,1,0.8670694241677506,0.9865360493124014
1,0,1,0,1.4100994218432374,1,2,1,0,2,0,0,2,0,1,1,0,0.785641371159611,1.5523310832889892
0,0,1,0,1.5322605130033284,1,2,1,2,2,2,2,0,0,2,0,0,0.9684390411778845,1.8967846469969085
0,0,0,0,-1.2774445836787656,1,0,2,1,1,1,1,1,1,0,1,3,-1.5009913010689746,-0.9971326485060197
1,1,1,0,-0.9516816739185228,1,0,2,1,1,1,1,1,1,0,1,3,-1.4461520000634926,-0.915535867708351
1,0,0,0,-0.46303730927815856,1,0,2,1,1,1,1,1,1,0,0,1,-1.4710789550659844,-0.8280492949471852
0,0,0,1,-0.1779947632379461,1,0,2,1,1,1,1,1,1,0,0,3,-1.479387940066815,-0.7695925582308236
1,0,1,1,1.4100994218432374,1,2,1,0,2,2,0,2,2,1,1,2,1.3506523512160928,2.077846116796114
1,0,0,0,-0.7073594915983407,1,2,1,2,0,0,0,2,0,0,1,0,0.7640380101574512,-0.4577424122084825
0,0,1,0,-1.1145631287986442,1,0,1,0,2,0,0,0,2,0,1,2,0.6261088591436628,-0.8274536980070561
0,0,0,0,-0.30015585439803716,1,2,0,2,2,2,2,2,0,0,1,0,0.4516201741262198,-0.1949297475900931
0,0,0,0,-1.1552834925186746,1,0,2,1,1,1,1,1,1,0,0,1,-1.4727407520661506,-0.9692278289036811
0,0,0,0,-1.0331224013585834,1,0,0,0,0,0,2,2,2,0,1,1,0.19902703010096928,-0.8068945739996415
0,0,0,0,-1.2774445836787656,1,0,0,0,0,0,0,0,0,0,0,2,-0.6302096729819263,-0.9855736560383315
0,0,1,1,1.0436161483629645,1,0,2,1,1,1,1,1,1,2,1,3,-1.4926823160681442,-0.4945150084749636
0,0,0,0,-0.5851984004382496,1,0,1,0,0,0,0,0,0,0,1,2,0.16745288709781284,-0.4668087211860012
0,1,1,0,1.125056875803025,1,2,1,0,2,0,0,0,2,0,0,2,0.8205391081630994,1.3301072471830926
0,0,1,0,-0.748079855318371,1,0,2,1,1,1,1,1,1,2,0,3,-1.4744025490663168,-0.8767779483081068
0,0,0,0,0.3920903288424788,1,0,0,0,2,0,0,0,0,0,1,2,-0.5055748979694671,-0.0890237879767906
1,0,0,0,-1.2774445836787656,0,1,0,0,0,0,0,0,2,0,0,2,-0.9592454790148186,-0.9899413669326106
0,0,1,1,1.2879383306831464,0,1,0,0,2,2,2,0,2,2,0,2,-0.49560411596847015,0.4105717490617593
0,0,0,0,0.8400143297628127,1,2,1,0,2,2,0,2,2,2,0,2,1.3556377422165908,1.5011318055838287
0,1,0,0,-1.2774445836787656,1,0,1,0,0,0,0,0,0,0,1,2,0.16080569909714826,-0.9750735025753172
0,0,1,1,0.5142514200025698,1,2,1,2,2,0,0,2,2,0,1,2,1.3423433662152622,1.0814124359603523
1,1,1,0,-0.0965540357978854,1,2,1,2,2,2,2,2,0,0,1,0,1.3606231332170895,0.3979759767353283
0,0,0,0,-0.62591876415828,1,0,1,0,0,0,0,0,0,0,0,0,0.19071804510013865,-0.4915370237743188
0,1,0,0,-0.055833672077855064,1,2,1,0,0,0,0,0,0,0,1,2,0.30372024111143525,-0.02761112570571476
1,0,0,0,0.26992923768238775,1,2,1,0,0,0,0,0,0,0,1,1,0.2787932861089434,0.19902453958632246
0,0,1,1,1.0843365120829946,1,2,1,0,2,0,2,0,2,0,1,0,1.0598378761870213,1.4563737984904335
0,0,0,0,-0.9109613101984924,1,2,1,0,2,2,0,0,2,0,1,2,1.0000131841810405,-0.5851339799582893
1,0,0,0,-1.1960038562387048,1,0,1,0,0,0,0,0,2,0,1,2,0.5180920541328647,-0.8938076089666093
0,1,0,0,0.43281069256250915,1,2,1,0,2,0,0,2,0,0,1,2,0.8471278601657574,0.6878110951188281
1,0,0,0,-1.1960038562387048,1,0,1,0,2,0,0,0,2,0,0,2,0.6493740171459885,-0.9020797886906227
1,0,1,0,-0.46303730927815856,1,2,1,0,2,2,0,2,2,0,0,2,1.3174164112127704,-0.053729154487666624
1,1,1,0,0.025607055362205634,0,1,0,0,2,2,2,2,0,0,1,2,-0.4906187249679718,-0.2333347206554462
1,0,1,0,-0.9516816739185228,0,1,0,0,0,0,0,0,0,1,0,0,-1.3514295710540236,-0.8911605114549249
0,0,0,0,-1.2367242199587352,1,0,0,0,0,2,0,0,2,0,0,2,-0.13000877593192306,-0.9566320565772498
1,0,0,0,-1.0331224013585834,0,1,0,0,0,2,2,0,0,1,1,1,-0.9725398550161476,-0.895682636370719
0,0,1,1,-1.1145631287986442,0,1,0,0,0,0,0,0,0,0,0,3,-1.3198554280508674,-0.9504113774247918
1,0,1,1,-1.2367242199587352,1,0,1,0,0,0,0,0,0,0,0,3,0.1724382780983114,-0.9422936117222932
1,0,0,0,-0.62591876415828,1,0,1,0,0,0,0,0,0,0,1,2,0.2006888271011353,-0.47327205094369706
0,1,0,0,1.125056875803025,1,2,1,2,0,0,0,2,2,1,1,0,1.217708591202803,1.7192305814006843
0,0,0,0,0.47353105628253944,1,0,2,1,1,1,1,1,1,2,0,3,-1.491020519067978,-0.6227889420619985
1,0,0,0,1.6137012404433893,1,2,0,2,2,0,2,2,2,2,0,1,0.7075369121518029,1.7779299687222834
1,0,1,0,1.4915401492832983,1,2,1,0,2,0,2,2,0,2,1,3,0.9202469281730669,1.8445044711411436
1,0,0,0,-1.2367242199587352,1,0,0,0,0,0,0,0,0,0,0,3,-0.6684310039857471,-0.9727352331066627
0,0,0,0,-1.2774445836787656,1,2,1,0,0,0,0,2,0,0,1,2,0.6593447991469852,-0.9684557587961065
1,0,1,0,1.002895784642934,1,2,1,0,0,2,2,2,2,2,0,2,1.435403998224565,1.6280160129772296
0,0,0,0,-0.5444780367182193,1,0,0,0,2,0,0,2,0,1,0,2,-0.21808401694072754,-0.5446333880295197
0,0,1,1,0.35136996512244845,1,2,1,2,2,0,0,2,0,0,1,0,0.9817334171792131,0.7120099782048087
1,0,1,1,1.4100994218432374,1,2,1,0,2,2,2,2,2,2,1,0,1.5434208032353631,2.31668048978783
0,0,1,0,-1.1145631287986442,1,0,1,2,0,2,0,0,2,0,1,3,0.8022593411612722,-0.8054166112222844
0,1,1,0,-0.7073594915983407,1,2,1,0,0,2,2,0,0,0,1,2,0.6078290921418354,-0.4506393672187963
0,0,0,0,1.5729808767233588,1,2,1,2,2,2,2,2,2,2,1,2,1.7910285562601154,2.7343924771316126
1,0,1,0,-1.1960038562387048,1,0,2,1,1,1,1,1,1,0,1,1,-1.4694171580658184,-0.9832133274237463
0,0,1,1,1.5729808767233588,1,2,2,1,1,1,1,1,1,2,0,0,-1.33148800705203,-0.20699610041418742
0,1,1,0,1.5322605130033284,1,2,0,2,2,2,2,2,2,2,1,0,0.9119379431722362,1.8506369137098788
1,0,0,0,-1.1552834925186746,0,1,0,2,2,0,2,0,0,0,0,3,-0.7432118689932226,-0.9411906544257581
1,1,0,0,-1.1145631287986442,1,0,1,0,2,0,0,0,2,0,1,2,0.6909189421501416,-0.8255566114570158
0,0,1,0,1.1657772395230555,1,0,2,1,1,1,1,1,1,2,0,1,-1.479387940066815,-0.4415951173872083
1,0,0,1,-1.1960038562387048,1,2,2,1,1,1,1,1,1,2,1,3,-1.2749869090463821,-0.9522864048289015
0,0,1,0,-1.1960038562387048,1,0,0,0,0,0,0,0,0,0,0,3,-0.6800635829869099,-0.9464407311572653
0,0,1,0,0.06632741908223598,1,2,1,0,0,2,0,2,0,0,0,2,0.7540672281564545,0.26224605182371585
1,0,1,0,1.5729808767233588,1,2,1,0,2,2,0,2,2,1,1,0,1.3606231332170895,2.290805111611116
0,0,1,1,-0.38159658183809786,1,2,0,2,2,2,2,2,2,2,1,1,0.8753784091685812,-0.03592742372158956
0,0,0,0,0.14776814652229667,1,0,2,1,1,1,1,1,1,1,0,3,-1.502653098069141,-0.7319155369811837
1,0,1,0,-0.7073594915983407,1,0,1,0,0,0,0,0,0,0,1,0,0.12756975909382579,-0.5166844501353196
1,0,1,0,-0.8702409464784621,1,0,0,0,0,0,0,2,0,0,1,0,-0.3227772279511935,-0.7374744417557206
0,1,0,0,-0.7073594915983407,1,0,1,0,2,0,0,0,0,0,1,1,0.3502505571160864,-0.4995444937471637
0,0,0,0,1.2064976032430856,0,1,0,0,2,2,0,0,2,2,1,1,-0.7033287409892356,0.2068996546835832
1,0,0,1,-1.0331224013585834,1,2,1,0,0,0,0,2,2,0,0,3,1.0049985751815391,-0.7165844305593455
0,0,1,0,-1.0738427650786138,1,2,1,0,0,0,2,0,0,0,1,2,0.5230774451333633,-0.7839310030857802
0,0,0,0,-0.13727439951791576,1,2,2,1,1,1,1,1,1,0,0,2,-1.3165318340505352,-0.6960694248437922
1,0,1,0,1.6137012404433893,1,2,1,0,2,0,0,2,0,1,1,2,0.82884809316393,1.9011523578911875
0,0,0,0,1.4915401492832983,1,2,0,2,0,2,2,2,2,2,1,1,0.684271754149477,1.5960523105236413
1,0,0,0,-0.7073594915983407,1,0,1,0,0,2,2,2,2,0,1,2,1.2160467942026365,-0.3202036373305525
0,0,1,1,-0.6666391278783103,1,0,2,1,1,1,1,1,1,2,0,3,-1.4976677070686424,-0.8727411246027884
0,1,1,0,0.5956921474426305,1,0,1,0,0,0,0,0,0,0,0,0,0.19237984210030468,0.4542047397126888
0,0,1,1,0.6364125111626608,1,0,0,2,0,2,2,2,0,1,0,0,0.16412929309748078,0.3282028981565163
0,0,1,0,1.6137012404433893,1,0,0,2,2,2,0,0,2,2,0,1,0.13255515009432434,1.1508105090583425
1,0,0,0,-0.46303730927815856,1,2,1,0,0,0,0,0,0,0,1,2,0.29707305311077065,-0.31810801846713577
0,0,1,0,1.6137012404433893,1,2,1,0,2,2,2,2,2,2,1,2,1.5085230662318745,2.5231540956992053
1,0,1,1,-1.0331224013585834,1,0,0,2,0,0,0,2,2,0,0,1,0.16412929309748078,-0.7780632702682132
0,1,0,0,-0.21871512695797646,1,2,1,0,0,0,0,0,2,0,1,2,0.6809481601491449,0.0033157968891300792
1,0,1,0,-1.1552834925186746,1,2,1,0,0,0,0,0,0,0,1,2,0.32864719611392706,-0.8728073020405804
0,0,0,0,-1.1552834925186746,1,0,0,0,0,0,0,0,0,0,1,3,-0.6235624849812617,-0.920366820667175
0,0,1,0,-0.2594354906780068,1,0,1,0,0,0,0,2,2,0,1,2,0.8654076271675846,0.03620598347180756
1,0,0,0,0.3920903288424788,1,2,1,0,0,2,0,0,0,0,0,2,0.50313588113137,0.4560356488249372
1,0,1,1,1.4915401492832983,1,2,0,0,2,2,2,2,2,2,1,0,0.5712695581381809,1.4654621666138827
0,0,0,1,0.6771328748826912,1,0,2,1,1,1,1,1,1,2,0,1,-1.4727407520661506,-0.553721756152969
0,0,0,0,-1.2774445836787656,1,0,1,0,2,0,0,0,0,0,0,2,0.36686852711774764,-0.97233816847991
0,0,0,0,0.22920887396235737,1,2,0,0,2,0,2,0,2,0,0,1,0.11261358609233106,0.16613435300364518
0,0,0,0,0.18848851024232702,1,2,1,0,0,2,0,2,2,0,1,2,1.1728400721983174,0.675369736813912
1,0,1,0,-0.748079855318371,1,0,0,0,2,2,2,2,2,2,0,3,0.5712695581381809,-0.48441191963870184
1,1,0,0,-1.2774445836787656,1,0,1,0,0,0,0,2,0,0,1,2,0.47654712912871167,-0.9708822648484837
0,0,0,0,-0.9516816739185228,1,0,2,1,1,1,1,1,1,0,1,2,-1.504314895069307,-0.9268742687167323
1,0,0,0,-0.3408762181180675,1,0,0,2,0,0,0,0,0,0,1,2,-0.4523973939641511,-0.4429627844349118
0,0,1,1,-0.9924020376385531,1,2,0,0,2,0,0,0,0,0,0,2,-0.2995120699488677,-0.8086593056740976
0,0,0,0,-1.2774445836787656,1,2,1,0,0,0,0,0,2,0,0,3,0.6992279271509723,-0.9679263392937695
0,0,1,0,1.6137012404433893,1,2,0,2,2,2,2,2,0,2,0,1,0.47987072312904416,1.3774461743503796
0,0,1,0,1.6137012404433893,1,2,1,2,0,2,0,2,2,2,1,2,1.3539759452164248,2.3225041043135355
0,0,1,1,-0.62591876415828,1,0,0,2,0,0,2,0,0,0,1,1,-0.31280644595019663,-0.5996709571266223
0,0,0,0,1.4508197855632678,0,1,0,2,2,2,2,2,2,2,0,1,-0.013682985920294679,0.997014143629485
0,0,1,0,0.6364125111626608,1,0,0,0,2,2,0,0,2,1,1,2,0.0295237360840249,0.35952688537811384
0,0,1,1,-1.0331224013585834,1,0,0,2,2,2,2,2,0,0,1,2,0.36354493311741554,-0.7613424376527408
1,0,0,0,0.5549717837226001,0,1,0,2,0,0,0,0,0,1,1,0,-1.1304105700319294,-0.3487261130189509
1,0,1,0,0.7178532386027215,1,2,1,0,2,0,2,2,2,0,0,2,1.2941512532104444,1.2314808057269215
0,0,1,0,-0.38159658183809786,1,0,0,0,0,2,2,0,0,0,0,2,-0.3493659799538514,-0.46685283947786266
0,0,1,1,-0.7888002190384014,1,0,2,1,1,1,1,1,1,0,1,3,-1.4727407520661506,-0.8934987809235794
0,0,0,1,-0.5851984004382496,1,2,2,1,1,1,1,1,1,2,0,1,-1.3115464430500368,-0.8051960197629773
0,0,0,0,1.2879383306831464,1,2,2,1,1,1,1,1,1,1,1,0,-1.341458789053027,-0.2993577444260387
1,0,0,0,1.369379058123207,1,2,1,0,2,0,0,0,2,0,0,1,0.8188773111629334,1.6311263525534583
0,0,1,0,-0.9516816739185228,1,0,0,2,0,0,0,0,0,1,0,3,-0.5371490409726233,-0.8194682871801419
0,1,0,0,-0.46303730927815856,1,2,1,0,0,0,0,2,2,0,1,2,0.9800716201790471,-0.1349950480963745
1,0,0,1,0.3106496014024181,1,0,2,1,1,1,1,1,1,1,1,0,-1.4744025490663168,-0.6286125565877039
1,0,1,1,-1.0331224013585834,0,1,0,2,0,2,2,0,2,2,0,1,-0.5022513039691348,-0.8709763929283322
0,0,0,0,0.9621754209229036,1,2,1,2,2,0,0,2,2,0,1,1,1.3905354792200795,1.594530229454423
0,0,1,1,-0.4223169455581282,1,0,2,1,1,1,1,1,1,1,0,0,-1.462769970065154,-0.8062107404757897
0,0,0,1,-1.1552834925186746,1,0,1,0,0,0,0,0,0,0,1,0,0.20401242110146783,-0.8853368969292195
0,1,1,0,-1.2774445836787656,1,2,1,0,0,0,0,0,0,0,1,2,0.32200000811326246,-0.9729337654200391
1,0,0,0,-0.015113308357824713,1,0,1,0,0,0,0,2,2,0,0,2,0.8737166121684152,0.26107691708938857
1,0,0,1,-0.2594354906780068,0,1,0,0,2,0,0,2,0,1,1,0,-0.8246399220013625,-0.5541188207797216
1,0,1,1,-0.5851984004382496,0,1,0,0,2,2,0,2,0,1,0,1,-0.6102681089799328,-0.6473628306288011
1,0,1,1,0.10704778280226633,1,2,1,0,2,2,2,2,2,0,1,2,1.5018758782312098,0.6629504376549264
0,0,1,1,1.6137012404433893,1,2,0,2,2,2,2,2,0,2,0,0,0.5131066631323666,1.5152275998335476
0,0,1,1,0.7992939660427822,1,2,1,2,2,2,0,0,2,0,0,0,1.109691786192005,1.1972229520965405
0,1,1,0,-1.0331224013585834,1,2,1,0,0,0,0,0,2,0,1,2,0.6576830021468192,-0.7204006628053571
0,0,0,0,0.14776814652229667,1,2,1,0,2,2,0,2,2,1,1,0,1.330710787214099,0.7088555203367183
0,0,0,0,-1.2367242199587352,1,0,2,1,1,1,1,1,1,0,0,3,-1.5109620830699715,-0.9861913121243912
1,0,0,0,-1.0331224013585834,0,1,0,2,0,2,0,0,0,1,0,3,-0.9791870430168121,-0.8889545968618547
1,0,1,0,-0.7073594915983407,1,0,2,1,1,1,1,1,1,0,1,1,-1.505976692069473,-0.8554026359012562
1,0,0,0,-1.2367242199587352,1,2,1,0,2,0,0,0,0,0,1,2,0.4881797081298748,-0.9417421330740257
0,0,1,0,1.5729808767233588,0,1,0,2,2,2,2,0,0,2,1,0,-0.5703849809759457,0.48444782878368203
1,0,1,1,-0.21871512695797646,1,2,1,0,0,0,0,0,0,0,1,0,0.3652067301175816,-0.1547379837043532
1,0,1,1,0.47353105628253944,1,0,0,0,2,0,2,0,0,0,1,0,-0.32776261895169184,0.11883954412821894
0,0,1,0,0.5549717837226001,1,0,0,2,2,0,2,0,2,1,0,3,0.19404163910047073,0.41970423547707025
0,0,0,0,-0.055833672077855064,1,0,2,1,1,1,1,1,1,1,0,1,-1.4843733310673135,-0.7458127989175263
1,0,0,0,1.4915401492832983,1,2,0,2,2,2,2,0,2,1,1,1,0.4599291591270504,1.3573944106993712
1,0,1,1,-0.30015585439803716,1,2,0,0,0,0,0,2,0,0,0,2,-0.1466267459335843,-0.3860722470796301
1,0,1,1,-0.30015585439803716,1,0,2,1,1,1,1,1,1,0,1,3,-1.51594747407047,-0.795070871780785
0,0,1,1,1.5322605130033284,1,2,1,2,2,2,2,2,2,2,1,1,1.6049072922415093,2.4659106120090324
1,0,1,0,1.6137012404433893,1,0,2,1,1,1,1,1,1,2,0,0,-1.46443176706532,-0.34749080084683154
1,0,0,0,-1.2367242199587352,1,0,0,0,0,0,0,0,0,0,0,2,-0.6784017859867437,-0.9699337215734635
0,0,0,0,-1.1552834925186746,0,1,0,2,2,0,0,0,0,0,1,2,-1.034026344022294,-0.9449627683799083
0,0,0,1,1.369379058123207,1,2,1,2,0,2,2,0,0,2,1,1,0.8703930181680831,1.6104569328163902
1,0,0,0,-1.1145631287986442,1,0,0,0,2,0,2,0,2,0,1,0,0.0278619390838584,-0.8558217596739395
1,0,0,0,-1.2774445836787656,1,0,0,0,2,0,0,0,0,0,0,2,-0.46402997296531395,-0.9833677414452612
1,0,1,0,-1.2774445836787656,1,0,1,2,0,0,0,2,2,0,1,2,1.0049985751815391,-0.9638674564425203
0,0,0,0,-1.2774445836787656,1,0,2,1,1,1,1,1,1,0,1,3,-1.481049737066981,-0.9968679387548512
1,1,1,0,1.5322605130033284,1,2,1,0,2,2,0,2,2,1,1,2,1.330710787214099,2.218804059293303
0,0,1,0,1.0843365120829946,1,0,1,0,2,0,2,2,2,2,1,3,1.1728400721983174,1.6566929026871429
0,0,0,0,-0.8295205827584317,1,0,2,1,1,1,1,1,1,1,1,0,-1.5093002860698053,-0.9090063605128633
1,0,0,0,-1.2367242199587352,1,0,2,1,1,1,1,1,1,0,0,3,-1.5076384890696393,-0.9834559780289841
1,0,1,1,0.35136996512244845,1,0,2,1,1,1,1,1,1,2,1,3,-1.4876969250676457,-0.6176271019142141
0,0,0,0,0.22920887396235737,1,2,1,0,0,2,2,2,2,0,1,2,1.2924894562102784,0.7538782371812821
0,0,1,0,1.2879383306831464,1,2,1,2,2,2,2,2,2,1,1,2,1.6697173752479884,2.257275209796448
1,0,1,0,-1.2774445836787656,1,2,1,0,0,0,0,0,0,0,1,0,0.32698539911376057,-0.9728675879822469
1,0,0,0,-1.1145631287986442,1,0,1,0,0,2,0,2,2,0,0,0,1.0548524851865226,-0.7884751871475049
0,0,0,0,-1.2774445836787656,0,1,0,0,0,0,0,0,0,0,0,0,-1.3132082400502028,-0.9946399650158503
1,0,0,1,0.47353105628253944,1,0,2,1,1,1,1,1,1,2,0,0,-1.502653098069141,-0.644031899593265
1,0,1,0,-1.2774445836787656,1,0,1,0,0,0,0,2,2,0,0,3,0.8105683261621028,-0.9664483765164125
1,0,1,0,-0.0965540357978854,1,2,1,2,2,0,0,2,0,0,1,2,0.9850570111795457,0.2466061173588477
1,0,0,0,0.35136996512244845,1,0,1,0,2,0,2,2,2,2,1,1,1.1595456961969886,0.8561664968619497
1,0,1,0,0.8400143297628127,1,0,2,1,1,1,1,1,1,2,0,1,-1.491020519067978,-0.5160447349033292
1,1,1,0,1.6137012404433893,1,2,1,2,2,2,2,2,2,2,1,3,1.653099405246327,2.6701341850354763
1,1,0,0,-1.0331224013585834,1,2,1,0,0,0,0,2,0,0,1,2,0.6659919871476498,-0.7644748363749005
1,0,0,0,0.7178532386027215,1,2,0,0,0,2,2,0,2,2,0,0,0.1574821050968162,0.5022716186956895
1,0,0,0,-1.2774445836787656,1,0,0,0,0,0,0,0,0,0,0,3,-0.6368568609825906,-0.9856618926220544
0,0,0,0,-0.055833672077855064,1,0,2,1,1,1,1,1,1,2,0,1,-1.4577845790646555,-0.7016503887642599
1,0,0,0,0.3106496014024181,1,2,1,0,0,2,2,2,2,0,0,0,1.330710787214099,0.8171659268564674
0,0,0,0,-1.2774445836787656,1,0,2,1,1,1,1,1,1,0,1,3,-1.479387940066815,-0.9968458796089206
0,1,1,0,1.125056875803025,0,1,0,0,2,0,0,2,2,2,1,1,-0.5088984919697991,0.2769815613054252
0,0,1,0,-0.62591876415828,1,2,0,0,0,2,2,0,0,1,1,3,-0.09344924192826831,-0.533405282750792
1,1,1,0,1.6137012404433893,1,2,0,2,2,2,0,2,2,2,0,1,0.6543594081464871,1.597133208674246
0,1,0,0,-0.2594354906780068,1,2,1,0,2,0,0,2,0,0,1,2,0.8105683261621028,-0.0009195591295647574
1,0,0,0,-1.2774445836787656,1,0,1,0,0,0,0,2,2,0,1,2,0.8570986421667539,-0.9658307204303528
0,0,0,0,-1.0331224013585834,1,2,0,0,0,0,2,2,2,0,1,2,0.32864719611392706,-0.7758794148210738
1,0,0,0,-1.2774445836787656,1,2,1,0,0,0,0,0,0,0,1,2,0.35523594811658493,-0.972492582501425
1,0,1,1,1.2879383306831464,1,2,1,0,0,2,0,0,2,1,0,1,0.8471278601657574,1.4777049926054224
1,0,1,1,0.025607055362205634,1,0,0,0,2,2,2,2,2,2,0,1,0.576254949138679,0.14266342173337762
0,0,0,0,1.4508197855632678,1,0,2,1,1,1,1,1,1,2,0,0,-1.4860351280674797,-0.3939032438850295
0,0,1,1,0.06632741908223598,1,0,2,1,1,1,1,1,1,0,0,3,-1.4660935640654862,-0.6897163908157498
1,0,0,0,-1.1960038562387048,1,0,2,1,1,1,1,1,1,0,1,3,-1.4993295040688086,-0.9756249812235848
0,0,0,0,-1.0331224013585834,1,0,2,1,1,1,1,1,1,1,0,3,-1.479387940066815,-0.9488010597718505
0,0,0,0,-1.0738427650786138,1,0,1,0,0,2,2,0,2,0,1,2,0.8138919201624348,-0.7909016931998821
1,0,0,1,-0.8295205827584317,1,0,0,2,0,0,0,2,2,0,1,3,0.16911468409797886,-0.6362891393715884
0,0,1,0,1.0843365120829946,1,0,0,0,2,0,2,2,2,2,1,1,0.3718539181182462,0.9982273966556736
1,0,1,0,-0.8295205827584317,1,0,1,2,0,0,2,0,0,0,0,0,0.534710024134526,-0.6235168938777117
1,1,0,0,0.7992939660427822,0,1,0,2,0,0,0,2,2,0,1,1,-0.5305018529719588,0.12146458249397266
0,0,1,0,-0.015113308357824713,1,2,1,0,0,2,0,0,2,0,1,0,0.8737166121684152,0.29769509933435473
0,1,1,0,1.4100994218432374,1,2,1,2,0,2,0,2,2,1,1,1,1.4054916522215746,2.145369162489995
1,0,0,0,0.758573602322752,1,0,2,1,1,1,1,1,1,1,0,2,-1.517609271070636,-0.5611556883316158
0,0,0,0,-0.9924020376385531,1,0,0,0,0,0,2,0,0,0,0,2,-0.5105602889699654,-0.8256669071866692
0,1,1,0,-1.1960038562387048,1,0,1,2,0,0,2,2,0,0,1,3,0.7823177771592784,-0.8850060097402589
0,0,1,0,1.6137012404433893,1,2,1,2,2,2,0,2,0,2,0,0,1.1927816362003112,2.229877750550516
1,1,1,0,0.18848851024232702,1,2,1,0,0,0,0,2,0,0,1,2,0.6959043331506402,0.3932773786520886
1,0,1,1,1.2879383306831464,1,2,2,1,1,1,1,1,1,2,1,3,-1.328164413051698,-0.3374538894483619
0,1,1,0,-0.2594354906780068,1,0,1,0,2,0,0,0,2,0,0,2,0.6709773781481484,-0.04852319604802076
1,0,0,0,-0.6666391278783103,1,0,1,2,0,0,0,2,2,0,1,2,0.9800716201790471,-0.35139526967656587
0,0,1,1,-1.2367242199587352,1,2,1,0,0,2,2,2,2,0,1,2,1.3174164112127704,-0.8986606210713638
0,0,0,0,0.18848851024232702,1,2,0,2,2,2,2,2,0,0,1,1,0.46989994112804756,0.30759965585724003
1,0,0,0,1.369379058123207,1,2,1,2,2,2,2,2,2,1,1,0,1.6464522172456624,2.2517824824597032
0,0,0,0,1.6137012404433893,1,2,0,2,2,2,2,2,2,2,1,0,0.8836873941694119,1.9489104088311584
0,1,0,0,-1.2774445836787656,1,0,0,0,0,0,0,0,0,0,0,3,-0.6534748309842519,-0.9858824840813615
1,1,1,0,0.5549717837226001,1,2,1,2,2,2,0,2,0,0,1,2,1.1944434332004772,0.9977200362992672
0,0,1,1,1.4915401492832983,1,0,2,1,1,1,1,1,1,2,0,1,-1.4943441130683104,-0.3718220388083963
0,0,0,0,0.5549717837226001,1,0,1,2,2,2,0,2,0,1,1,1,1.0266019361836989,1.0519855352887955
1,0,1,0,-0.9924020376385531,1,2,1,0,0,0,0,0,2,0,1,0,0.6942425361504742,-0.71484175803082
0,0,0,0,-0.9924020376385531,1,0,0,2,0,0,0,2,0,0,1,2,-0.1582593249347472,-0.7905928651568523
1,0,0,0,-1.2774445836787656,1,0,2,1,1,1,1,1,1,0,0,0,-1.4860351280674797,-0.9969341161926433
0,1,0,0,1.4100994218432374,1,0,1,2,2,0,2,2,0,2,1,0,0.9202469281730669,1.7034582920602321
0,0,0,0,1.4915401492832983,1,2,2,1,1,1,1,1,1,2,0,1,-1.3348116010523623,-0.265452837130549
0,0,0,0,-0.748079855318371,1,0,0,0,2,0,0,0,0,0,0,2,-0.4756625519664766,-0.6680763686577307
0,0,0,0,1.4508197855632678,1,2,0,2,0,0,0,0,0,0,0,3,-0.3427187919531868,0.6211924744081067
1,0,0,0,0.43281069256250915,0,1,0,0,0,2,2,0,2,1,0,2,-0.6850489739874083,-0.15372326299154093
0,0,0,0,-1.2367242199587352,1,0,2,1,1,1,1,1,1,0,0,2,-1.491020519067978,-0.9804559341824085
0,0,0,0,-1.0738427650786138,0,1,0,0,0,0,0,2,2,0,0,1,-0.6567984249845842,-0.8739984959208383
0,0,1,1,-0.7888002190384014,1,0,2,1,1,1,1,1,1,2,0,3,-1.4594463760648215,-0.8856236658263187
1,0,0,0,0.880734693482843,1,0,2,1,1,1,1,1,1,2,0,1,-1.4993295040688086,-0.5607586237048631
0,0,0,0,-1.1960038562387048,1,0,0,0,0,0,0,0,0,0,0,3,-0.6651074099854147,-0.9404627026100449
0,1,0,0,-0.2594354906780068,1,0,1,0,0,0,0,0,2,0,1,2,0.466576347127715,-0.12072278067921002
0,0,0,0,0.22920887396235737,1,2,0,2,2,2,0,2,2,1,0,0,0.642726829145324,0.40055689680922046
0,0,1,1,-0.38159658183809786,1,0,2,1,1,1,1,1,1,2,0,0,-1.4744025490663168,-0.7945635114243788
0,0,1,1,-0.748079855318371,1,0,2,1,1,1,1,1,1,2,1,3,-1.4976677070686424,-0.8894619572182608
1,0,0,1,0.18848851024232702,1,0,0,2,2,0,2,0,0,2,0,1,-0.11006721192992953,0.009977658960202189
0,1,0,0,-0.0965540357978854,0,1,0,0,0,2,0,2,0,0,1,2,-0.8130073430001998,-0.48829432932250544
0,0,0,0,-1.0331224013585834,1,0,1,0,0,0,0,2,0,0,1,2,0.4964886931307054,-0.7472245842570913
0,0,0,0,-1.2367242199587352,1,2,1,0,0,2,0,2,0,0,1,2,0.8853491911695783,-0.920366820667175
1,1,0,0,0.025607055362205634,1,2,2,1,1,1,1,1,1,1,1,0,-1.3248408190513656,-0.6317449553098637
1,1,1,1,0.7178532386027215,1,2,0,2,2,2,0,0,2,2,1,0,0.34526516611558833,0.680619813545419
0,0,1,1,-0.38159658183809786,1,2,2,1,1,1,1,1,1,2,0,3,-1.3181936310507012,-0.7360185381242943
1,0,0,0,1.6137012404433893,1,2,1,0,2,2,0,2,2,2,1,2,1.2924894562102784,2.3625635133236913
1,0,1,0,1.369379058123207,1,2,1,2,0,2,0,2,2,2,1,1,1.3722557122182522,2.0742725351553406
1,0,0,0,-1.2774445836787656,0,1,0,2,0,0,0,0,0,0,0,3,-1.1653083070354178,-0.9926767010280179
1,0,1,1,-0.8295205827584317,1,0,2,1,1,1,1,1,1,0,1,2,-1.5142856770703037,-0.9003371161620971
0,0,0,0,1.1657772395230555,0,1,0,2,2,2,2,0,0,1,0,1,-0.7000051469889033,0.18389196547786069
0,0,1,1,0.5549717837226001,1,0,2,1,1,1,1,1,1,2,0,1,-1.5076384890696393,-0.5830604202408033
0,0,1,1,-0.46303730927815856,1,0,0,0,2,0,0,2,0,1,1,1,-0.196480655938568,-0.46954405528140836
1,0,1,1,-0.015113308357824713,0,1,0,0,0,2,2,0,0,1,1,3,-0.9476129000136557,-0.4979562352401532
0,0,1,1,-0.5037576729981889,1,0,2,1,1,1,1,1,1,0,0,3,-1.4860351280674797,-0.8266375096076202
0,0,0,0,-0.46303730927815856,0,1,0,2,0,0,2,0,0,2,0,3,-0.9858342310174765,-0.6658925132105911
0,0,0,0,-0.7073594915983407,1,0,2,1,1,1,1,1,1,0,0,0,-1.5076384890696393,-0.8781456153558105
0,0,0,0,-1.1960038562387048,1,0,2,1,1,1,1,1,1,0,0,2,-1.4960059100684764,-0.9798162189504183
1,1,0,0,-0.9109613101984924,1,0,1,0,2,0,0,0,0,0,1,2,0.2688225041079463,-0.7019592168072897
0,0,0,0,1.369379058123207,1,2,1,0,2,0,0,2,0,1,1,0,0.8022593411612722,1.6413617962653047
0,0,0,0,-0.7073594915983407,1,0,2,1,1,1,1,1,1,0,0,0,-1.4960059100684764,-0.8746161520068981
0,0,1,0,-0.62591876415828,1,0,2,1,1,1,1,1,1,1,0,3,-1.462769970065154,-0.8212550780005288
1,1,1,0,0.758573602322752,1,2,1,0,2,2,0,0,0,0,1,2,0.6460504231456565,0.8233866060089257
1,0,0,0,-1.2367242199587352,1,0,1,0,0,0,0,2,0,0,1,2,0.5147684601325326,-0.9420068428251941
0,0,1,0,-1.2774445836787656,0,1,0,0,2,0,0,0,0,0,1,2,-1.1603229160349193,-0.9926105235902257
0,0,0,0,-1.2774445836787656,1,0,2,1,1,1,1,1,1,0,0,3,-1.491020519067978,-0.9970002936304354
0,0,1,1,0.6364125111626608,0,1,0,2,0,2,0,0,2,1,0,1,-0.6567984249845842,-0.036809789558817654
1,0,0,0,-0.21871512695797646,1,2,1,0,0,0,2,0,0,0,1,2,0.4898415051300408,-0.04375842052698894
1,0,0,0,-0.5037576729981889,1,2,0,2,0,0,2,0,0,0,0,0,-0.18484807693740507,-0.480242741057799
1,0,0,0,-1.2774445836787656,0,1,0,0,2,0,0,0,0,0,1,3,-1.1104690060299358,-0.9919487492123046
1,0,0,1,-1.1145631287986442,1,0,2,1,1,1,1,1,1,0,0,3,-1.481049737066981,-0.9688307642769284
0,0,0,0,-0.8702409464784621,1,0,0,0,2,0,0,0,0,0,0,2,-0.45405919096431707,-0.7714455264890026
0,0,0,0,-1.2367242199587352,1,0,2,1,1,1,1,1,1,0,1,3,-1.4694171580658184,-0.990956087645423
1,0,1,1,-0.62591876415828,1,2,2,1,1,1,1,1,1,2,1,3,-1.3165318340505352,-0.8237477614906982
0,0,0,1,-1.0331224013585834,0,1,0,2,0,0,0,0,0,0,0,3,-1.1619847130350858,-0.9166829432967478
0,0,1,0,-0.055833672077855064,1,0,0,0,0,0,2,0,0,0,1,3,-0.5172074769706297,-0.3446451710217709
0,1,0,0,1.369379058123207,1,2,1,0,2,0,0,0,0,0,1,1,0.5214156481331973,1.2991141471504555
0,0,0,0,-1.2774445836787656,1,2,1,0,0,0,0,2,2,0,1,2,0.9917041991802098,-0.964043929609966
1,0,0,0,-1.1145631287986442,1,2,1,0,2,2,0,0,0,0,1,2,0.682609957149311,-0.8186520987807058
1,0,1,0,0.3920903288424788,1,2,1,2,0,0,0,2,2,1,0,2,1.074794049188516,0.766341654632129
0,0,1,0,1.4508197855632678,1,0,0,2,2,0,2,2,2,2,1,0,0.4931650991303729,1.4276969087805202
0,0,1,1,-0.8295205827584317,1,0,2,1,1,1,1,1,1,0,1,1,-1.4843733310673135,-0.9032489234249499
1,1,1,0,-1.2774445836787656,1,2,1,0,0,0,0,0,0,0,1,2,0.32033821111309646,-0.9729558245659697
1,0,0,0,1.125056875803025,1,0,0,2,2,2,0,0,0,2,0,2,-0.11172900893009581,0.5993539199367112
1,1,1,1,0.22920887396235737,1,2,1,0,2,0,0,2,2,0,0,2,1.2093996062019723,0.6450604703051267
0,0,0,0,-0.8295205827584317,1,0,1,0,0,2,0,2,2,0,1,2,1.0382345151848615,-0.5371994558508729
0,0,1,1,-0.7073594915983407,1,0,0,0,2,2,2,2,2,0,0,0,0.39013368512007346,-0.49594885296045926
0,1,1,0,1.5729808767233588,1,0,1,0,2,2,0,2,2,2,1,2,1.1445895231954935,2.1768034454412457
1,1,1,0,1.6137012404433893,0,1,0,2,2,2,2,2,2,2,1,0,-0.055227910924447524,1.0614047906012054
1,0,0,0,-0.8702409464784621,1,0,1,0,0,2,0,0,0,0,0,2,0.2704843011081128,-0.644693673971186
0,0,1,0,1.5322605130033284,1,2,0,2,0,0,0,0,2,1,0,0,0.014567563082529699,0.9985803429905645
0,0,0,0,-1.2774445836787656,1,0,0,0,0,0,0,2,0,0,1,1,-0.3244390249513595,-0.9815147731870822
1,0,1,1,-0.30015585439803716,1,2,2,1,1,1,1,1,1,2,0,1,-1.304899255049372,-0.7275698852328354
0,1,0,0,1.6137012404433893,1,2,1,2,2,0,2,2,2,2,1,0,1.506861269231708,2.4119318819166033
1,0,0,0,-0.9924020376385531,1,2,0,0,0,0,0,2,0,0,1,2,-0.18318627993723904,-0.813159371443961
1,0,1,1,-0.13727439951791576,0,1,0,2,2,2,2,0,2,1,1,1,-0.31280644595019663,-0.2835854550855864
1,0,0,0,-1.1145631287986442,1,0,0,2,0,0,2,0,0,0,1,3,-0.2995120699488677,-0.8880060535868345
1,0,1,1,-0.015113308357824713,0,1,0,0,0,2,0,2,2,0,0,1,-0.47067716096597834,-0.27630593692845457
1,0,0,0,-1.2774445836787656,1,0,0,0,0,2,2,2,2,0,1,2,0.356897745116751,-0.9724705233554942
1,0,1,0,1.5322605130033284,1,2,1,2,2,0,2,0,0,2,1,1,0.7723469951582818,1.6353396494262225
1,0,0,0,-1.2774445836787656,1,0,2,1,1,1,1,1,1,0,1,3,-1.4843733310673135,-0.9969120570467127
0,1,1,0,-0.21871512695797646,1,0,1,2,0,0,0,0,0,0,1,0,0.3469269631157543,-0.15458356968283835
1,0,0,0,-0.748079855318371,1,2,2,1,1,1,1,1,1,1,1,1,-1.328164413051698,-0.8638512887927152
1,0,1,0,-0.0965540357978854,1,2,1,0,0,0,0,2,2,0,1,1,0.9734244321783826,0.25884894335038755
1,0,1,1,1.2879383306831464,0,1,0,2,0,2,2,2,2,2,1,0,-0.15659752793458118,0.6907670206735422
1,0,1,0,0.3920903288424788,0,1,0,0,0,0,0,0,0,0,1,1,-1.3181936310507012,-0.5217359945534504
0,1,0,0,-1.2774445836787656,1,0,1,0,0,0,0,0,0,0,1,2,0.16911468409797886,-0.9749632068456637
1,0,1,1,0.3106496014024181,1,0,2,1,1,1,1,1,1,0,1,0,-1.4744025490663168,-0.6769662044678039
0,1,1,0,1.369379058123207,1,2,1,0,2,0,0,2,2,0,1,2,1.1977670272008092,1.9460647790060979
0,0,0,0,-1.2774445836787656,1,0,0,0,0,0,2,0,0,0,1,2,-0.46402997296531395,-0.9833677414452612
1,0,0,0,-0.21871512695797646,1,0,0,2,0,2,2,2,2,1,0,2,0.5629605731373504,-0.029640567131339352
0,1,1,0,-0.13727439951791576,0,1,0,2,0,2,0,0,2,0,1,2,-0.6567984249845842,-0.46372044075570285
0,0,1,0,1.3286586944031769,1,2,1,2,2,0,2,2,0,2,1,1,1.1396041321949948,1.8251586001599174
0,1,1,0,-0.3408762181180675,1,2,1,0,0,0,0,2,2,0,1,2,0.9568064621767214,-0.006919646822715793
1,0,1,0,1.6137012404433893,1,2,1,2,2,2,0,0,2,2,1,2,1.1429277261953275,2.268723906534483
1,0,1,0,1.5322605130033284,0,1,0,2,0,2,2,0,0,2,1,1,-0.8512286740040206,0.1822154703871272
0,0,1,0,-0.5444780367182193,1,0,1,0,0,2,0,2,2,0,1,2,1.0648232671875193,-0.23677594742063576
1,0,0,0,-1.0331224013585834,1,2,1,0,0,2,0,2,0,0,1,2,0.8537750481664219,-0.7439598306593472
0,0,0,1,-0.9109613101984924,1,0,1,0,0,2,2,2,0,0,1,2,0.8753784091685812,-0.5803250861453962
0,0,1,0,1.6137012404433893,1,2,2,1,1,1,1,1,1,2,1,1,-1.3497677740538576,-0.22204043793892647
1,1,1,0,-1.2367242199587352,1,0,1,0,0,2,0,0,0,0,1,2,0.31369102311243185,-0.9439701068130267
0,0,1,0,1.6137012404433893,1,2,0,2,2,2,2,2,2,2,1,0,0.8703930181680831,1.8480559936359868
0,1,1,0,0.26992923768238775,1,2,1,0,0,0,2,2,2,0,1,2,1.2127232002023045,0.7365176893338192
0,1,0,0,0.22920887396235737,1,0,2,1,1,1,1,1,1,2,0,3,-1.481049737066981,-0.6811133239027758
0,1,0,0,-0.5037576729981889,1,0,1,0,0,0,0,0,2,0,1,2,0.5546515881365197,-0.26829846695560966
1,0,1,1,1.4915401492832983,1,0,1,0,0,0,2,2,2,2,1,1,1.0116457631822036,1.9376602444065
0,0,1,1,-0.0965540357978854,1,0,1,0,0,2,0,0,2,1,0,2,0.720831288153132,0.11396447287753382
1,0,1,0,1.002895784642934,0,1,0,0,2,2,2,2,2,2,1,0,-0.24134917494305336,0.4351015193367004
1,0,0,0,-0.62591876415828,0,1,0,0,0,0,0,0,0,0,1,3,-1.2999138640488739,-0.8115711129369504
0,0,1,1,0.8400143297628127,1,0,2,1,1,1,1,1,1,2,0,3,-1.4577845790646555,-0.5001621498332234
0,1,0,0,-1.1145631287986442,1,0,1,0,2,0,0,2,0,0,1,2,0.6626683931473177,-0.8326155381548406
0,0,1,1,0.43281069256250915,1,2,2,1,1,1,1,1,1,1,1,0,-1.3397969920528607,-0.5676190180893116
1,0,1,0,1.3286586944031769,1,2,0,0,2,2,2,2,2,2,1,0,0.6460504231456565,1.3432986164496525
0,0,1,1,0.18848851024232702,1,0,2,1,1,1,1,1,1,0,0,2,-1.5093002860698053,-0.7041210131084986
1,0,0,0,-0.8702409464784621,1,0,2,1,1,1,1,1,1,0,1,1,-1.4727407520661506,-0.9010871271237411
1,0,1,0,0.5142514200025698,1,2,0,0,2,2,0,2,2,1,0,1,0.464914550127549,0.5827654421968229
1,0,0,0,0.18848851024232702,1,0,1,0,2,0,0,2,2,0,1,1,1.0415581091851935,0.6031260338908614
1,0,0,0,-0.5851984004382496,1,2,0,2,0,0,0,0,0,0,0,3,-0.28289409994720643,-0.577898580093019
1,0,0,0,0.5142514200025698,0,1,0,2,0,2,2,0,0,1,0,0,-0.7465354629935549,-0.1936723762720431
1,0,0,0,-1.1960038562387048,0,1,0,2,2,0,0,0,0,0,1,3,-0.9742016520163136,-0.9586394388569438
1,0,1,1,-1.0331224013585834,1,0,2,1,1,1,1,1,1,0,1,0,-1.479387940066815,-0.9287051778289807
1,1,1,0,-0.0965540357978854,1,0,1,0,2,2,0,0,0,0,1,3,0.4948268961305394,0.03768394624916459
0,0,0,0,-1.1145631287986442,1,0,0,2,0,0,2,0,0,0,0,2,-0.3510277769540174,-0.8697851990480742
0,1,1,0,-0.1779947632379461,1,2,1,0,0,0,2,2,2,0,1,1,1.2143849972024705,0.23491477001557537
0,1,0,0,-1.1552834925186746,1,2,1,0,0,0,0,0,0,0,1,2,0.32200000811326246,-0.8758735233249481
1,0,1,0,-0.21871512695797646,1,0,0,0,2,0,2,0,0,0,1,2,-0.3643221529553466,-0.3926017542751181
0,1,0,0,0.7178532386027215,1,2,1,0,2,0,2,2,2,1,1,2,1.397182667220744,1.3536443558911517
1,0,0,0,0.758573602322752,1,2,1,0,0,2,0,0,0,0,0,1,0.5064594751317021,0.8658725210714587
0,0,1,1,-0.0965540357978854,1,0,2,1,1,1,1,1,1,2,0,3,-1.5109620830699715,-0.7397906520784444
0,0,1,1,-0.748079855318371,1,2,0,0,2,0,2,2,2,0,0,1,0.5214156481331973,-0.5041327961007499
1,1,1,0,1.5322605130033284,1,2,1,0,2,2,0,2,2,0,1,2,1.2692242982079527,2.1272806628268186
1,0,1,0,1.5729808767233588,1,2,1,0,2,2,2,2,2,1,1,0,1.608230886241842,2.5030582137563355
0,0,0,0,-0.13727439951791576,0,1,0,0,2,0,0,0,0,0,1,2,-1.1353959610324276,-0.6279728413557136
1,0,1,0,1.0436161483629645,1,2,1,0,0,2,0,2,2,1,0,1,1.182810854199314,1.5006244452274227
1,0,0,0,-1.2774445836787656,1,0,2,1,1,1,1,1,1,0,1,3,-1.5259182560714666,-0.9974635356949803
0,0,0,0,0.14776814652229667,0,1,0,2,0,0,0,0,0,2,0,0,-1.1204397880309327,-0.5088534533299203
0,0,1,0,1.6137012404433893,1,2,2,1,1,1,1,1,1,2,0,0,-1.2999138640488739,-0.1732676662861433
1,1,1,0,-0.62591876415828,1,0,1,0,0,0,0,0,2,0,0,0,0.5563133851366857,-0.41935949828906016
0,1,1,0,-0.8295205827584317,1,2,1,0,2,2,0,2,0,0,1,2,1.1080299891918384,-0.5380377033962396
1,0,0,0,1.369379058123207,0,1,0,0,0,0,2,0,0,1,0,1,-1.1736172920362484,-0.13084792866140238
1,0,0,0,-1.1145631287986442,1,0,0,2,0,2,0,0,0,0,1,3,-0.29785027294870164,-0.8847412999890906
1,0,0,0,-1.2774445836787656,1,0,0,0,0,0,0,0,0,0,1,2,-0.6651074099854147,-0.9860368981028763
1,0,1,0,-0.748079855318371,1,0,0,0,0,0,0,0,0,1,0,2,-0.6700928009859131,-0.7228712871495957
0,0,1,0,-1.2367242199587352,1,0,1,0,2,0,0,0,0,0,1,0,0.2920876621102721,-0.9416318373443722
1,0,0,0,-1.2774445836787656,1,2,1,0,0,0,0,0,0,0,1,2,0.3502505571160864,-0.972558759939217
0,0,0,0,-1.2774445836787656,0,1,0,0,0,0,2,0,0,0,0,3,-1.1370577580325938,-0.9923016955471957
0,0,0,0,-1.0331224013585834,1,0,2,1,1,1,1,1,1,0,0,3,-1.4760643460664828,-0.9393376861675792
1,0,0,0,-0.2594354906780068,1,0,2,1,1,1,1,1,1,0,1,2,-1.477726143066649,-0.7802250665694221
0,0,0,0,-1.2367242199587352,1,0,1,2,2,0,2,0,0,0,1,2,0.7141841001524675,-0.9256389565446128
1,0,1,0,-0.62591876415828,0,1,0,2,0,2,0,0,0,0,0,3,-1.0090993890198023,-0.7442686587023771
1,0,0,0,-0.3408762181180675,1,0,0,0,0,2,0,0,0,0,1,3,-0.5005895069689685,-0.49056642135336787
0,0,0,0,-0.8295205827584317,1,0,0,0,0,0,0,0,0,0,0,0,-0.6966815529885713,-0.7671219338865848
1,0,0,0,-0.21871512695797646,1,0,2,1,1,1,1,1,1,2,0,1,-1.4926823160681442,-0.7984238619622517
0,0,1,1,1.5322605130033284,1,0,2,1,1,1,1,1,1,2,1,3,-1.5142856770703037,-0.3875060915651258
0,1,1,0,0.43281069256250915,1,2,1,2,0,2,2,2,2,1,1,3,1.4885815022298807,1.1252439589246583
0,0,0,0,0.22920887396235737,1,0,1,0,0,0,0,2,2,1,1,3,0.8089065291619363,0.468653480297299
0,0,0,0,-1.2367242199587352,1,0,1,0,0,0,0,0,2,0,0,2,0.531386430134194,-0.9354332173378449
1,0,1,0,1.247217966963116,1,2,1,0,2,2,0,2,2,0,1,2,1.2509445312061254,1.837224952984012
0,1,1,0,1.6137012404433893,1,2,1,2,2,2,2,0,0,2,1,0,1.0581760791868549,2.006396543126569
0,0,0,0,-0.8295205827584317,0,1,0,2,0,2,2,0,2,2,0,3,-0.49560411596847015,-0.7622027443440382
0,0,1,0,0.10704778280226633,1,0,0,0,2,0,2,0,0,0,0,2,-0.2629525359452129,-0.18469430387824723
0,0,1,0,-0.6666391278783103,1,2,1,2,2,2,0,0,0,0,0,2,0.8620840331672525,-0.3991974389083981
0,0,1,1,-0.015113308357824713,1,2,1,0,2,0,0,2,2,0,1,2,1.1329569441943304,0.3572989116391128
1,0,1,1,1.6137012404433893,1,2,1,0,0,2,0,0,2,2,1,1,0.8654076271675846,1.8671150957201137
1,0,0,0,0.025607055362205634,0,1,0,0,2,0,0,2,0,1,1,2,-0.8528904710041867,-0.428271393245064
1,0,1,1,0.7178532386027215,1,0,1,0,2,2,2,2,2,1,1,0,1.284180471209448,1.3044304013197545
1,0,0,0,-0.0965540357978854,1,2,0,2,0,0,0,0,2,0,1,3,-0.00869759491979612,-0.1726279510541529
0,0,1,0,-1.1960038562387048,1,0,2,1,1,1,1,1,1,0,0,3,-1.4594463760648215,-0.9740146635706435
1,0,0,0,1.6137012404433893,1,0,2,1,1,1,1,1,1,2,1,3,-1.461108173064988,-0.33465237791516267
0,0,0,0,-1.2774445836787656,1,0,1,0,0,0,0,0,0,0,1,2,0.1774236690988095,-0.9748529111160101
1,1,0,0,1.5729808767233588,1,2,2,1,1,1,1,1,1,2,1,3,-1.3331498040521963,-0.22631991224948278
1,0,1,0,-1.2774445836787656,1,0,0,0,0,0,0,0,0,0,0,1,-0.6667692069855808,-0.9860589572488071
1,0,0,0,-1.2774445836787656,1,0,0,0,0,0,0,0,0,0,1,2,-0.6634456129852487,-0.9860148389569455
0,1,1,0,-0.748079855318371,1,2,1,0,2,0,0,2,2,0,1,2,1.1778254631988159,-0.4014474717933298
0,0,0,0,-0.7073594915983407,1,0,1,0,2,0,0,0,2,0,1,0,0.7025515211513048,-0.4456760593843883
1,1,0,0,-1.1552834925186746,0,1,0,0,2,0,0,2,2,0,1,1,-0.4590445819648154,-0.9143005555362319
0,0,0,0,-1.2367242199587352,1,0,1,0,0,0,0,2,0,0,1,3,0.4948268961305394,-0.9384112020384897
0,1,0,0,-1.1145631287986442,1,2,1,0,0,0,0,2,0,0,1,1,0.611152686142168,-0.8089901928630582
1,0,0,0,0.9621754209229036,1,0,0,0,2,0,2,2,2,1,1,0,0.3652067301175816,0.8845345585288327
1,0,1,1,1.5322605130033284,1,2,2,1,1,1,1,1,1,2,0,3,-1.3098846460498705,-0.2490849508499677
1,0,0,0,-1.0331224013585834,1,2,1,0,0,0,0,0,0,0,0,2,0.2937494591104381,-0.7763647160315492
1,0,0,0,0.9214550572028734,1,2,1,0,0,0,0,2,2,0,1,2,1.0648232671875193,1.3254086490998527
1,0,1,1,0.10704778280226633,1,2,2,1,1,1,1,1,1,2,0,0,-1.3065610520495383,-0.6487525568224354
1,0,0,0,-0.6666391278783103,1,0,2,1,1,1,1,1,1,0,0,3,-1.4876969250676457,-0.8841457030489616
1,0,0,1,-1.2367242199587352,1,0,2,1,1,1,1,1,1,0,0,3,-1.5126238800701375,-0.9844486395958658
1,0,0,0,-0.9516816739185228,1,0,2,1,1,1,1,1,1,1,1,3,-1.4827115340671475,-0.9335581899337352
1,0,0,0,-0.3408762181180675,1,2,1,0,0,0,0,2,2,0,1,2,0.9750862291785486,0.019021908791790207
0,0,1,0,-1.2774445836787656,1,0,1,0,0,0,0,0,0,0,1,3,0.14418772909548702,-0.9752940940346242
1,0,0,0,1.2064976032430856,1,0,2,1,1,1,1,1,1,2,0,0,-1.4926823160681442,-0.4526908677903516
1,0,0,0,-1.1145631287986442,1,0,0,0,0,2,0,2,2,0,1,2,0.17576187209864347,-0.8529540707029482
1,1,0,0,-0.9109613101984924,1,0,1,0,0,0,0,0,2,0,1,2,0.4815325201292102,-0.6556791286446759
1,0,1,0,1.5729808767233588,1,2,0,2,2,0,2,2,0,2,0,1,0.29042586511010604,1.3579679484935696
1,0,0,0,0.14776814652229667,1,0,2,1,1,1,1,1,1,2,1,1,-1.5358890380724635,-0.7018048027857748
0,0,1,0,0.06632741908223598,1,2,1,0,0,0,0,2,2,0,1,2,1.0930738161903437,0.40933643688964005
1,0,1,0,-0.8295205827584317,1,2,2,1,1,1,1,1,1,1,0,3,-1.2749869090463821,-0.86682927349336
1,0,1,1,0.8400143297628127,1,0,2,1,1,1,1,1,1,1,0,1,-1.481049737066981,-0.5345302991932578
0,0,0,0,-1.0331224013585834,1,0,2,1,1,1,1,1,1,1,0,3,-1.491020519067978,-0.9293890113528323
0,1,1,0,1.6137012404433893,1,2,2,1,1,1,1,1,1,2,1,1,-1.2982520670487077,-0.15103204718799515
1,0,1,0,-0.5851984004382496,1,2,1,2,0,0,0,2,2,0,1,2,1.1512367111961581,-0.23682006571249714
1,0,1,0,-0.055833672077855064,1,0,0,2,2,2,2,0,2,1,1,1,0.356897745116751,0.06384609332297761
1,0,1,0,0.7178532386027215,1,2,0,0,0,2,2,2,0,1,1,2,0.16246749609731476,0.5128379495964961
1,0,1,1,-0.4223169455581282,1,0,2,1,1,1,1,1,1,1,0,3,-1.4893587220678117,-0.8145270384916645
1,1,1,0,1.6137012404433893,1,2,1,0,2,2,2,2,2,2,0,1,1.4935668932303794,2.4788813898162854
1,0,1,1,-1.2774445836787656,1,0,1,0,0,0,0,0,0,0,1,1,0.1724382780983114,-0.9749190885538024
0,0,0,0,-1.2774445836787656,1,0,2,1,1,1,1,1,1,0,1,3,-1.4827115340671475,-0.9968899979007819
1,0,1,0,-0.9516816739185228,0,1,0,0,0,0,2,2,0,0,0,3,-0.801374763999037,-0.8606527126327633
1,0,1,1,1.6137012404433893,1,2,1,2,0,2,0,2,2,2,1,0,1.3556377422165908,2.321732034205961
1,0,0,0,1.0436161483629645,1,2,1,0,0,2,2,2,2,1,1,2,1.325725396213601,1.7382014469010885
0,1,0,0,0.10704778280226633,1,2,1,2,2,2,0,2,2,1,1,2,1.4486983742258936,0.6381338984828862
0,0,1,1,1.5729808767233588,1,0,2,1,1,1,1,1,1,2,0,1,-1.491020519067978,-0.3893149415314434
1,0,1,0,1.6137012404433893,1,2,0,2,2,2,2,0,2,2,0,1,0.4915033021302069,1.557889988063526
0,0,1,0,-0.62591876415828,1,2,1,2,0,0,0,0,0,0,0,2,0.46989994112804756,-0.4106461356464327
0,0,1,0,1.6137012404433893,1,2,0,2,2,2,2,2,2,2,0,0,0.7740087921584478,1.87108574198764
1,0,1,0,0.7178532386027215,1,2,1,0,0,0,2,2,2,1,0,2,1.1512367111961581,1.2264954387465827
1,0,1,1,-0.2594354906780068,1,0,2,1,1,1,1,1,1,2,1,1,-1.51594747407047,-0.7782397434356589
1,0,1,0,-1.2774445836787656,0,1,0,0,0,2,0,2,2,0,1,2,-0.47898614596680894,-0.9835662737586377
0,0,0,0,0.47353105628253944,1,0,1,0,2,2,0,2,0,0,1,1,0.7773323861587803,0.7471281385264871
1,0,0,0,0.7992939660427822,1,0,1,0,0,2,0,0,2,0,1,1,0.6327560471443273,0.9051598599740396
1,1,1,0,0.10704778280226633,1,2,1,0,0,2,0,2,2,0,1,2,1.1977670272008092,0.5107864490249407
1,1,0,0,-1.2774445836787656,1,0,1,0,0,0,2,0,0,0,0,2,0.3303089931140931,-0.9728234696903856
1,0,0,0,-1.2367242199587352,1,0,0,2,2,0,0,0,0,0,1,3,-0.3626603559551803,-0.9580659010627455
0,1,0,0,0.10704778280226633,0,1,0,0,0,2,0,2,0,0,1,2,-0.8279635160016948,-0.37285881866713944
0,0,0,0,0.14776814652229667,1,0,0,2,2,2,2,2,2,1,0,0,0.7008897241511383,0.3193351214923739
0,1,1,1,1.6137012404433893,1,2,0,2,2,2,2,2,2,2,1,0,0.8438042661654253,1.9574031800144789
1,0,0,0,-0.3408762181180675,0,1,0,2,0,0,0,2,2,1,1,3,-0.47067716096597834,-0.4372053473469985
1,0,1,0,-0.46303730927815856,1,2,1,0,0,2,2,2,2,0,1,2,1.3739175092184182,-0.013140325975174054
0,0,0,0,0.5549717837226001,1,2,1,2,2,0,0,0,0,0,0,3,0.6477122201458225,0.6917155639485625
0,0,0,0,-0.62591876415828,1,2,2,1,1,1,1,1,1,0,0,3,-1.328164413051698,-0.7961076516395279
0,1,1,0,-0.7073594915983407,1,0,1,0,2,0,0,2,2,0,1,2,0.9933659961803764,-0.4388377241458705
0,0,1,0,-0.62591876415828,0,1,0,0,2,2,0,0,0,0,1,1,-0.9675544640156493,-0.7207536091402482
0,0,1,0,1.3286586944031769,1,0,0,2,0,2,2,0,0,2,0,1,-0.19481885893840195,0.6959068016753959
1,0,1,1,0.06632741908223598,1,0,1,0,0,0,0,0,2,1,1,0,0.47156173812821356,0.16211958844425717
1,0,0,0,0.7178532386027215,1,0,1,2,2,0,2,0,2,0,1,1,0.9551446651765553,1.0887360724093458
1,0,1,0,-1.2774445836787656,1,0,1,0,0,0,0,0,0,0,1,3,0.17077648109814536,-0.974941147699733
1,0,1,0,1.369379058123207,1,2,0,2,0,2,2,2,2,2,1,3,0.6394032351449919,1.5152496589794784
0,0,0,0,-1.2774445836787656,1,0,1,0,0,0,0,0,0,0,0,2,0.21896859410296257,-0.9743014324677426
1,0,0,1,1.6137012404433893,1,0,2,1,1,1,1,1,1,2,0,1,-1.491020519067978,-0.3309243822528739
0,0,1,1,1.0843365120829946,1,2,2,1,1,1,1,1,1,2,0,3,-1.3065610520495383,-0.32898317741097216
1,0,1,0,-0.46303730927815856,1,2,0,2,2,0,2,2,0,1,0,3,0.4233696251233959,-0.2888575909630243
1,0,1,1,-0.9516816739185228,1,2,1,0,0,2,0,2,0,1,1,2,0.8504514541660894,-0.6669954705071263
0,0,0,0,0.10704778280226633,0,1,0,0,0,0,0,0,0,0,0,2,-1.3497677740538576,-0.6473187123369397
0,0,0,0,-0.9109613101984924,1,0,0,0,2,0,0,0,0,0,0,2,-0.4507355969639848,-0.7859604445114048
1,0,1,1,0.9621754209229036,1,2,2,1,1,1,1,1,1,2,0,0,-1.3497677740538576,-0.38713108608430385
0,1,0,0,1.369379058123207,1,2,0,2,2,0,2,0,0,1,1,1,-0.030300955921955676,0.8358720826057033
1,0,1,0,-1.1145631287986442,1,2,1,0,2,0,2,0,0,0,1,2,0.6859335511496436,-0.8288213650547598
1,0,0,0,-0.9516816739185228,1,0,2,1,1,1,1,1,1,0,0,3,-1.479387940066815,-0.9270286827382471
1,0,1,0,0.5956921474426305,1,0,0,0,2,2,0,2,2,2,0,2,0.2937494591104381,0.548353174544927
0,0,0,0,-0.8295205827584317,1,0,0,0,2,0,2,0,0,0,1,2,-0.3477041829536853,-0.7170256134779596
0,1,1,0,1.2064976032430856,1,0,0,2,0,2,2,2,2,2,1,1,0.5047976781315361,1.1206115382792108
1,1,1,0,0.06632741908223598,1,2,1,0,0,0,0,0,0,0,1,2,0.358559542116917,0.06426521709566108
1,0,0,0,-0.6666391278783103,1,0,2,1,1,1,1,1,1,0,0,0,-1.479387940066815,-0.8613144870106845
1,0,0,1,-1.2774445836787656,1,0,2,1,1,1,1,1,1,0,1,3,-1.479387940066815,-0.9968458796089206
1,0,0,0,0.5549717837226001,1,0,0,0,0,0,0,0,0,0,1,1,-0.6501512369839195,-0.09467092933505031
0,0,0,0,-0.38159658183809786,1,0,2,1,1,1,1,1,1,1,1,1,-1.4993295040688086,-0.7948502803214779
0,0,0,0,-0.62591876415828,1,0,0,2,2,0,2,2,2,1,0,1,0.5014740841312035,-0.39370471157165327
0,0,0,0,-0.21871512695797646,1,0,0,0,2,2,2,2,2,1,0,3,0.44663478312572175,-0.08858260505817654
1,0,0,1,-0.5851984004382496,1,0,0,0,0,0,0,0,0,0,1,1,-0.6351950639824246,-0.6761279569224371
1,1,1,0,-0.5444780367182193,0,1,0,0,2,2,0,0,0,0,1,1,-1.0124229830201346,-0.7511511122327562
0,0,1,1,0.025607055362205634,1,2,0,0,0,2,2,2,2,1,1,2,0.47820892612887816,0.11103060646875035
0,0,1,1,1.6137012404433893,1,2,0,2,2,0,2,0,0,2,0,1,0.06608327008767942,1.0943832137676057
1,0,0,1,-1.1960038562387048,1,0,0,0,0,0,2,2,2,0,0,3,0.19736523310080326,-0.9062269081255947
1,1,1,0,1.5729808767233588,1,2,1,2,2,2,0,2,2,0,1,2,1.42044782522307,2.397306668164548
1,0,0,0,-1.0331224013585834,1,0,0,2,0,0,0,0,0,0,1,3,-0.4573827849646494,-0.8495790213755507
1,1,0,0,0.9214550572028734,1,2,1,2,2,2,2,2,2,0,1,2,1.7195712852529719,1.8100922034892477
0,0,1,0,-0.0965540357978854,1,0,0,0,2,2,2,2,2,2,0,0,0.53304822713436,0.039514855361412936
0,0,1,1,1.6137012404433893,1,2,1,0,2,2,0,2,2,1,1,1,1.2775332832087833,2.2426058777525313
1,0,1,0,1.247217966963116,1,2,0,2,0,2,2,0,2,2,0,3,0.36354493311741554,1.057500321771471
0,0,0,0,-1.1552834925186746,1,2,1,0,2,0,0,0,0,0,1,3,0.5164302571326987,-0.8627483314961801
1,1,0,0,-0.8702409464784621,1,0,1,0,0,0,0,0,2,0,1,1,0.47820892612887816,-0.6406127319740061
1,0,0,0,-0.5037576729981889,1,0,0,0,0,0,2,0,0,0,0,3,-0.4906187249679718,-0.5632513071950325
0,0,0,0,-0.7888002190384014,0,1,0,2,0,0,0,0,0,0,1,0,-1.127086976031597,-0.8319096454850581
0,0,1,1,-0.9109613101984924,1,0,0,0,2,2,0,0,0,0,1,3,-0.30615925794953225,-0.7625556906789295
1,1,1,0,0.43281069256250915,1,2,1,0,2,2,2,2,2,0,1,0,1.5284646302338678,1.0624415704599484
0,0,1,0,-0.5851984004382496,1,2,1,0,0,0,2,2,0,0,1,2,0.8005975441611056,-0.30220337425109933
1,1,0,0,-1.2774445836787656,1,0,0,0,0,0,0,0,0,0,1,3,-0.62854787598176,-0.9855515968924009
0,0,0,0,-0.6666391278783103,1,0,1,0,2,0,0,0,2,0,1,2,0.7141841001524675,-0.4145506044761671
0,0,0,1,-1.2774445836787656,0,1,0,0,0,0,0,0,0,0,0,3,-1.33148800705203,-0.994882615621088
1,0,0,0,-1.2774445836787656,1,2,1,0,0,0,0,0,2,0,1,2,0.7258166791536301,-0.9675733929588783
1,1,0,0,0.43281069256250915,1,0,1,0,0,0,0,2,2,0,1,3,0.8238627021634315,0.695752387653881
1,0,0,0,-1.2367242199587352,1,0,2,1,1,1,1,1,1,1,0,3,-1.4893587220678117,-0.9847354084929649
1,0,0,0,1.0436161483629645,1,2,2,1,1,1,1,1,1,2,1,1,-1.3397969920528607,-0.3380053680966295
1,1,0,0,0.880734693482843,0,1,0,0,2,2,0,2,2,1,1,2,-0.3094828519498643,0.30318782667109956
1,0,0,0,-0.62591876415828,1,0,0,0,0,0,0,0,0,1,0,3,-0.6700928009859131,-0.7051577929672416
1,1,1,0,1.369379058123207,1,2,1,0,0,0,2,2,2,0,1,1,1.1728400721983174,2.0259850647130326
0,0,0,0,-1.1145631287986442,1,2,1,0,0,0,0,2,0,0,1,2,0.6792863631489789,-0.7963061839529043
0,1,0,0,0.9621754209229036,1,2,0,2,0,2,2,0,2,2,0,0,0.28211688010927544,0.782863954934225
1,0,1,1,-0.9109613101984924,1,0,2,1,1,1,1,1,1,0,1,1,-1.4860351280674797,-0.9093813659936851
0,0,0,0,-0.9109613101984924,1,0,1,2,0,0,0,2,0,0,1,3,0.6626683931473177,-0.638693586278035
0,0,1,0,1.6137012404433893,1,2,1,2,2,2,2,2,2,2,0,1,1.5733331492383529,2.508661236822734
0,0,1,1,-1.0331224013585834,1,0,2,1,1,1,1,1,1,0,0,3,-1.4660935640654862,-0.9356538087971519
0,0,0,0,-1.1552834925186746,0,1,0,0,0,0,0,0,0,0,1,3,-1.3464441800535252,-0.9634042143779755
0,0,1,0,0.6771328748826912,1,2,0,2,2,2,0,0,2,1,0,2,0.23392476710445778,0.5260293188630562
0,0,1,1,1.369379058123207,1,2,1,2,2,2,0,2,2,2,0,0,1.478610720228884,2.118898187373152
1,0,1,0,0.7992939660427822,1,0,1,2,2,2,2,2,2,2,1,2,1.3805646972190828,1.4149908407244356
1,1,0,0,0.7992939660427822,1,2,1,0,2,2,2,2,2,0,1,2,1.5284646302338678,1.5671989476462826
1,0,0,0,-1.2774445836787656,1,0,1,0,0,0,0,0,0,0,0,3,0.15415851109648415,-0.9751617391590399
0,0,1,1,-0.62591876415828,1,2,2,1,1,1,1,1,1,0,0,3,-1.3514295710540236,-0.8249389553709561
1,0,1,0,1.4100994218432374,1,0,0,2,2,0,2,0,2,2,1,1,0.14751132309581955,1.05527234803247
0,0,0,0,-0.3408762181180675,1,0,0,0,0,2,0,0,0,0,1,1,-0.5138838829702976,-0.4616909993300783
0,0,1,0,1.125056875803025,0,1,0,0,2,2,2,2,2,2,0,1,-0.13167057293208934,0.5840007543689422
1,0,0,0,-0.9924020376385531,1,0,1,0,0,0,0,0,0,0,1,3,0.1774236690988095,-0.7625336315329988
0,0,0,0,-0.015113308357824713,1,2,0,0,2,0,0,0,0,0,1,2,-0.3510277769540174,-0.23829802848985426
1,0,1,0,-0.748079855318371,1,2,1,0,2,2,0,0,0,0,1,2,0.5945347161405068,-0.4829780751532062
0,1,1,0,-1.2774445836787656,1,2,1,0,2,0,0,2,0,0,1,2,0.85876043916692,-0.9658086612844221
1,1,0,0,-1.2367242199587352,1,0,0,0,0,0,0,0,0,0,1,2,-0.6850489739874083,-0.9649042363012633
1,1,1,0,0.43281069256250915,1,2,1,0,2,0,0,2,2,0,1,2,1.2044142152014738,0.9303072863350403
0,1,1,0,-0.30015585439803716,1,2,0,2,0,0,2,2,0,0,1,1,0.1574821050968162,-0.23254059140194083
1,0,1,1,0.43281069256250915,1,0,2,1,1,1,1,1,1,1,1,3,-1.5142856770703037,-0.663311593136699
0,0,1,1,0.5956921474426305,1,0,2,1,1,1,1,1,1,2,0,1,-1.479387940066815,-0.620450672593344
0,1,0,0,1.247217966963116,1,2,1,0,0,2,0,0,2,0,1,0,0.8255244991635975,1.4378441159086432
1,0,0,0,1.0436161483629645,1,0,2,1,1,1,1,1,1,2,1,0,-1.51594747407047,-0.5489349214860066
0,0,0,0,-0.9109613101984924,1,2,2,1,1,1,1,1,1,0,1,3,-1.3381351950526947,-0.8865942682472695
0,0,0,0,-0.30015585439803716,0,1,0,2,2,2,0,2,2,1,0,2,-0.12336158793125872,-0.32626990246149573
0,1,1,0,0.3920903288424788,1,2,1,0,0,0,0,2,2,0,1,2,1.0066603721817051,0.7344661887622639
0,0,1,0,0.6771328748826912,1,2,1,0,0,0,0,2,2,0,1,2,1.0249401391835322,1.1046186574794516
1,0,1,0,1.5322605130033284,1,0,1,2,2,2,2,2,2,1,1,0,1.4869197052297147,2.318379044024494
0,0,0,0,-1.2367242199587352,1,0,2,1,1,1,1,1,1,0,0,1,-1.4760643460664828,-0.990294313267502
1,0,1,0,1.6137012404433893,1,0,0,2,0,2,2,2,2,2,1,2,0.53304822713436,1.5215585747156593
1,0,1,0,1.6137012404433893,1,2,0,2,0,0,0,0,0,2,0,0,-0.31446824295036285,0.7517164408800732
0,0,0,1,-1.2774445836787656,1,0,0,2,2,0,2,0,0,0,1,2,-0.1582593249347472,-0.9793088585940121
1,1,1,0,1.4915401492832983,1,2,1,0,2,2,0,0,2,0,1,0,1.0166311541827018,1.80984955288401
0,0,0,0,-0.9516816739185228,1,0,1,0,0,0,0,2,2,0,1,0,0.8654076271675846,-0.6485319653631283
1,0,0,0,-0.9109613101984924,1,0,2,1,1,1,1,1,1,0,1,1,-1.4876969250676457,-0.9181609060741048
1,0,1,1,1.5322605130033284,1,2,1,2,2,0,0,2,0,0,1,1,1.0897502221900113,1.936491109672173
1,0,0,0,-1.0738427650786138,1,0,1,0,0,2,0,2,2,0,0,3,0.9883806051798778,-0.7519011231944002
0,0,1,1,1.3286586944031769,1,0,0,2,2,2,0,0,0,1,0,0,-0.11339080593026184,0.7034069112918347
1,0,0,1,0.880734693482843,1,0,1,2,2,0,2,2,2,1,1,2,1.3656085242175875,1.5648386190316974
0,0,0,0,0.5549717837226001,1,0,0,0,0,0,0,0,2,1,0,1,-0.3028356639492,0.18049485700453238
1,0,1,1,0.9214550572028734,1,2,1,0,0,2,0,2,0,0,1,1,0.8521132511662559,1.243878045739976
0,0,1,1,1.2879383306831464,1,2,2,1,1,1,1,1,1,2,1,3,-1.3530913680541898,-0.31790948615375947
1,0,0,0,1.247217966963116,1,2,0,2,0,2,2,0,2,2,1,0,0.2372483611047903,0.9703666953451962
1,0,1,0,1.125056875803025,1,2,2,1,1,1,1,1,1,1,0,0,-1.3497677740538576,-0.3414024765699576
0,0,0,0,0.880734693482843,1,2,1,0,0,2,2,0,2,2,1,0,1.0083221691818711,1.2287454716315145
1,0,0,0,-1.0738427650786138,1,0,0,0,0,0,0,0,0,0,0,2,-0.6651074099854147,-0.8862413219123783
0,0,1,1,1.5729808767233588,1,2,1,2,2,2,0,2,0,2,1,1,1.1379423351948288,2.1096995235200486
0,0,1,1,0.35136996512244845,1,0,1,0,0,2,0,2,2,0,1,0,1.001674981181207,0.6918920371160081
1,0,1,0,0.5956921474426305,1,2,1,0,2,2,0,0,0,0,1,0,0.6177998741428321,0.7876287304552568
1,0,0,0,-0.9109613101984924,1,0,2,1,1,1,1,1,1,1,0,3,-1.504314895069307,-0.906138671541872
0,1,1,0,0.7178532386027215,1,2,1,0,2,0,0,2,0,0,1,2,0.7740087921584478,0.921020385898215
1,0,0,1,-0.9516816739185228,1,0,0,0,0,0,0,2,0,0,0,2,-0.31280644595019663,-0.8073578160641862
1,0,1,0,0.7992939660427822,1,2,1,0,0,2,2,0,2,2,1,0,1.0465435001856922,1.1958332259029063
1,0,0,0,0.22920887396235737,1,0,2,1,1,1,1,1,1,1,0,3,-1.4843733310673135,-0.6836721848307374
1,0,0,0,-0.5037576729981889,1,0,1,0,0,0,0,2,0,0,0,2,0.466576347127715,-0.28166630938961534
1,0,0,0,-1.1960038562387048,1,0,1,0,0,0,0,2,2,0,1,2,0.9052907551715716,-0.8880722310246266
1,0,1,0,0.5956921474426305,1,2,1,0,2,2,0,2,2,0,1,2,1.3074456292117733,1.259760630810082
0,0,0,0,-0.46303730927815856,1,0,2,1,1,1,1,1,1,2,1,1,-1.4594463760648215,-0.8137549683840899
0,0,0,0,-0.9516816739185228,1,0,2,1,1,1,1,1,1,0,0,0,-1.504314895069307,-0.9394479818972327
1,0,1,0,1.6137012404433893,1,2,1,0,2,2,0,2,2,2,1,0,1.330710787214099,2.2899006866279574
0,0,1,1,-1.1960038562387048,1,0,1,0,0,0,0,0,0,0,1,2,0.15914390209698223,-0.9174550134043223
0,0,0,1,-0.5851984004382496,1,2,0,2,0,0,0,0,0,0,0,3,-0.23636378394255506,-0.5678175504026879
0,0,1,0,1.4508197855632678,1,2,2,1,1,1,1,1,1,2,1,1,-1.3231790220511994,-0.2933135384410262
1,0,1,0,1.1657772395230555,1,2,0,0,2,2,0,2,2,2,0,0,0.5363718211346925,1.1703549123529449
1,0,1,0,-0.38159658183809786,1,0,0,2,0,0,0,0,2,0,1,0,-0.15992112193491323,-0.38547665013950116
1,0,0,0,0.5956921474426305,1,2,1,2,2,0,0,2,0,1,0,0,0.9983513871808745,0.9953597076846823
1,1,0,0,-0.7073594915983407,1,2,1,0,0,0,0,0,0,0,1,1,0.31369102311243185,-0.5055225222943841
0,0,1,1,0.10704778280226633,1,0,2,1,1,1,1,1,1,1,0,3,-1.4993295040688086,-0.6930693809972166
0,0,1,0,-0.015113308357824713,1,0,2,1,1,1,1,1,1,1,0,3,-1.5109620830699715,-0.7440701263890007
1,0,0,0,1.5729808767233588,1,2,1,2,0,0,2,0,2,1,0,1,1.0930738161903437,1.9447853485421172
0,0,1,0,0.7992939660427822,1,2,1,0,2,2,0,2,2,0,1,2,1.3390197722149297,1.4758079060553824
1,0,0,0,1.6137012404433893,0,1,0,2,2,2,2,2,2,2,1,0,-0.035286346922454,0.964013661317154
1,0,0,0,-0.8295205827584317,1,2,2,1,1,1,1,1,1,0,0,2,-1.3215172250510334,-0.8662777948450925
1,1,1,0,0.47353105628253944,1,0,2,1,1,1,1,1,1,2,1,1,-1.5093002860698053,-0.6319876059151014
1,0,1,0,1.6137012404433893,1,2,1,2,2,2,0,2,2,2,1,2,1.4919050962302134,2.47085186069751
0,1,0,0,-0.5851984004382496,1,2,1,0,2,0,2,0,0,0,1,2,0.6875953481498096,-0.3414245357158884
0,0,0,0,-1.0331224013585834,1,2,1,0,0,0,0,0,0,0,1,2,0.3020584441112687,-0.7802250665694221
1,0,0,0,-0.9109613101984924,1,2,1,0,0,0,0,0,0,0,1,3,0.31202922611226586,-0.6476275403799695
1,0,1,1,0.3920903288424788,1,0,2,1,1,1,1,1,1,1,0,3,-1.479387940066815,-0.6286125565877039
1,0,1,0,1.6137012404433893,1,2,1,0,2,2,0,2,2,2,1,0,1.2958130502106107,2.2352381230116767
1,0,1,0,-0.13727439951791576,1,2,1,0,0,2,0,0,2,0,1,2,0.8122301231622688,0.18468609473136585
1,0,1,0,1.247217966963116,1,2,1,2,0,0,2,0,0,2,1,1,0.6610065961471517,1.3668136660117813
0,0,0,0,-1.2774445836787656,1,0,2,1,1,1,1,1,1,0,1,3,-1.491020519067978,-0.9970002936304354
0,0,1,0,-0.2594354906780068,1,2,0,2,2,2,2,2,2,1,1,1,0.8421424691652587,0.014477724730065616
0,0,0,0,1.3286586944031769,1,2,1,2,2,0,2,0,0,1,1,2,0.8338334841644282,1.5727799115667502
1,0,1,1,1.5729808767233588,1,2,0,2,0,0,0,2,0,1,1,2,0.04780350308585216,1.064493071031504
0,0,1,0,1.1657772395230555,1,2,1,0,2,0,0,2,2,2,1,0,1.2060760122016398,1.628633669063289
0,0,0,0,0.7992939660427822,1,2,1,0,2,0,0,0,0,1,1,3,0.5131066631323666,0.890247877324885
0,0,1,0,-1.2367242199587352,0,1,0,0,0,0,0,2,2,0,0,2,-0.6700928009859131,-0.9629409723134308
1,1,1,0,-0.13727439951791576,1,2,1,0,2,2,0,0,2,0,1,2,1.0349109211845293,0.20535551446843403
1,0,0,0,-0.62591876415828,1,0,2,1,1,1,1,1,1,1,1,3,-1.4843733310673135,-0.8824692079582281
0,0,1,1,1.0436161483629645,1,0,2,1,1,1,1,1,1,2,0,1,-1.502653098069141,-0.5294566956291963
0,0,0,0,-1.1552834925186746,1,0,1,0,0,2,0,0,2,0,1,1,0.6011819041411709,-0.8647777729218048
1,0,1,0,-0.38159658183809786,1,2,1,2,2,2,0,2,0,0,1,2,1.1462513201956595,-0.04117750045309679
0,0,0,0,-0.055833672077855064,1,2,1,0,0,0,2,0,0,0,1,1,0.5014740841312035,0.05489008007511253
0,0,0,0,1.1657772395230555,1,2,1,0,2,2,0,2,2,1,1,2,1.302460238211275,1.827938052547186
1,1,0,0,-1.0738427650786138,1,0,1,0,0,0,0,2,0,0,1,2,0.4964886931307054,-0.7862472134085039
0,0,0,0,1.1657772395230555,1,2,0,2,0,2,2,2,2,2,0,1,0.720831288153132,1.2774741249924364
1,0,1,1,1.0436161483629645,1,2,1,0,0,2,2,2,2,1,1,0,1.3390197722149297,1.6434574151287213
0,0,0,0,-0.9109613101984924,1,0,2,1,1,1,1,1,1,1,1,3,-1.4943441130683104,-0.9183153200956197
0,1,1,0,0.9214550572028734,1,2,1,0,2,2,2,0,0,0,0,2,0.8537750481664219,1.2198997541133028
1,0,1,1,1.6137012404433893,1,2,1,2,2,2,2,2,2,2,1,0,1.722894879253304,2.672560691087854
1,0,1,0,1.6137012404433893,1,2,1,2,2,2,2,0,2,2,0,0,1.3572995392167568,2.3390484637615625
1,0,1,0,0.3106496014024181,1,2,1,0,0,0,0,2,2,0,1,0,1.074794049188516,0.6296631864454963
0,0,1,0,-1.0738427650786138,1,0,0,0,0,0,0,0,0,0,0,3,-0.6351950639824246,-0.8630792186851406
0,0,1,1,1.5322605130033284,1,2,1,0,2,2,0,2,2,1,1,2,1.3872118852197473,2.25765021527727
1,0,0,0,-0.0965540357978854,1,0,1,0,0,0,0,2,2,0,1,2,0.8471278601657574,0.2098335210923667
0,0,0,0,-1.2774445836787656,1,0,1,0,0,0,0,2,2,0,0,2,0.8570986421667539,-0.9658307204303528
1,0,0,0,1.4100994218432374,1,2,1,2,2,2,2,2,2,2,0,1,1.7096005032519754,2.414402506260842
1,0,1,0,0.06632741908223598,1,0,2,1,1,1,1,1,1,1,0,1,-1.5009913010689746,-0.7063048685556381
0,1,0,0,-1.2367242199587352,1,2,1,0,0,0,0,2,2,0,1,2,0.966777244177718,-0.9304037320656446
1,1,1,0,-1.0331224013585834,1,0,1,0,0,0,0,0,0,0,1,3,0.1774236690988095,-0.7995047601128561
1,1,0,0,-0.9924020376385531,1,0,1,0,0,0,0,0,0,0,1,2,0.16412929309748078,-0.7583423938061653
1,0,1,0,0.10704778280226633,1,2,1,0,0,0,2,0,2,0,1,0,0.8338334841644282,0.3888876086118787
1,0,1,0,-0.9516816739185228,1,2,1,2,0,0,0,0,2,0,1,2,0.7740087921584478,-0.6522599610254171
1,0,0,1,-1.0738427650786138,1,0,2,1,1,1,1,1,1,0,1,3,-1.481049737066981,-0.9623894936651632
1,0,0,0,-1.1145631287986442,1,0,0,0,0,0,2,0,0,0,1,2,-0.5172074769706297,-0.9100872586634676
0,0,1,0,-1.1960038562387048,1,2,1,0,0,0,0,0,0,0,1,1,0.3319707901142591,-0.9045283538889306
1,0,0,0,0.10704778280226633,1,0,2,1,1,1,1,1,1,1,1,3,-1.51594747407047,-0.7243051316350914
0,0,1,0,-0.7073594915983407,1,2,0,0,0,0,0,0,0,0,1,2,-0.45405919096431707,-0.6920326011384735
1,1,1,0,-0.62591876415828,1,0,1,0,2,0,0,0,0,0,1,2,0.3884718881199074,-0.4616248218922861
0,0,1,1,0.025607055362205634,1,2,2,1,1,1,1,1,1,1,0,1,-1.3497677740538576,-0.6527011439440311
0,0,0,0,-1.1960038562387048,0,1,0,0,2,0,0,2,2,0,1,2,-0.47067716096597834,-0.9372420673041625
1,0,1,0,1.4508197855632678,1,0,0,2,2,2,0,0,2,2,0,0,0.20567421810163386,1.0860669157517306
0,0,1,1,1.125056875803025,1,2,1,2,2,2,2,2,2,2,0,1,1.6780263602488188,1.9759328625962689
0,0,1,1,-0.38159658183809786,1,2,1,2,0,0,0,0,0,1,0,1,0.5679459641378485,-0.20686374553860323
0,0,1,1,0.10704778280226633,1,2,2,1,1,1,1,1,1,2,0,0,-1.3447823830533592,-0.6433039477775518
0,0,1,1,1.247217966963116,1,0,2,1,1,1,1,1,1,2,0,1,-1.4876969250676457,-0.47227938937681546
0,0,0,0,-1.2367242199587352,1,0,0,0,0,0,0,0,0,0,0,2,-0.6750781919864114,-0.9692940063414732
1,0,1,1,-1.1960038562387048,1,0,1,2,2,0,0,2,0,0,0,2,0.8338334841644282,-0.8961899967271251
0,1,1,0,1.125056875803025,1,2,1,0,2,2,0,2,2,0,1,2,1.3672703212177542,1.8183423240673304
1,1,0,0,-1.2774445836787656,0,1,0,0,0,2,0,0,2,0,1,2,-0.8346107040023594,-0.988286930987808
1,1,1,0,0.9214550572028734,1,2,1,0,2,2,2,2,2,2,1,2,1.6231870592433366,1.7704519182517753
1,1,0,0,-1.1960038562387048,1,2,1,0,2,2,0,2,2,0,1,2,1.3373579752147637,-0.8758735233249481
1,0,0,0,-1.2774445836787656,1,0,1,0,0,0,2,0,0,0,1,2,0.37019212111808014,-0.9722940501880486
1,0,1,0,-0.748079855318371,0,1,0,0,0,0,0,2,2,0,0,2,-0.6119299059800988,-0.711201998952254
1,0,1,0,-0.015113308357824713,1,2,1,2,0,0,0,2,2,0,1,1,1.156222102196656,0.4080570064256593
1,0,0,0,0.10704778280226633,1,0,2,1,1,1,1,1,1,0,0,0,-1.462769970065154,-0.6793485922283197
0,0,1,0,1.0436161483629645,0,1,0,0,0,2,2,2,2,2,1,1,-0.3078210549496983,0.3914023512479789
0,0,1,0,0.10704778280226633,0,1,0,2,0,0,2,2,0,2,1,1,-0.6119299059800988,-0.2725117638283738
0,0,1,0,1.0843365120829946,1,0,1,2,0,2,0,0,0,1,1,1,0.5480044001358552,1.0410662580530976
0,0,1,0,-1.2367242199587352,1,0,1,0,0,0,0,0,0,0,1,1,0.1873944510998066,-0.9374847179094
1,1,0,0,-0.3408762181180675,1,2,1,0,2,2,0,2,2,0,1,1,1.2692242982079527,0.0957215591928427
0,0,1,0,0.8400143297628127,1,0,2,1,1,1,1,1,1,1,1,0,-1.4926823160681442,-0.5471922489574811
0,0,0,0,-0.5851984004382496,1,0,2,1,1,1,1,1,1,1,0,0,-1.4827115340671475,-0.8333434899705537
1,0,0,0,-1.2774445836787656,1,0,0,0,0,0,2,0,0,0,0,3,-0.5221928679711283,-0.9841398115528358
1,0,1,1,1.5322605130033284,1,2,0,2,2,2,2,0,2,1,0,0,0.4516201741262198,1.3968802819153288
0,1,0,0,0.7178532386027215,1,2,1,0,0,2,2,2,2,0,1,2,1.3356961782145975,1.2982317813132274
1,0,1,0,1.2879383306831464,1,2,0,0,2,2,2,2,0,2,1,0,0.37683930911874425,1.1201924145065276
1,0,1,0,1.6137012404433893,0,1,0,2,2,2,0,0,0,2,0,0,-0.7531826509942192,0.3010039712239601
1,1,1,0,1.6137012404433893,1,0,1,2,2,0,2,0,0,2,1,1,0.6659919871476498,1.703811238395123
1,1,1,0,-0.7073594915983407,1,2,1,0,0,0,0,0,2,0,1,0,0.6925807391503077,-0.4121461575697205
0,1,1,0,1.3286586944031769,1,2,1,2,0,2,0,2,2,0,0,0,1.3456669602155942,1.9882639251715315
1,0,1,0,-0.1779947632379461,1,0,1,0,0,0,2,0,0,0,0,0,0.39179548212023946,-0.0945606336053968
1,0,0,0,-1.1960038562387048,1,0,1,0,0,2,0,0,2,0,0,1,0.6959043331506402,-0.8925061193566978
0,1,0,0,0.43281069256250915,1,0,1,2,2,0,2,2,2,0,1,1,1.4420511862252297,1.0239704199568032
1,0,1,1,-0.21871512695797646,1,2,0,0,0,0,2,2,2,0,0,0,0.22727757910379318,-0.14234074369129845
1,1,1,0,1.6137012404433893,1,2,1,0,2,2,0,2,2,2,1,0,1.3091074262119398,2.386894751285256
0,0,0,0,-1.2774445836787656,0,1,0,2,0,0,0,0,0,0,0,3,-1.1586611190347533,-0.9925884644442949
0,0,0,0,0.7992939660427822,1,0,0,0,0,2,0,0,2,0,1,2,-0.17653909193657447,0.3370486156747279
1,0,0,0,-1.2367242199587352,1,2,1,0,0,0,0,2,0,0,1,2,0.6942425361504742,-0.9257051339824051
1,0,0,0,-1.1960038562387048,0,1,0,0,0,0,0,0,0,0,0,2,-1.3181936310507012,-0.9705734368054538
1,1,1,0,-0.13727439951791576,1,2,1,0,0,0,0,0,2,0,1,2,0.6493740171459885,0.03441919265142058
0,0,1,1,1.3286586944031769,1,2,2,1,1,1,1,1,1,2,0,1,-1.288281285047711,-0.275688280842395
0,0,1,0,0.9214550572028734,1,2,0,2,2,0,2,0,0,1,1,1,0.042818112085353605,0.5216395488228462
1,0,1,0,1.6137012404433893,1,2,0,2,2,2,0,0,0,2,0,1,-0.010359391919962149,1.0766035421474593
0,0,0,0,1.247217966963116,1,0,2,1,1,1,1,1,1,2,1,3,-1.4677553610656522,-0.4328155773067887
1,0,1,1,-1.1145631287986442,1,2,0,0,0,0,2,0,0,0,1,3,-0.3011738669490337,-0.8913369846223705
1,0,0,0,1.0843365120829946,1,0,2,1,1,1,1,1,1,2,0,3,-1.5093002860698053,-0.520655096402846
0,0,1,1,1.4915401492832983,0,1,0,2,0,2,0,0,2,2,1,1,-0.6916961619880726,0.30016572367859334
1,0,0,0,-0.21871512695797646,1,0,0,2,0,2,2,2,0,1,0,1,0.15249671409631763,-0.1554879946659971
1,0,0,0,-0.7073594915983407,0,1,0,0,0,2,0,2,2,1,0,2,-0.46569176996548,-0.702157749120666
1,0,0,1,-1.2774445836787656,1,0,2,1,1,1,1,1,1,0,1,3,-1.5109620830699715,-0.9972650033816037
0,0,0,0,0.3106496014024181,1,0,0,0,0,2,0,0,0,1,1,3,-0.4823097399671412,-0.11302413874939483
0,0,0,0,-1.1960038562387048,1,0,0,0,2,0,2,2,2,0,1,2,0.3502505571160864,-0.8980870832771656
1,0,0,0,-1.0331224013585834,1,0,0,0,0,0,0,0,0,0,0,3,-0.6933579589882389,-0.8829545091687035
1,0,1,0,-0.1779947632379461,1,2,1,0,2,2,0,2,0,0,0,1,1.0581760791868549,0.17850953387076915
0,0,0,0,0.5142514200025698,1,0,0,2,2,0,2,0,0,1,1,1,-0.07350767792627502,0.2279661390474041
0,0,0,0,-1.1145631287986442,0,1,0,0,0,2,0,0,2,0,0,2,-0.8395960950028577,-0.9128005336129441
1,0,0,0,-0.8295205827584317,1,0,0,2,0,0,2,0,0,0,0,3,-0.2695997239458775,-0.7168711994564446
0,0,1,0,-0.46303730927815856,1,2,1,0,0,0,0,2,2,0,1,2,0.9817334171792131,-0.14620109422917138
1,0,1,1,1.5322605130033284,1,2,2,1,1,1,1,1,1,2,0,3,-1.3082228490497045,-0.21956981359468783
0,0,1,0,1.5322605130033284,1,2,1,0,0,2,0,2,2,1,1,2,1.0930738161903437,2.074779895511747
1,0,0,0,1.2879383306831464,1,2,1,2,0,2,2,0,2,2,0,1,1.1462513201956595,1.8837256326059324
0,0,1,0,1.5322605130033284,1,0,0,2,2,2,2,2,2,2,0,1,0.720831288153132,1.6193467686264633
1,0,1,0,1.6137012404433893,1,2,1,2,2,2,2,2,2,2,1,2,1.6879971422498155,2.7113186104880973
0,0,0,0,-0.62591876415828,1,0,2,1,1,1,1,1,1,0,0,1,-1.4976677070686424,-0.8556232273605633
1,0,0,1,-1.2774445836787656,1,0,2,1,1,1,1,1,1,0,0,3,-1.462769970065154,-0.9966252881496135
1,0,1,1,0.18848851024232702,1,0,2,1,1,1,1,1,1,1,0,1,-1.4943441130683104,-0.7070769386632128
1,0,0,0,-0.9924020376385531,1,0,2,1,1,1,1,1,1,0,1,1,-1.4727407520661506,-0.9341758460197946
1,0,1,0,0.22920887396235737,1,2,1,2,0,0,0,2,0,0,0,0,0.895319973170575,0.5291175992933546
1,0,1,0,-0.3408762181180675,1,0,1,2,0,0,2,0,2,0,1,2,0.8138919201624348,-0.030677346990082528
0,0,0,0,-1.1145631287986442,1,2,1,0,0,2,0,2,2,0,1,2,1.1877962451998125,-0.7790118135432335
1,0,0,0,0.8400143297628127,1,0,2,1,1,1,1,1,1,2,0,0,-1.4960059100684764,-0.5415009893073599
0,0,1,0,-0.8295205827584317,0,1,0,0,2,0,0,0,0,0,0,3,-1.181926277037079,-0.8694101935672524
1,0,1,0,0.06632741908223598,1,0,2,1,1,1,1,1,1,2,0,1,-1.4860351280674797,-0.7062166319719153
1,0,0,1,1.5322605130033284,1,2,1,2,2,2,2,2,2,2,1,2,1.656422999246659,2.4718445222643917
1,0,0,0,-1.1960038562387048,1,0,2,1,1,1,1,1,1,0,0,3,-1.46443176706532,-0.9804118158905472
0,0,1,1,0.9214550572028734,1,2,0,2,0,2,2,2,2,2,1,0,0.6759627691486464,1.0492281420474576
0,1,1,0,0.6364125111626608,1,2,1,2,2,2,2,2,2,0,0,2,1.7511454282561285,1.3937699423390995
0,0,1,0,1.4508197855632678,1,2,1,0,0,0,0,2,0,1,1,2,0.6061672951416694,1.5026980049449086
0,0,1,0,0.9621754209229036,1,2,2,1,1,1,1,1,1,1,0,2,-1.3447823830533592,-0.44913934529550853
0,0,1,0,-1.0331224013585834,1,2,1,0,0,0,0,2,0,0,1,2,0.722493085153298,-0.7487907836181711
1,0,0,0,0.10704778280226633,1,0,1,0,2,2,0,2,2,1,1,0,1.249282734205959,0.5939935474755504
0,1,0,0,-1.2367242199587352,1,2,1,0,0,2,0,0,2,0,1,2,0.7906267621601091,-0.9266977955492867
0,0,0,0,-0.46303730927815856,1,0,1,0,2,2,0,0,2,0,1,2,0.8404806721650927,-0.18390017462474187
1,0,1,1,0.6771328748826912,0,1,0,2,0,0,0,0,2,0,1,2,-0.8495668770038544,-0.19481945186043959
1,0,1,1,1.125056875803025,1,0,2,1,1,1,1,1,1,2,0,1,-1.4993295040688086,-0.49323557801098283
1,1,0,0,-0.015113308357824713,1,2,1,0,0,2,0,0,0,0,1,1,0.5430190091353566,0.14978852586899458
1,0,1,0,0.880734693482843,1,2,1,0,2,2,0,2,2,0,1,2,1.3140928172124378,1.322849788171891
0,0,1,1,0.5956921474426305,0,1,0,2,2,2,0,2,2,2,1,1,-0.1582593249347472,0.21570125390993364
0,0,0,1,-0.30015585439803716,1,0,0,0,2,0,2,0,0,1,1,1,-0.3327480099521901,-0.44708784472395324
1,0,0,0,-1.1552834925186746,1,0,0,0,0,0,0,0,0,0,1,1,-0.6634456129852487,-0.9280434034510595
1,0,0,0,1.6137012404433893,1,0,2,1,1,1,1,1,1,2,0,0,-1.4926823160681442,-0.3730794101264464
0,0,0,0,-1.2774445836787656,1,0,1,0,0,0,0,0,0,0,1,3,0.2006888271011353,-0.9745440830729802
1,0,0,0,-0.5851984004382496,1,2,1,0,0,0,0,2,0,0,0,0,0.6493740171459885,-0.327284623174308
0,0,0,0,-1.2774445836787656,0,1,0,0,0,0,0,0,0,0,1,3,-1.3165318340505352,-0.9946840833077116
1,0,1,1,-1.0331224013585834,0,1,0,2,2,2,0,2,2,0,0,3,-0.196480655938568,-0.8003209485122921
1,0,1,1,1.125056875803025,1,0,2,1,1,1,1,1,1,2,1,0,-1.4561227820644893,-0.44523487646577425
1,0,0,0,-0.9516816739185228,1,2,1,0,0,0,0,2,0,0,1,2,0.684271754149477,-0.671098471650237
1,1,1,0,-0.13727439951791576,1,2,0,0,0,0,0,0,0,0,1,2,-0.43744122096265586,-0.3695940650693954
0,0,1,1,0.758573602322752,1,2,1,0,0,2,0,0,2,1,1,2,0.8438042661654253,1.0037421831383493
1,1,0,0,-1.1552834925186746,0,1,0,0,0,0,0,0,0,0,1,0,-1.3148700370503688,-0.960558584552915
0,0,0,0,0.18848851024232702,1,0,2,1,1,1,1,1,1,2,0,3,-1.4926823160681442,-0.6597821297877866
0,0,0,0,0.7178532386027215,1,0,2,1,1,1,1,1,1,1,0,0,-1.4960059100684764,-0.5694278680556292
1,0,1,1,0.9621754209229036,0,1,0,0,2,2,0,0,0,1,1,1,-0.952598291014154,-0.1359877096632561
1,0,1,1,-0.8702409464784621,1,0,2,1,1,1,1,1,1,0,0,0,-1.4561227820644893,-0.8878295804193889
1,0,1,1,0.10704778280226633,1,2,1,0,2,0,0,2,0,0,1,0,0.827186296163764,0.3890640817793244
1,0,1,0,0.7178532386027215,1,2,1,0,2,2,0,2,2,0,1,0,1.2991366442109427,1.2080319336025847
1,0,0,0,-1.2774445836787656,1,2,1,0,0,0,0,0,0,0,1,2,0.31867641411292996,-0.9729778837119004
1,0,1,0,0.758573602322752,0,1,0,2,2,2,0,2,2,1,0,2,-0.18152448293707302,0.32423225188898985
0,0,0,0,0.5956921474426305,1,2,0,2,2,0,2,0,2,2,0,3,0.3087056321119333,0.5367280046394469
0,1,0,0,-0.015113308357824713,1,0,0,0,2,0,2,0,0,0,0,0,-0.33607160395252245,-0.19837097435528275
0,0,1,0,1.4100994218432374,0,1,0,0,2,2,2,2,2,2,1,2,-0.1732154979362424,0.8047907459893432
0,0,1,1,0.7178532386027215,1,2,0,2,2,2,2,0,2,1,1,0,0.5081212721318681,0.7775697599108564
1,0,0,0,-1.1960038562387048,1,2,1,0,0,2,0,2,2,0,1,0,1.222693982203301,-0.8741529099423534
0,0,0,0,-1.1552834925186746,1,2,1,0,2,2,0,0,0,0,0,0,0.641065032145158,-0.8586232712071388
0,1,1,1,-0.748079855318371,1,2,1,0,0,0,0,2,2,0,1,2,1.0315873271841969,-0.41181527038076
1,1,0,0,0.26992923768238775,1,2,1,0,2,0,0,0,2,0,0,2,0.8620840331672525,0.50008776324855
0,0,1,0,-1.2774445836787656,1,0,0,2,2,0,0,0,0,0,1,3,-0.3726311379561772,-0.9821544884190726
1,0,1,0,-0.3408762181180675,1,2,1,0,0,2,0,2,2,0,1,2,1.2060760122016398,0.04944147103022905
1,0,1,1,-0.30015585439803716,1,0,1,0,0,0,2,2,0,0,0,2,0.7025515211513048,-0.03559653653262902
1,0,1,0,1.247217966963116,1,2,0,2,2,2,2,0,2,1,0,1,0.5064594751317021,1.217870312687678
1,0,1,0,-1.1145631287986442,1,2,1,0,2,0,0,0,0,0,1,2,0.5496661971360212,-0.8221153846918262
0,0,0,0,-0.7073594915983407,1,2,0,0,0,0,0,0,0,0,1,2,-0.520531070970962,-0.7059739813666775
1,0,1,0,-1.0331224013585834,1,0,0,2,0,0,0,0,0,1,1,2,-0.4989277099688025,-0.8596159327740204
0,0,1,1,1.4100994218432374,1,2,1,2,0,0,2,2,2,2,0,1,1.393859073220412,2.086691834314326
0,0,0,0,-1.2774445836787656,1,0,1,0,0,0,0,0,0,0,1,2,0.14751132309581955,-0.9752499757427628
0,0,1,1,-1.2774445836787656,1,0,2,1,1,1,1,1,1,0,1,3,-1.4710789550659844,-0.996735583879267
1,0,0,0,-0.9109613101984924,1,0,0,0,0,0,0,0,2,0,1,0,-0.2662761299455452,-0.7837545299183345
1,0,1,0,0.35136996512244845,1,0,2,1,1,1,1,1,1,2,1,2,-1.4960059100684764,-0.608957857563448
1,0,1,1,1.125056875803025,1,0,0,0,2,0,2,2,2,2,0,0,0.40508985812156867,0.9989332893254559
1,0,1,0,-0.4223169455581282,1,2,1,0,0,0,0,0,2,0,1,2,0.6759627691486464,-0.17913539910371015
0,1,0,0,-0.9924020376385531,1,0,1,0,0,2,0,0,0,0,1,0,0.3087056321119333,-0.7410039051046331
0,0,0,0,-0.9109613101984924,1,2,1,0,2,0,0,0,0,0,1,0,0.5081212721318681,-0.639289183218164
0,1,1,0,1.2879383306831464,1,0,1,2,2,2,0,0,2,1,0,0,1.071470455188184,1.831423397604237
1,1,1,0,-0.8295205827584317,1,2,1,0,2,0,0,2,2,0,1,2,1.2160467942026365,-0.46817638823370483
0,0,1,0,0.5956921474426305,1,2,0,2,2,0,2,2,2,2,1,1,0.682609957149311,0.8062687087667004
0,0,1,0,-0.3408762181180675,1,0,0,0,2,0,0,2,2,0,1,0,0.15582030809665018,-0.2936885439218482
0,0,1,1,-1.2367242199587352,1,0,1,0,0,0,0,0,0,0,1,2,0.22893937610395967,-0.9458892525089978
0,0,0,0,-0.21871512695797646,1,2,1,0,0,0,0,2,2,0,1,0,1.0249401391835322,0.13920013582225738
1,0,0,0,-0.4223169455581282,0,1,0,0,2,2,0,0,2,1,1,0,-0.6983433499887373,-0.6071269484511997
0,0,1,0,1.6137012404433893,1,2,1,2,2,2,0,2,2,2,1,1,1.5251410362335358,2.5526471738085545
1,0,1,0,-1.2367242199587352,1,0,0,0,2,0,2,0,2,0,1,3,-0.018668376920792765,-0.9424039074519468
1,0,0,0,-0.2594354906780068,1,2,1,0,0,0,0,0,2,0,1,2,0.6377414381448259,-0.011265298571064342
1,0,0,0,-1.2367242199587352,1,2,1,2,0,0,0,0,2,0,0,3,0.8637458301674186,-0.9286831186830499
0,1,0,0,-1.2774445836787656,1,0,2,1,1,1,1,1,1,0,1,2,-1.505976692069473,-0.9971988259438118
1,0,0,0,-0.21871512695797646,1,2,0,0,0,2,2,0,0,0,0,2,-0.17653909193657447,-0.29474738292652186
1,1,0,0,-1.2774445836787656,1,2,1,0,0,0,0,2,2,0,1,2,0.9717626351782166,-0.9643086393611343
1,0,0,0,0.7992939660427822,1,0,2,1,1,1,1,1,1,2,0,0,-1.4544609850643233,-0.5173021062213792
0,0,1,0,-0.6666391278783103,1,0,1,0,2,0,0,2,2,0,1,0,0.9933659961803764,-0.36114541217793633
0,0,0,0,-1.0738427650786138,1,0,2,1,1,1,1,1,1,2,0,1,-1.4993295040688086,-0.9542276096708033
1,1,0,0,-0.21871512695797646,1,2,1,0,2,0,0,0,0,0,1,2,0.5546515881365197,-0.06956762126591085
0,0,1,0,-0.38159658183809786,1,0,2,1,1,1,1,1,1,1,0,3,-1.4860351280674797,-0.8226448041941631
1,0,0,1,-1.2774445836787656,1,0,2,1,1,1,1,1,1,0,0,3,-1.502653098069141,-0.9971547076519502
1,0,0,1,-0.015113308357824713,1,0,2,1,1,1,1,1,1,2,0,3,-1.4710789550659844,-0.6983635760205852
0,0,1,0,1.5729808767233588,1,2,2,1,1,1,1,1,1,2,1,1,-1.289943082047877,-0.2108123326601989
0,0,0,0,-0.62591876415828,1,0,2,1,1,1,1,1,1,2,0,3,-1.5076384890696393,-0.8478142897010945
0,1,0,0,0.5956921474426305,1,2,1,0,2,2,0,0,0,0,1,0,0.6792863631489789,0.745429584289823
1,0,0,0,-0.0965540357978854,1,2,1,2,2,2,0,0,0,1,0,0,0.8521132511662559,0.23864276567786422
1,0,1,0,-0.9924020376385531,1,0,1,2,0,0,0,0,0,0,0,2,0.3402797751150897,-0.7265331053740922
0,0,1,1,0.025607055362205634,1,0,2,1,1,1,1,1,1,2,0,1,-1.4943441130683104,-0.7228271688577343
0,0,1,0,-0.7888002190384014,1,0,1,0,0,0,0,2,2,0,0,2,0.7839795741594444,-0.4663013608295951
1,0,0,0,-1.1145631287986442,1,0,1,0,2,0,0,0,0,0,1,2,0.32864719611392706,-0.8365200069845748
1,0,0,0,-1.2774445836787656,1,0,2,1,1,1,1,1,1,0,0,3,-1.4876969250676457,-0.9969561753385741
0,0,1,0,1.6137012404433893,0,1,0,2,2,2,2,2,2,2,1,1,0.014567563082529699,1.1050377812521348
0,1,0,0,-0.7073594915983407,1,2,0,0,0,0,2,0,0,0,0,1,-0.3244390249513595,-0.6717602460281581
1,0,0,0,-1.2774445836787656,1,0,1,0,0,0,0,0,0,0,1,2,0.15249671409631763,-0.9751837983049707
1,0,0,0,0.35136996512244845,1,0,1,0,2,0,2,2,0,1,1,2,0.8238627021634315,0.6397221569898968
0,1,0,0,1.5729808767233588,1,2,1,2,2,0,2,2,0,1,1,1,1.1595456961969886,2.1624650005862893
0,0,0,0,-1.2367242199587352,1,0,0,0,0,0,0,0,0,0,1,3,-0.6484894399837535,-0.9730440611496927
1,0,0,0,-0.9109613101984924,1,0,0,0,0,0,0,0,0,0,1,2,-0.6385186579827569,-0.8281595906768386
1,0,1,0,0.9621754209229036,1,2,1,2,2,2,0,0,0,1,1,2,0.9435120861753926,1.3121731615414312
0,1,0,0,-1.2774445836787656,1,0,1,0,0,0,0,0,0,0,1,2,0.1724382780983114,-0.9749190885538024
0,0,1,1,1.2879383306831464,1,2,0,2,2,2,2,2,2,2,1,3,0.85876043916692,1.560779736180448
1,1,1,0,1.247217966963116,1,2,1,2,2,2,0,2,2,2,0,1,1.4536837652263923,2.0789270149467187
1,0,0,0,-1.2774445836787656,1,0,2,1,1,1,1,1,1,0,0,1,-1.5109620830699715,-0.9972650033816037
0,1,0,0,-0.6666391278783103,1,2,0,2,0,0,0,0,0,0,1,2,-0.3543513709543497,-0.6135682190629649
0,0,1,1,-0.2594354906780068,1,0,1,2,2,0,0,0,0,0,0,2,0.5712695581381809,-0.09250913303384142
1,0,1,0,1.5729808767233588,1,2,0,2,2,0,2,0,0,2,0,0,0.012905766082363669,1.059728295510472
1,0,1,0,1.4508197855632678,1,2,0,2,2,2,2,2,2,2,1,1,0.8005975441611056,1.6998626512735273
1,0,0,0,-0.5444780367182193,1,2,0,0,0,2,2,0,0,0,0,2,-0.1732154979362424,-0.5008018650652138
0,0,0,0,0.6364125111626608,1,2,2,1,1,1,1,1,1,1,0,0,-1.3364733980525287,-0.4746176588454699
1,0,1,0,1.5729808767233588,1,2,0,2,2,2,2,2,2,2,0,0,0.8570986421667539,1.819555577093519
1,1,1,1,1.6137012404433893,1,2,1,2,2,2,2,2,2,2,1,1,1.6946443302504801,2.69978167716634
1,0,0,0,-0.62591876415828,1,2,1,2,2,2,2,2,0,0,1,0,1.392197276220246,-0.26807787549630263
1,0,1,1,0.26992923768238775,1,2,2,1,1,1,1,1,1,2,0,3,-1.3148700370503688,-0.5699131692661046
0,0,0,0,-0.7888002190384014,1,0,2,1,1,1,1,1,1,1,0,3,-1.481049737066981,-0.885226601199566
1,0,0,0,0.5956921474426305,1,2,1,0,2,2,0,2,2,1,1,2,1.2742096892084507,1.151295810268818
1,0,0,0,0.10704778280226633,1,0,2,1,1,1,1,1,1,2,0,0,-1.439504812062828,-0.6945473437745736
1,0,0,0,-0.9516816739185228,1,0,1,0,0,2,0,2,2,0,1,2,0.9734244321783826,-0.6476937178177615
1,0,0,0,0.880734693482843,1,2,1,2,2,0,2,2,2,2,1,1,1.437065795224731,1.53572054640317
0,0,1,1,1.6137012404433893,1,2,0,2,2,2,2,2,2,2,0,1,0.830509890164096,1.904218579175555
1,0,0,1,1.5729808767233588,1,2,1,2,2,0,0,0,0,1,1,1,0.6875953481498096,1.6540899234673196
0,0,0,0,0.6771328748826912,1,0,0,0,0,2,2,2,2,2,1,0,0.32200000811326246,0.6362588710787764
0,1,1,0,0.880734693482843,1,0,2,1,1,1,1,1,1,2,1,3,-1.5225946620711341,-0.5508761263279085
1,1,0,0,-0.5444780367182193,1,0,1,2,0,0,0,0,2,0,1,2,0.749081837155956,-0.2834310410640715
0,0,1,0,1.6137012404433893,1,2,0,2,2,2,2,2,2,2,1,2,0.9185851311729007,1.9881315702959477
1,0,0,0,-0.3408762181180675,1,2,1,0,0,2,0,2,0,0,1,3,0.8338334841644282,-0.05059675576550671
1,0,0,0,-1.1960038562387048,0,1,0,2,0,2,2,0,0,0,0,3,-0.7781096059967111,-0.9584629656894982
0,0,1,0,-1.2774445836787656,1,0,2,1,1,1,1,1,1,0,1,0,-1.477726143066649,-0.9968238204629898
1,0,0,0,-0.8702409464784621,1,0,0,0,0,0,0,0,0,0,0,1,-0.6501512369839195,-0.7887178377527426
0,0,0,0,1.0436161483629645,1,2,2,1,1,1,1,1,1,2,1,1,-1.33148800705203,-0.3356229803361136
1,0,0,0,-1.2367242199587352,1,0,2,1,1,1,1,1,1,0,0,3,-1.4876969250676457,-0.9913531522721757
1,0,0,0,1.6137012404433893,0,1,0,2,2,2,2,2,2,2,1,0,0.02620014208369237,1.115184988380258
1,0,1,0,1.125056875803025,1,2,1,0,2,2,0,2,0,0,1,2,1.0299255301840309,1.5278895495977707
0,1,1,0,1.6137012404433893,1,2,1,2,0,0,0,0,0,2,0,0,0.45660556512671835,1.4658371720947048
0,0,0,0,-1.1552834925186746,1,2,1,0,0,0,0,0,0,0,1,2,0.36188313611724954,-0.8723881782678972
0,1,0,0,-1.2774445836787656,1,2,1,0,0,0,0,0,0,0,1,3,0.32200000811326246,-0.9729337654200391
1,0,0,0,-0.9109613101984924,1,0,1,0,0,0,0,2,2,0,1,2,0.8222009051632655,-0.6249948566550688
1,1,0,0,0.18848851024232702,1,2,1,0,0,2,0,2,2,0,1,2,1.2077378092018058,0.6460310727260777
1,0,1,0,-1.1552834925186746,0,1,0,0,2,0,0,2,2,0,1,2,-0.5388108379727895,-0.9171020670694311
1,0,0,0,-1.2367242199587352,1,2,1,0,0,0,0,0,0,0,1,1,0.28211688010927544,-0.9479628122264837
0,1,1,0,-1.2774445836787656,1,0,2,1,1,1,1,1,1,0,1,3,-1.4594463760648215,-0.9965811698577521
0,0,1,0,-0.13727439951791576,1,2,1,0,0,0,0,0,0,0,1,2,0.3386179781149237,-0.057655682463331505
1,0,0,0,0.025607055362205634,1,0,1,2,0,0,2,2,0,2,1,2,0.8039211381614382,0.3299676298309725
0,1,0,0,1.0843365120829946,1,2,1,0,0,2,0,2,2,1,1,2,1.15456030519649,1.5927875569258976
1,0,1,0,-1.1145631287986442,1,2,1,2,0,0,0,0,2,0,1,2,0.8105683261621028,-0.823460992593599
0,1,0,0,-0.748079855318371,1,2,1,0,2,0,0,0,0,0,1,2,0.47156173812821356,-0.5196624348359644
1,1,1,0,-0.9924020376385531,1,0,1,0,0,0,0,2,0,0,1,1,0.5214156481331973,-0.7483716598454877
1,0,0,0,0.5956921474426305,1,0,2,1,1,1,1,1,1,1,0,1,-1.4694171580658184,-0.558839478008892
0,0,1,0,-0.62591876415828,1,2,1,0,0,2,0,2,0,0,0,2,0.7806559801591124,-0.36136600363724336
1,0,1,0,1.6137012404433893,1,2,1,0,2,2,0,2,2,2,1,2,1.284180471209448,2.246907411209018
1,0,0,0,-1.2367242199587352,0,1,0,0,0,0,0,0,0,0,1,2,-1.3198554280508674,-0.9809191762469534
1,0,1,0,1.125056875803025,1,2,1,0,2,2,0,2,2,1,0,0,1.2542681252064576,1.7108481059470173
1,1,0,0,-0.5851984004382496,1,2,1,0,2,0,0,0,0,0,1,1,0.5247392421335293,-0.38298396664933176
1,0,0,0,-0.30015585439803716,1,0,1,2,0,0,0,0,0,0,0,0,0.3170146171127639,-0.14448048084657655
0,0,1,0,1.5729808767233588,1,2,0,2,2,2,2,2,2,2,0,0,0.7706851981581158,1.8025038572890861
1,0,0,0,-1.2774445836787656,1,0,2,1,1,1,1,1,1,0,0,3,-1.451137391063991,-0.9964708741280986
0,0,1,1,1.5729808767233588,1,0,2,1,1,1,1,1,1,2,0,1,-1.4976677070686424,-0.38113099839115283
1,1,0,0,1.4100994218432374,1,2,1,0,0,0,0,0,0,0,1,3,0.36354493311741554,1.2269807399570585
0,1,1,0,1.6137012404433893,1,2,1,2,2,2,2,2,2,2,1,1,1.6946443302504801,2.7194363761905964
0,0,0,0,0.35136996512244845,0,1,0,0,2,0,0,0,2,0,1,2,-0.8113455460000336,-0.2655410737142718
1,0,0,0,-0.3408762181180675,1,2,1,0,2,0,0,2,0,0,1,1,0.8570986421667539,0.0012422371716441262
1,0,0,1,0.880734693482843,1,2,0,0,2,0,0,0,0,0,1,1,-0.3244390249513595,0.3586445195408857
0,0,1,0,-0.38159658183809786,0,1,0,2,0,0,2,0,0,2,0,3,-1.0024522010191377,-0.6468995885642563
1,0,1,1,-0.7888002190384014,1,0,0,0,0,0,0,2,2,1,1,2,-0.00038860991896550476,-0.6187080000648186
0,0,0,0,1.3286586944031769,1,2,1,0,2,2,0,2,0,1,1,2,1.0216165451832002,1.7091936700022148
1,0,1,1,0.9214550572028734,1,0,2,1,1,1,1,1,1,2,0,3,-1.4710789550659844,-0.4860884147294352
1,0,0,0,0.47353105628253944,1,0,2,1,1,1,1,1,1,1,0,1,-1.504314895069307,-0.6371715052088165
0,0,1,0,1.4508197855632678,0,1,0,2,0,2,0,2,2,1,1,2,-0.34438058895335305,0.6370309411863511
0,0,0,0,-0.7073594915983407,1,2,0,0,0,0,0,0,0,0,0,3,-0.5288400559717926,-0.727216938897944
1,0,1,0,-0.7888002190384014,1,0,1,2,0,0,0,0,2,0,0,2,0.641065032145158,-0.5225521829528864
1,0,1,1,0.025607055362205634,1,0,2,1,1,1,1,1,1,1,1,0,-1.505976692069473,-0.7409597868127717
1,0,0,0,-1.2774445836787656,1,0,0,0,2,0,0,0,0,0,1,3,-0.4856333339674735,-0.9836545103423604
1,0,1,0,-0.30015585439803716,1,2,0,0,0,2,0,0,0,0,0,1,-0.30615925794953225,-0.38578547818253106
0,0,0,0,-0.8702409464784621,1,0,1,0,2,2,2,0,2,0,1,2,0.9784098231788811,-0.5646410333886667
1,0,1,0,-1.1145631287986442,1,2,1,0,2,0,0,0,0,0,1,2,0.464914550127549,-0.8239683529500051
0,0,1,1,0.7992939660427822,1,0,2,1,1,1,1,1,1,2,0,0,-1.4843733310673135,-0.529853760255949
0,1,1,0,-0.46303730927815856,1,2,0,0,2,2,0,0,2,1,0,0,0.2306011731041257,-0.345306945399692
1,0,0,0,0.26992923768238775,1,2,1,2,2,0,0,2,2,0,1,2,1.3838882912194153,0.7768859263870048
1,0,0,0,-1.2367242199587352,1,0,2,1,1,1,1,1,1,0,1,1,-1.491020519067978,-0.9909119693535616
0,0,0,0,0.35136996512244845,1,0,1,0,0,0,0,0,0,0,0,0,0.18240906009930805,0.2595548360201702
0,0,1,1,-1.1145631287986442,1,2,2,1,1,1,1,1,1,0,1,3,-1.3447823830533592,-0.947433392724147
1,0,0,0,-0.3408762181180675,1,2,1,0,2,0,0,0,0,0,1,2,0.5147684601325326,-0.18451783071080158
1,0,0,0,-1.2774445836787656,1,0,2,1,1,1,1,1,1,0,0,3,-1.481049737066981,-0.9968679387548512
0,0,0,0,-1.0331224013585834,1,0,1,0,0,0,0,2,0,0,1,2,0.4732235351283796,-0.7750632264216377
0,0,0,0,0.3106496014024181,1,2,1,0,2,2,0,2,0,0,1,0,0.9518210711762233,0.6514796817709612
1,0,1,0,-0.5444780367182193,1,0,1,0,2,0,2,2,2,1,0,0,1.1711782751981514,-0.17253971447043007
1,0,0,0,-0.38159658183809786,1,0,2,1,1,1,1,1,1,1,0,3,-1.4727407520661506,-0.7935267315656358
0,0,0,0,-1.2774445836787656,1,0,0,0,0,0,0,0,0,0,1,3,-0.6468276429835875,-0.9857942474976384
0,0,0,0,-0.7073594915983407,0,1,0,0,2,0,0,0,2,2,1,3,-0.8628612530051836,-0.7397465337865831
1,1,0,0,-1.2774445836787656,1,2,1,0,0,2,0,2,0,0,1,2,0.7989357471609396,-0.9666027905379273
1,1,0,0,1.247217966963116,1,2,1,2,2,2,0,2,2,0,1,0,1.4835961112293827,2.0963757993779044
1,0,0,0,-1.2774445836787656,1,0,1,0,2,0,0,0,0,0,1,2,0.31867641411292996,-0.9729778837119004
1,0,0,0,-1.1552834925186746,1,0,0,0,0,0,0,0,0,0,0,3,-0.6717545979860794,-0.9083887044268035
0,0,1,0,0.3920903288424788,1,0,1,0,0,0,0,2,0,0,1,1,0.4383257981248911,0.487183162879089
0,0,1,0,-0.21871512695797646,1,0,0,2,2,2,2,0,0,1,0,3,0.046141706085686136,-0.1788045119147496
1,0,1,1,1.5729808767233588,1,2,1,2,2,2,2,2,2,2,1,0,1.7046151122514768,2.654935433489222
1,1,1,0,-1.0331224013585834,1,2,1,2,2,0,0,0,2,0,1,1,0.9950277931805424,-0.7088196111917382
0,0,0,0,-0.5037576729981889,1,0,2,1,1,1,1,1,1,0,1,0,-1.504314895069307,-0.8235712883232525
1,0,0,0,0.47353105628253944,1,0,1,0,2,0,2,2,2,0,0,2,1.1894580421999785,0.9346088197915273
0,0,1,0,0.7992939660427822,1,0,2,1,1,1,1,1,1,1,0,1,-1.5009913010689746,-0.5591262469059911
0,0,1,0,-1.0331224013585834,1,0,1,0,0,2,0,2,0,0,1,2,0.7141841001524675,-0.7467613421925465
1,0,1,1,0.9621754209229036,1,2,1,0,2,0,2,2,0,0,1,1,1.069808658188018,1.3908140167843854
1,1,1,0,-0.1779947632379461,1,2,1,0,2,0,2,2,2,0,1,2,1.3639467272174215,0.31688655629406587
0,0,1,1,0.880734693482843,1,0,2,1,1,1,1,1,1,2,1,0,-1.4760643460664828,-0.5238536725627979
1,0,1,0,1.6137012404433893,0,1,0,2,2,2,2,2,2,2,1,1,0.011243969082197169,1.0917361162559214
0,0,0,0,0.26992923768238775,1,0,2,1,1,1,1,1,1,2,0,1,-1.46443176706532,-0.6693999174135729
0,0,0,0,-0.8295205827584317,1,0,2,1,1,1,1,1,1,1,0,2,-1.4827115340671475,-0.8907634468281722
0,0,0,0,0.7992939660427822,1,2,0,2,0,2,2,2,0,1,0,1,0.3070438351117673,0.7049731106529147
0,0,1,1,-1.0331224013585834,1,2,0,0,0,0,0,0,0,0,0,2,-0.5305018529719588,-0.8514540487796605
1,0,1,1,-0.055833672077855064,1,2,2,1,1,1,1,1,1,2,0,3,-1.2965902700485417,-0.6724220204060791
1,0,1,1,-0.3408762181180675,1,0,0,2,0,2,0,0,0,1,1,1,-0.28289409994720643,-0.3641895743163733
0,0,1,0,-1.1960038562387048,1,2,1,0,0,0,0,0,0,0,1,1,0.31036742911209936,-0.9051901282668517
0,0,0,0,0.5956921474426305,1,0,2,1,1,1,1,1,1,2,1,3,-1.4694171580658184,-0.5885531475775483
1,1,1,1,-0.1779947632379461,1,2,0,0,0,0,0,0,0,1,1,2,-0.4573827849646494,-0.3961532767699612
0,1,1,0,-0.015113308357824713,1,2,1,0,0,2,0,0,0,0,0,3,0.4831943171293762,0.12806026712725263
1,0,0,0,0.06632741908223598,1,2,1,0,2,0,2,2,2,0,1,2,1.3489905542159264,0.55629446707998
1,0,1,0,-1.1960038562387048,1,0,0,0,0,2,0,0,0,0,1,2,-0.4856333339674735,-0.9315949259459025
1,0,0,0,-0.9109613101984924,1,2,1,0,2,0,0,0,0,0,0,2,0.5014740841312035,-0.654046751845804
1,0,0,1,1.369379058123207,1,2,0,2,2,0,2,0,0,2,0,0,0.03118553308419093,0.926116048608207
1,1,0,0,-1.2774445836787656,1,0,0,0,0,0,0,0,0,0,0,0,-0.6484894399837535,-0.9858163066435692
0,0,1,1,0.6771328748826912,1,2,0,0,2,0,2,2,2,2,0,0,0.4831943171293762,0.715914447034543
1,0,1,1,-1.2774445836787656,1,0,2,1,1,1,1,1,1,0,1,0,-1.4827115340671475,-0.9968899979007819
1,1,1,0,-1.0331224013585834,1,0,1,0,0,0,0,2,2,0,1,2,0.8222009051632655,-0.7072313526847276
1,0,1,0,-1.1960038562387048,1,0,2,1,1,1,1,1,1,0,0,0,-1.4876969250676457,-0.9838751018016674
1,1,1,0,0.06632741908223598,1,0,1,2,0,0,2,2,0,1,0,3,0.8438042661654253,0.37459328204878367
0,0,1,1,1.6137012404433893,1,0,0,2,2,2,2,2,2,2,0,0,0.682609957149311,1.698318511058378
1,0,0,0,-1.1960038562387048,1,0,0,2,0,2,0,2,2,0,1,2,0.4200460311230638,-0.9148299750385687
0,0,0,0,-0.5851984004382496,1,0,1,0,0,0,0,0,0,0,1,2,0.21065960910213194,-0.45529384701017456
1,0,1,1,1.4100994218432374,1,0,0,2,2,0,2,0,0,1,0,3,-0.15659752793458118,0.7563268023795902
1,0,1,0,0.47353105628253944,1,2,2,1,1,1,1,1,1,1,0,3,-1.2982520670487077,-0.5158462025899528
0,0,1,0,-1.0331224013585834,1,0,1,0,0,0,0,0,0,0,1,0,0.14751132309581955,-0.7950929309267156
1,1,1,0,0.7992939660427822,1,0,1,2,0,2,2,2,2,1,1,0,1.3190782082129364,1.4124540389424047
1,0,0,0,-0.6666391278783103,1,0,1,0,0,0,0,0,0,0,1,1,0.1724382780983114,-0.47393382532161815
1,0,1,0,-0.9924020376385531,1,0,0,0,2,2,0,0,0,0,1,3,-0.3327480099521901,-0.809078429446781
1,0,0,0,-1.0331224013585834,1,0,0,0,0,2,2,2,0,0,0,0,-0.015344782920460707,-0.8090343111549195
1,0,1,1,1.6137012404433893,1,0,2,1,1,1,1,1,1,2,1,1,-1.4943441130683104,-0.38166041789348965
1,1,1,0,-1.0331224013585834,0,1,0,2,0,0,0,0,0,0,0,0,-1.1619847130350858,-0.9085210593023878
1,0,0,0,-0.46303730927815856,1,0,2,1,1,1,1,1,1,1,1,3,-1.4760643460664828,-0.8192918140126962
1,1,0,0,0.10704778280226633,1,0,0,0,0,2,2,2,2,1,1,2,0.27380789510844483,0.08449345391411522
0,0,1,1,1.125056875803025,0,1,0,0,2,0,0,2,2,0,1,2,-0.4989277099688025,0.3484090758290396
1,1,0,0,-0.9924020376385531,1,2,1,0,0,2,0,2,2,0,1,2,1.1911198392001445,-0.6442745501985027
1,0,0,0,-1.2367242199587352,1,0,1,0,0,0,0,0,0,0,1,2,0.16745288709781284,-0.9410803586961046
0,0,1,1,-0.8295205827584317,0,1,0,0,0,0,2,0,0,1,0,1,-1.1470285400335904,-0.8430495141800628
1,0,0,0,-1.1960038562387048,0,1,0,0,2,0,0,0,0,0,1,2,-1.16863190103575,-0.9707278508269689
0,0,1,0,1.6137012404433893,1,0,0,2,2,2,0,2,0,2,1,1,0.19570343610063723,1.2050539489019398
0,0,0,0,0.7992939660427822,1,2,1,2,2,0,2,2,2,1,1,1,1.5450826002355291,1.604456845123239
1,0,0,0,0.5549717837226001,1,0,2,1,1,1,1,1,1,2,0,1,-1.5142856770703037,-0.6051195661715058
0,0,1,0,-0.8295205827584317,1,2,0,2,0,2,0,2,2,1,0,2,0.46823814412788106,-0.618972709815987
0,0,0,0,0.18848851024232702,1,2,1,0,0,0,2,2,2,0,0,1,1.1811490571991479,0.5566253542689406
1,0,0,0,0.3920903288424788,1,0,2,1,1,1,1,1,1,1,0,0,-1.4943441130683104,-0.6308184711807742
1,0,0,0,1.0436161483629645,1,2,1,0,0,0,2,0,0,0,0,0,0.5280628361338618,1.115140870088397
1,0,0,0,-0.8295205827584317,1,0,2,1,1,1,1,1,1,1,0,1,-1.4860351280674797,-0.8879839944409038
1,0,1,1,1.4508197855632678,1,0,2,1,1,1,1,1,1,2,0,0,-1.4893587220678117,-0.3979621267362788
1,0,0,0,-1.2774445836787656,1,0,0,0,0,0,0,0,0,0,0,3,-0.613591702980265,-0.9853530645790245
0,0,1,1,0.47353105628253944,1,0,0,2,0,0,2,0,0,0,0,0,-0.28289409994720643,0.06168429702176893
0,1,1,0,1.5729808767233588,1,0,1,2,2,2,2,2,2,2,1,0,1.4935668932303794,2.4814402507442472
1,0,0,0,-0.13727439951791576,0,1,0,0,2,0,2,0,0,0,0,2,-1.0124229830201346,-0.5625012962333886
1,0,0,0,0.06632741908223598,1,2,2,1,1,1,1,1,1,2,0,0,-1.2849576910473786,-0.5732661594475714
1,0,1,1,-1.0738427650786138,1,0,1,0,2,2,0,0,2,0,1,2,0.8720548151682491,-0.7715117039267947
0,1,1,0,1.2064976032430856,1,2,1,0,2,2,0,2,0,1,1,1,1.1030445981913404,1.6133246217873816
0,1,0,0,-0.4223169455581282,1,0,2,1,1,1,1,1,1,1,1,3,-1.4860351280674797,-0.8218065566487963
0,1,1,0,1.369379058123207,1,2,1,0,2,2,0,2,2,1,0,1,1.3240635992134344,2.002845020631726
1,0,0,1,-1.2774445836787656,0,1,0,0,2,0,2,0,0,0,0,3,-1.03568814102246,-0.990956087645423
1,0,1,0,0.7178532386027215,1,2,1,2,0,2,0,2,2,0,0,1,1.3689321182179202,1.3509310809416755
1,0,1,0,1.369379058123207,1,2,1,2,2,2,2,0,0,2,0,3,1.0581760791868549,1.8284895311954537
1,0,1,0,1.6137012404433893,1,2,1,2,2,2,2,2,2,2,0,0,1.6747027662484868,2.677854886111222
1,0,0,1,-0.21871512695797646,1,0,2,1,1,1,1,1,1,0,0,3,-1.51594747407047,-0.7687101923935955
1,0,0,1,-1.0331224013585834,1,0,2,1,1,1,1,1,1,1,0,3,-1.505976692069473,-0.9454480695903837
1,0,0,0,-0.748079855318371,1,2,0,0,2,0,0,0,0,0,1,1,-0.3078210549496983,-0.6671498845286412
1,0,0,0,-0.2594354906780068,0,1,0,0,0,2,2,0,0,0,0,2,-0.9642308700153169,-0.5546702994279893
0,0,0,0,-0.8702409464784621,1,2,1,0,0,0,0,0,0,0,0,2,0.3485887601159204,-0.6137226330844797
0,0,1,0,0.025607055362205634,0,1,0,2,0,2,2,2,2,2,0,0,-0.1732154979362424,-0.1162227149093467
1,0,1,1,0.5956921474426305,1,2,0,2,2,2,2,2,2,2,1,3,0.8554368451665879,0.8994024228861265
0,0,0,0,-1.2774445836787656,1,0,2,1,1,1,1,1,1,0,1,3,-1.517609271070636,-0.9973532399653268
1,0,0,0,-0.7073594915983407,1,2,0,0,0,0,0,0,0,0,0,2,-0.43910301796282214,-0.6680543095118
1,1,1,0,1.369379058123207,1,2,1,0,2,2,2,2,2,1,1,2,1.4520219682262263,2.1161849124236753
1,0,1,1,0.14776814652229667,1,2,2,1,1,1,1,1,1,2,0,1,-1.3181936310507012,-0.5950605956271054
1,0,1,1,0.5142514200025698,1,2,1,0,2,2,0,0,2,0,1,0,1.0365727181846955,0.9604180205304492
0,0,0,0,-0.3408762181180675,1,2,1,0,2,2,0,2,2,0,1,2,1.3091074262119398,0.09481713420968402
0,1,0,0,-1.1960038562387048,1,0,1,0,0,2,0,0,0,0,0,2,0.3020584441112687,-0.9191315084950556
0,0,1,1,1.1657772395230555,1,2,1,2,2,2,2,2,2,2,0,1,1.6730409692483204,2.086096237374197
0,0,1,1,0.06632741908223598,1,2,2,1,1,1,1,1,1,1,1,1,-1.3015756610490399,-0.6011489199039793
0,0,1,0,1.4508197855632678,1,2,0,2,2,2,2,0,0,2,0,1,0.20401242110146783,1.161023893624258
1,0,0,0,-0.6666391278783103,1,0,1,0,0,0,2,0,0,0,1,1,0.32532360211359457,-0.4893752274731099
1,1,1,0,-0.015113308357824713,1,0,1,0,0,0,0,0,2,0,1,1,0.5164302571326987,0.08969941235376108
0,0,1,1,-0.2594354906780068,0,1,0,2,2,0,2,0,0,0,0,1,-0.8611994560050172,-0.553501164693662
0,0,1,1,0.14776814652229667,1,0,2,1,1,1,1,1,1,0,0,0,-1.5142856770703037,-0.6956723602170395
0,0,0,0,-1.1960038562387048,1,0,2,1,1,1,1,1,1,1,0,3,-1.479387940066815,-0.9743676099055347
1,1,0,0,-0.9924020376385531,1,0,1,2,0,0,2,2,2,0,0,1,1.1811490571991479,-0.6385612314024508
0,0,1,0,0.18848851024232702,1,2,0,2,0,2,2,0,0,1,0,1,0.11095178909216456,0.08802291726302762
1,0,0,0,-1.2774445836787656,1,0,2,1,1,1,1,1,1,2,0,3,-1.4727407520661506,-0.9967576430251978
1,0,1,1,1.4508197855632678,0,1,0,2,2,2,2,0,2,2,1,3,-0.2779087089467081,0.7362088612907893
1,0,0,0,-0.30015585439803716,1,2,1,0,0,0,0,0,2,0,1,2,0.6659919871476498,-0.10424459866897522
0,0,1,0,-0.62591876415828,1,2,0,0,2,0,0,2,2,0,1,0,0.35357415111641893,-0.4222933646978437
1,0,1,0,1.4100994218432374,1,2,1,0,2,2,0,2,2,1,0,2,1.3074456292117733,2.1005229188128767
0,1,0,0,-1.1145631287986442,0,1,0,0,2,0,0,0,0,0,0,2,-1.2068532320395708,-0.9479628122264837
1,1,1,0,1.002895784642934,1,2,0,0,2,2,0,2,0,1,1,1,0.21065960910213194,0.8207615676431722
1,0,0,0,-0.9924020376385531,1,0,1,0,0,0,0,0,0,0,0,0,0.19736523310080326,-0.7616292065498399
1,1,0,0,0.9214550572028734,0,1,0,2,2,0,0,2,0,0,1,2,-0.6617838159850825,0.08793468067930489
0,0,0,0,0.9621754209229036,0,1,0,2,2,2,2,0,0,2,0,0,-0.6551366279844181,0.1236925562329735
0,1,1,0,-0.5444780367182193,1,2,1,0,0,0,0,2,2,0,1,2,1.003336778181373,-0.2291876012204741
0,0,1,1,0.758573602322752,1,0,1,2,2,0,0,0,0,0,1,0,0.47820892612887816,0.7671357838856343
0,0,1,0,1.4100994218432374,0,1,0,2,0,0,2,0,0,2,0,1,-0.9658926670154829,0.11733952220493113
1,0,0,0,0.8400143297628127,1,0,1,0,2,0,2,0,0,0,1,3,0.5264010391336954,0.9125276147148945
0,0,0,0,-1.2774445836787656,1,0,2,1,1,1,1,1,1,0,0,3,-1.4960059100684764,-0.9970664710682275
1,0,0,0,-0.6666391278783103,1,0,2,1,1,1,1,1,1,0,1,3,-1.4976677070686424,-0.8547188023774044
0,0,0,0,-0.2594354906780068,1,0,0,0,2,2,0,0,0,0,1,1,-0.3327480099521901,-0.3850795855127485
1,0,0,0,0.5142514200025698,1,0,0,2,0,2,0,2,2,0,1,2,0.3718539181182462,0.4385648052478209
1,0,1,0,0.5956921474426305,1,2,2,1,1,1,1,1,1,0,0,2,-1.3082228490497045,-0.5031842528257296
1,1,1,0,0.025607055362205634,1,2,1,0,0,0,0,2,2,0,1,2,0.9883806051798778,0.364335779191007
0,0,0,0,-0.7073594915983407,1,0,0,2,2,2,2,2,2,0,0,3,0.6543594081464871,-0.4376024119737512
0,0,1,1,0.3920903288424788,1,0,2,1,1,1,1,1,1,2,0,3,-1.4876969250676457,-0.6380318119001139
1,0,0,1,-1.2774445836787656,1,0,2,1,1,1,1,1,1,0,0,3,-1.4860351280674797,-0.9969341161926433
0,1,0,0,0.9621754209229036,1,2,1,0,2,2,0,2,2,1,1,0,1.329048990213933,1.4254248167496577
0,1,0,0,0.8400143297628127,1,0,1,2,2,0,2,0,2,1,1,3,1.0631614701873533,1.2912610911991254
0,0,0,0,-0.7073594915983407,1,0,1,2,0,2,2,2,2,0,0,2,1.3406815692150957,-0.3074975692744679
1,0,0,0,-0.6666391278783103,0,1,0,2,2,2,2,2,0,2,0,3,-0.32942441595185784,-0.6015901028225934
1,0,0,0,-0.5037576729981889,1,0,2,1,1,1,1,1,1,1,1,3,-1.4976677070686424,-0.8222918578592717
1,1,1,0,-0.7073594915983407,1,2,1,2,0,2,0,2,0,0,1,2,1.0548524851865226,-0.3915429152704444
1,1,0,1,0.22920887396235737,1,2,1,2,0,0,0,0,0,0,1,3,0.5214156481331973,0.3895273238438692
0,0,0,0,-1.2774445836787656,1,0,0,0,0,0,0,0,2,0,1,2,-0.28289409994720643,-0.9809632945388147
0,0,1,0,1.002895784642934,1,0,2,1,1,1,1,1,1,2,1,0,-1.5009913010689746,-0.5053681082728692
1,1,1,0,1.6137012404433893,1,2,1,2,2,2,0,2,2,2,1,0,1.4885815022298807,2.488697709755448
0,0,0,0,0.880734693482843,1,2,1,0,0,0,2,2,2,0,1,2,1.1745018691984834,1.3946523081763276
1,0,1,1,-0.0965540357978854,1,2,0,2,0,0,0,0,0,0,1,0,-0.3427187919531868,-0.3048725309087143
0,0,0,0,-1.1145631287986442,1,2,1,0,0,0,0,0,0,0,0,2,0.36022133911708304,-0.8282037089687
0,1,1,0,1.3286586944031769,1,2,1,2,2,2,0,2,2,0,1,1,1.4835961112293827,2.182847651426258
0,0,0,0,-0.30015585439803716,1,2,2,1,1,1,1,1,1,2,0,1,-1.329826210051864,-0.7004371357380713
1,0,1,1,0.47353105628253944,1,0,2,1,1,1,1,1,1,1,0,0,-1.4876969250676457,-0.6259875182219504
0,1,1,0,1.5729808767233588,1,2,1,2,0,0,0,0,0,2,1,1,0.5297246331340278,1.498374412342491
0,0,1,0,-0.3408762181180675,1,2,0,2,2,0,0,2,2,1,0,2,0.4532819711263863,-0.19735625364247036
1,0,1,0,0.758573602322752,1,2,1,0,2,0,0,0,2,1,1,1,0.8504514541660894,1.030080803379608
1,0,0,0,1.2064976032430856,1,2,1,2,2,2,0,0,0,0,0,0,0.8620840331672525,1.4588664819806028
0,1,1,0,0.5956921474426305,1,2,1,2,0,0,0,0,0,0,0,2,0.5180920541328647,0.6821198354687068
1,0,0,1,-0.8295205827584317,1,0,2,1,1,1,1,1,1,2,0,0,-1.5093002860698053,-0.9121167000890922
1,0,0,1,-1.2774445836787656,0,1,0,0,0,0,0,0,0,0,1,2,-1.33148800705203,-0.994882615621088
1,0,0,0,1.4508197855632678,1,2,1,0,2,2,2,2,2,1,0,2,1.4520219682262263,2.1603914408688034
1,1,1,0,0.7992939660427822,1,2,1,0,2,2,0,2,2,1,1,0,1.3406815692150957,1.3661960099257215
0,0,1,0,-0.2594354906780068,1,2,0,0,2,0,2,0,0,0,1,2,-0.15659752793458118,-0.2927620597927586
1,0,0,0,-0.7888002190384014,1,0,1,0,0,0,0,0,0,0,1,2,0.179085466098976,-0.5947076492922142
0,0,1,0,1.0436161483629645,1,2,0,2,0,0,2,0,2,1,1,2,0.12092257109316168,0.7467090147538038
1,0,1,1,0.10704778280226633,1,0,2,1,1,1,1,1,1,1,0,0,-1.4860351280674797,-0.6763264892358134
1,1,0,0,0.758573602322752,1,0,1,0,0,2,0,2,2,1,1,0,0.9717626351782166,1.1585532692800191
1,0,1,1,1.3286586944031769,1,0,2,1,1,1,1,1,1,2,1,1,-1.4926823160681442,-0.4467790166809234
0,0,0,0,-0.38159658183809786,1,0,0,0,2,2,0,0,0,1,0,0,-0.29785027294870164,-0.4199550952291892
1,0,1,0,-1.1552834925186746,1,0,1,0,0,2,2,0,0,0,1,3,0.5264010391336954,-0.864976305235181
0,0,1,0,0.06632741908223598,1,2,1,0,0,2,0,2,2,0,1,2,1.1861344481996465,0.5007054193346098
1,0,1,0,-0.7888002190384014,1,2,0,0,0,2,0,2,2,1,1,3,0.3502505571160864,-0.5692513948881835
1,1,0,0,1.4508197855632678,1,2,1,0,2,2,0,0,2,0,1,2,1.0349109211845293,1.8633209226200327
1,0,1,1,1.4915401492832983,0,1,0,2,0,2,2,0,0,2,0,3,-0.8528904710041867,0.22048808857689603
0,0,1,1,0.14776814652229667,1,0,2,1,1,1,1,1,1,2,0,0,-1.479387940066815,-0.689032557291898
0,0,1,0,-1.1552834925186746,1,0,2,1,1,1,1,1,1,1,0,0,-1.4710789550659844,-0.9709043239944143
1,0,1,1,-0.62591876415828,1,2,0,2,0,0,2,0,0,1,1,3,-0.08846385092776998,-0.5219565860127574
1,0,1,0,-0.748079855318371,1,2,1,0,0,0,0,2,0,0,1,2,0.7091987091519689,-0.46067627861726596
1,0,1,1,1.5322605130033284,1,2,0,2,0,2,0,2,0,2,0,1,0.13920233809498894,1.137795612959228
1,0,1,0,0.3920903288424788,1,2,1,0,0,2,2,2,2,0,1,0,1.3755793062185846,0.9851463231187668
1,0,1,0,0.43281069256250915,1,2,0,2,0,2,0,2,2,1,1,2,0.5131066631323666,0.5743609075972252
1,0,1,0,-0.9924020376385531,1,0,1,2,0,0,0,0,0,0,1,3,0.3402797751150897,-0.715437354970949
1,0,1,1,1.2879383306831464,1,2,1,0,2,2,2,2,2,2,1,1,1.476948923228718,1.9683003981042457
0,0,0,0,0.7992939660427822,1,0,0,2,0,2,2,0,0,1,0,1,-0.22639300194155818,0.3364089004427376
1,0,0,0,0.9214550572028734,1,2,0,0,0,2,0,2,2,2,1,0,0.43334040712439253,0.9016083374791968
1,1,1,0,-1.1552834925186746,1,0,1,0,0,0,0,0,0,0,1,2,0.18074726309914202,-0.8820942024774062
0,0,0,0,-1.0738427650786138,1,0,0,0,0,0,2,0,0,0,1,0,-0.5022513039691348,-0.8878295804193889
1,1,0,0,-1.2774445836787656,1,2,1,0,0,0,0,0,0,0,1,2,0.3303089931140931,-0.9728234696903856
0,0,0,0,-1.0738427650786138,0,1,0,2,0,0,0,0,0,0,0,0,-1.1736172920362484,-0.9345508515006168
0,0,0,0,-1.2774445836787656,1,0,1,0,0,0,0,0,0,0,0,2,0.1774236690988095,-0.9748529111160101
0,0,0,0,-1.2774445836787656,1,0,2,1,1,1,1,1,1,0,1,3,-1.5076384890696393,-0.9972208850897424
0,0,1,0,-0.7888002190384014,1,2,0,2,2,0,2,2,0,0,1,2,0.3801629031190768,-0.5727808582370959
0,0,0,1,-0.7888002190384014,1,0,1,0,2,2,0,0,0,0,1,2,0.4815325201292102,-0.5153388422335466
1,0,1,1,-0.3408762181180675,1,2,2,1,1,1,1,1,1,2,1,0,-1.3514295710540236,-0.7466289873169623
0,0,0,0,1.4100994218432374,1,2,2,1,1,1,1,1,1,2,1,3,-1.2849576910473786,-0.22949642926350394
1,0,1,1,1.0843365120829946,1,0,0,0,2,2,2,2,2,1,0,1,0.39844267012090406,0.998028864342297
1,0,1,1,1.5729808767233588,1,0,0,2,2,2,2,2,2,2,0,0,0.6875953481498096,1.6545090472400028
0,1,0,0,1.2879383306831464,1,2,1,2,0,2,2,2,2,0,1,0,1.4686399382278874,2.1316042554292363
1,1,0,0,-1.0738427650786138,1,0,1,2,0,0,0,2,0,0,1,0,0.677624566148813,-0.7836001158968197
0,0,0,0,0.18848851024232702,1,0,1,0,2,2,0,0,0,1,0,2,0.5081212721318681,0.3261955158768223
1,0,0,0,-0.13727439951791576,1,2,1,0,0,0,0,0,2,0,1,2,0.6693155811479823,0.10432462610581666
1,0,1,1,1.6137012404433893,1,2,2,1,1,1,1,1,1,2,0,0,-1.329826210051864,-0.22506254093143277
1,0,0,0,-0.3408762181180675,1,0,1,0,0,0,2,2,2,0,1,2,1.0382345151848615,-0.06939114809846539
1,1,1,0,-0.46303730927815856,1,0,1,0,0,2,0,2,0,0,0,0,0.7241548821534641,-0.18639285811491127
0,0,0,0,-1.1145631287986442,1,0,0,0,0,0,0,0,0,0,1,1,-0.6883725679877406,-0.9165947067130248
0,0,0,0,1.247217966963116,1,2,1,0,2,0,0,2,2,2,0,0,1.086426628189679,1.7529369563827975
1,0,1,0,1.1657772395230555,1,2,1,0,0,0,0,2,2,1,1,0,1.0548524851865226,1.4973596916296785
0,0,0,0,0.8400143297628127,1,0,2,1,1,1,1,1,1,2,0,3,-1.5309036470719648,-0.5620821724607052
0,1,0,0,-1.2774445836787656,0,1,0,0,0,0,0,0,0,0,1,3,-1.2949284730483754,-0.9943973144106124
1,0,0,0,-0.2594354906780068,1,0,1,0,2,2,2,0,0,1,1,2,0.6792863631489789,-0.04197162970660216
1,0,1,1,-0.9924020376385531,1,0,2,1,1,1,1,1,1,2,0,3,-1.4827115340671475,-0.9327640606802298
1,1,0,0,1.125056875803025,1,2,0,2,2,0,0,0,2,1,1,2,0.23226297010429173,0.924196902912236
0,0,1,1,-0.5037576729981889,1,2,1,0,0,2,2,0,2,0,1,0,1.0216165451832002,-0.16038512506261304
0,0,0,0,1.0843365120829946,1,2,1,2,2,2,0,0,2,0,1,0,1.1528985081963241,1.475300545698976
1,0,0,0,-1.1552834925186746,1,0,2,1,1,1,1,1,1,0,1,2,-1.481049737066981,-0.9812059451440526
1,0,0,0,-1.2367242199587352,1,0,2,1,1,1,1,1,1,0,0,3,-1.4960059100684764,-0.9884413450093228
0,0,1,1,0.14776814652229667,1,0,0,2,0,0,0,0,0,0,0,1,-0.45572098796448335,-0.20503283642635486
1,0,0,0,-0.30015585439803716,1,0,2,1,1,1,1,1,1,0,1,3,-1.4827115340671475,-0.7691513753122096
1,0,1,0,1.5729808767233588,1,2,0,2,0,2,2,2,2,2,0,2,0.612814483142334,1.6969508440106749
1,0,1,0,1.1657772395230555,1,2,1,2,0,2,2,2,0,0,0,0,1.1512367111961581,1.6164570205095412
0,0,1,1,0.18848851024232702,1,0,0,2,2,0,0,2,2,1,0,0,0.3436033691154218,0.16723731030018033
0,1,0,0,0.880734693482843,1,2,0,2,2,0,2,2,2,1,0,0,0.5878875281398422,0.9134099805521226
0,0,1,1,1.5729808767233588,1,2,1,2,2,2,2,2,2,2,0,1,1.624848856243503,2.5972728260263658
1,0,0,0,-1.2774445836787656,1,2,1,0,2,0,0,0,0,0,1,2,0.47820892612887816,-0.9708602057025529
1,0,0,0,1.6137012404433893,1,2,0,2,2,2,2,2,2,2,0,0,0.7274784761537967,1.7404955980778813
0,1,1,0,-0.0965540357978854,1,2,1,0,2,0,0,2,0,0,1,2,0.8404806721650927,0.15329593007197617
1,0,1,0,-0.0965540357978854,1,2,0,0,0,0,0,0,0,0,0,2,-0.49394231896830415,-0.3696161242153261
1,0,0,0,0.758573602322752,1,2,1,0,2,2,2,0,0,0,1,2,0.750743634156122,0.9676313612497891
0,0,0,1,-0.4223169455581282,1,2,1,0,0,0,0,0,2,0,1,2,0.6643301901474837,-0.2042607663187803
1,0,1,0,1.5729808767233588,1,0,1,0,2,2,2,2,2,2,1,2,1.3456669602155942,2.2112157130931416
0,0,1,1,0.43281069256250915,0,1,0,2,0,2,2,2,2,1,1,1,-0.14496494893341827,0.1591857220354739
0,0,0,0,-1.2774445836787656,1,0,1,0,0,0,0,0,0,0,1,3,0.179085466098976,-0.9748308519700793
0,1,1,0,1.5729808767233588,1,0,1,2,2,2,2,2,0,2,1,2,1.1512367111961581,2.1567296226443067
0,0,0,0,0.35136996512244845,1,0,0,2,0,2,2,2,2,1,1,0,0.5014740841312035,0.45927834327675043
1,0,1,0,-0.5851984004382496,1,2,1,0,0,0,0,0,0,0,1,2,0.2787932861089434,-0.4296170011468368
1,0,1,1,1.369379058123207,1,2,2,1,1,1,1,1,1,2,1,1,-1.3115464430500368,-0.2679675797666491
0,0,0,0,-1.2774445836787656,1,0,1,0,0,0,0,2,0,0,0,2,0.44164939212522314,-0.9713455069130283
0,0,1,0,0.18848851024232702,1,2,1,0,0,2,0,2,2,0,1,2,1.15456030519649,0.6539503061151998
0,0,0,0,-1.0738427650786138,1,0,0,2,2,0,0,0,0,0,0,2,-0.28289409994720643,-0.8341155600781284
0,0,1,1,-1.2774445836787656,1,0,2,1,1,1,1,1,1,0,0,3,-1.4694171580658184,-0.9967135247333362
0,0,1,0,0.025607055362205634,1,2,1,0,0,2,2,0,2,0,1,1,1.0049985751815391,0.32136456291799853
1,0,1,0,0.5549717837226001,1,2,1,0,2,2,0,2,0,1,1,2,0.9933659961803764,0.8968215028122342
1,0,0,0,1.1657772395230555,1,2,1,2,0,2,2,2,2,2,1,1,1.5567151792366918,2.0278159738252812
0,0,1,1,0.9214550572028734,1,0,2,1,1,1,1,1,1,1,0,1,-1.51594747407047,-0.5654351626421721
0,0,1,0,0.18848851024232702,1,2,1,0,0,2,0,0,0,0,1,1,0.47156173812821356,0.24702524113153115
0,0,1,1,-0.015113308357824713,0,1,0,2,2,0,0,0,0,0,1,2,-0.9841724340173105,-0.5420745271015581
1,0,1,1,-0.9924020376385531,1,0,2,1,1,1,1,1,1,2,0,3,-1.4976677070686424,-0.9483157585613751
1,0,1,1,1.5322605130033284,1,0,1,2,2,2,2,2,0,2,1,1,1.2077378092018058,2.0802064454107
1,1,1,0,-0.0965540357978854,1,0,0,0,2,0,0,0,0,0,1,0,-0.4773243489666429,-0.33187292552789416
0,0,0,0,1.125056875803025,1,2,1,0,0,2,0,0,0,1,1,0,0.47987072312904416,1.0964567734850916
0,0,0,0,-1.2774445836787656,1,0,2,1,1,1,1,1,1,0,0,3,-1.4744025490663168,-0.9967797021711283
1,1,1,0,0.025607055362205634,1,2,1,2,0,2,2,2,2,0,1,0,1.5002140812310438,0.6242586956924742
0,0,1,0,1.1657772395230555,1,2,1,0,0,2,2,2,2,0,1,2,1.3822264942192488,1.9728004638741095
0,0,0,0,-1.0738427650786138,1,0,1,2,2,2,2,0,2,0,1,0,1.109691786192005,-0.7554305865433125
0,0,1,1,1.6137012404433893,1,2,2,1,1,1,1,1,1,2,0,0,-1.3148700370503688,-0.21723154412603338
1,0,1,1,-1.1552834925186746,1,0,2,1,1,1,1,1,1,0,0,3,-1.5259182560714666,-0.9686322319635521
0,0,0,0,1.0436161483629645,1,2,1,2,2,2,0,2,2,1,1,2,1.4287568102239003,1.788121294142268
1,0,0,0,-1.2774445836787656,1,0,2,1,1,1,1,1,1,0,0,3,-1.4677553610656522,-0.9966914655874056
1,0,0,0,-0.9924020376385531,1,2,1,0,2,0,0,2,2,0,0,2,1.1994288242009752,-0.6442083727607106
1,0,0,0,-1.1552834925186746,1,0,2,1,1,1,1,1,1,0,0,3,-1.4960059100684764,-0.9712352111833749
0,1,1,0,1.6137012404433893,1,2,1,0,2,2,2,2,2,2,1,1,1.5301264272340338,2.471734226534738
0,0,1,1,-0.3408762181180675,0,1,0,2,2,2,2,0,2,2,1,3,-0.40752887495966567,-0.47276469058729087
0,0,1,0,-1.0331224013585834,1,0,1,0,0,0,0,0,0,0,1,2,0.14086413509515497,-0.7821442122653932
1,1,1,0,-0.9109613101984924,1,0,1,2,0,0,0,0,0,0,0,2,0.3502505571160864,-0.687929599995363
0,1,0,0,-1.2367242199587352,1,2,1,0,0,0,0,0,0,0,1,3,0.35523594811658493,-0.9358964594023895
0,0,0,1,-0.62591876415828,1,2,1,0,2,2,2,0,0,0,1,1,0.9285559131738974,-0.31892420686657186
1,0,1,0,1.0843365120829946,1,2,0,2,0,0,2,0,2,1,1,3,0.14418772909548702,0.8017024655590449
0,0,1,0,1.6137012404433893,1,2,1,2,2,2,2,2,2,2,1,0,1.624848856243503,2.60430969357826
0,1,1,0,1.4508197855632678,1,2,1,2,2,0,0,0,2,1,1,1,1.0565142821866886,1.8980420183149582
0,0,1,1,-0.1779947632379461,1,0,2,1,1,1,1,1,1,1,0,3,-1.491020519067978,-0.7662175089034261
1,0,1,1,0.18848851024232702,1,0,0,2,0,2,2,0,0,1,1,3,-0.19980424993890028,-0.03380974571224224
1,0,1,1,0.9214550572028734,1,0,2,1,1,1,1,1,1,1,0,3,-1.504314895069307,-0.5529717451913252
1,0,0,0,0.5142514200025698,1,2,1,2,0,2,2,2,2,0,1,1,1.4520219682262263,1.1845610023323172
1,1,1,0,1.4100994218432374,1,2,1,2,2,0,0,0,0,0,0,0,0.6344178441444933,1.459903261839346
1,0,0,0,1.3286586944031769,1,2,1,0,2,2,0,2,2,2,0,1,1.3406815692150957,1.9200791050997303
0,0,1,1,1.5322605130033284,1,0,0,2,0,0,2,2,2,2,0,1,0.35191235411625243,1.3932625819826936
0,0,1,1,1.4915401492832983,1,2,2,1,1,1,1,1,1,2,1,0,-1.3015756610490399,-0.26750433770210424
0,0,1,1,1.3286586944031769,1,2,2,1,1,1,1,1,1,2,1,0,-1.3115464430500368,-0.2343494413682585
1,0,1,1,1.5729808767233588,1,2,1,0,2,0,2,0,0,2,1,2,0.6659919871476498,1.708553954770224
1,0,1,1,1.5322605130033284,0,1,0,0,2,2,2,2,2,1,0,2,-0.1466267459335843,0.8201439115571123
1,0,1,1,0.9621754209229036,1,0,0,2,2,2,0,0,0,2,1,0,-0.16490651293541178,0.5195880482512909
0,0,1,0,0.47353105628253944,1,2,1,2,2,2,2,0,0,0,1,1,1.0083221691818711,0.7856654664674244
1,0,0,0,-0.8295205827584317,1,0,0,0,2,0,0,0,0,0,1,0,-0.5221928679711283,-0.7441363038267929
0,0,1,0,-1.2774445836787656,1,0,0,0,0,0,0,0,0,0,1,2,-0.6335332669822583,-0.985617774330193
0,0,1,0,0.025607055362205634,1,2,1,0,0,0,0,0,2,0,0,1,0.7108605061521354,0.20557610592774106
0,0,0,0,-0.6666391278783103,1,2,1,0,2,2,0,0,2,0,1,1,1.0249401391835322,-0.3194536263689086
1,1,0,0,0.43281069256250915,1,2,1,0,0,0,0,2,0,0,1,2,0.6676537841478158,0.6025966143885244
1,0,1,0,0.025607055362205634,1,2,0,2,2,2,0,2,0,0,1,0,0.2654989101076142,0.07399330045110075
0,0,0,0,-0.055833672077855064,1,2,1,0,0,2,0,0,2,0,1,2,0.8354952811645946,0.23257650054692103
1,1,0,0,-1.1960038562387048,1,2,1,0,0,2,0,2,0,0,0,2,0.8737166121684152,-0.8782338519395333
1,0,1,0,0.6771328748826912,1,2,0,2,0,2,2,2,2,1,0,2,0.6510358141461546,0.7851360469650874
1,1,0,0,-1.2367242199587352,1,0,0,0,0,0,0,0,0,0,1,2,-0.6667692069855808,-0.9644409942367187
1,0,0,0,-0.9924020376385531,1,2,1,0,2,2,0,2,0,0,1,2,0.9717626351782166,-0.6644586687250954
1,0,0,0,-0.2594354906780068,1,0,1,0,2,2,0,2,0,0,0,2,0.8321716871642622,0.024514636128535248
1,0,0,0,-1.2774445836787656,1,0,2,1,1,1,1,1,1,0,0,3,-1.502653098069141,-0.9971547076519502
0,0,1,0,1.5729808767233588,0,1,0,2,2,0,2,2,2,2,0,3,-0.20312784393923258,0.8230336596740344
0,0,1,0,1.6137012404433893,0,1,0,0,2,2,2,2,2,2,1,2,-0.1582593249347472,0.8754241312594527
0,0,1,0,1.4100994218432374,1,2,0,2,2,2,0,0,2,1,0,3,0.3436033691154218,1.2285689984640686
0,0,1,0,-0.5851984004382496,1,0,0,0,0,2,2,0,0,1,1,1,-0.34438058895335305,-0.5835236623053481
1,0,1,0,1.2064976032430856,1,2,1,2,2,0,0,0,2,1,0,2,1.0415581091851935,1.6419573932054332
1,1,0,0,-0.055833672077855064,1,2,1,0,0,2,2,2,0,0,1,0,1.0581760791868549,0.26392254691444916
1,0,1,0,-0.9924020376385531,1,0,2,1,1,1,1,1,1,0,0,3,-1.479387940066815,-0.9359185185483203
0,0,0,0,1.5322605130033284,0,1,0,2,2,2,2,0,0,2,1,0,-0.6700928009859131,0.343423708848701
1,0,1,0,1.4915401492832983,0,1,0,0,2,2,2,2,2,1,1,1,-0.13167057293208934,0.8751594215082842
0,0,0,0,-1.2774445836787656,1,0,1,0,0,0,0,2,2,0,0,2,0.85876043916692,-0.9658086612844221
0,0,0,0,-0.38159658183809786,1,2,0,2,0,2,0,2,2,1,1,2,0.4582673621268844,-0.1926576555592308
1,0,1,0,1.6137012404433893,1,2,0,2,0,2,2,2,2,2,0,1,0.7274784761537967,1.6828991680528171
0,0,1,1,0.7178532386027215,1,0,1,0,0,0,0,0,0,0,1,0,0.1657910900976468,0.5638166358423494
1,0,0,0,0.47353105628253944,1,2,1,0,0,2,0,0,2,0,1,3,0.8521132511662559,0.7867463646180288
0,0,1,0,1.6137012404433893,1,0,2,1,1,1,1,1,1,2,0,0,-1.4860351280674797,-0.3776897716259632
0,0,0,0,-0.9924020376385531,0,1,0,0,2,0,0,0,0,0,1,3,-1.1802644800369129,-0.9056533703313965
1,0,0,0,0.26992923768238775,0,1,0,0,0,2,2,0,0,1,0,3,-0.9708780580159815,-0.42820521580727183
0,0,0,0,-0.5851984004382496,1,0,0,0,0,2,0,0,0,0,1,3,-0.4906187249679718,-0.6119358422640928
1,1,1,1,-0.015113308357824713,1,0,1,0,2,0,0,2,2,0,1,3,0.9701008381780505,0.2566430287573173
1,0,1,0,1.5729808767233588,1,2,1,0,0,2,0,2,2,1,1,1,1.1263097561936661,2.066110651160981
0,0,1,0,-1.2367242199587352,1,0,1,0,0,0,0,0,0,0,1,2,0.19736523310080326,-0.9433745098728977
1,0,1,1,1.247217966963116,1,0,2,1,1,1,1,1,1,2,0,3,-1.4976677070686424,-0.4428966069971198
1,0,0,0,0.43281069256250915,1,0,0,0,2,0,0,0,2,2,1,2,-0.1582593249347472,0.11859689352298133
0,0,1,0,0.3920903288424788,1,2,1,0,0,2,2,0,0,0,1,1,0.7025515211513048,0.6397221569898968
0,0,0,0,-0.3408762181180675,1,2,2,1,1,1,1,1,1,2,0,1,-1.3165318340505352,-0.7618056797172855
1,0,1,0,1.247217966963116,0,1,0,2,2,2,0,2,2,2,0,2,-0.19149526493806968,0.6299499553425955
1,0,1,1,-1.0331224013585834,1,0,2,1,1,1,1,1,1,0,0,3,-1.479387940066815,-0.942095079408917
1,0,0,1,-0.5037576729981889,1,0,2,1,1,1,1,1,1,0,1,2,-1.5076384890696393,-0.8405568306898934
1,0,1,0,0.47353105628253944,1,0,2,1,1,1,1,1,1,1,1,0,-1.4710789550659844,-0.6241345499637714
1,0,1,0,-0.1779947632379461,1,0,0,2,2,0,2,0,0,0,0,3,-0.12834697893175703,-0.2179815550876772
1,1,1,0,-0.9924020376385531,1,0,0,2,0,0,0,2,0,0,0,0,-0.12834697893175703,-0.7622689217818303
0,0,1,1,1.5322605130033284,1,2,1,0,2,2,2,2,2,2,1,2,1.5101848632320405,2.386828573847464
1,1,1,0,1.6137012404433893,1,0,0,2,2,2,2,2,0,2,0,0,0.32033821111309646,1.3592914972494117
1,0,0,0,-1.2774445836787656,1,2,0,2,2,0,0,0,0,0,0,2,-0.12003799393092641,-0.9788014982376059
1,0,1,0,1.4100994218432374,1,2,2,1,1,1,1,1,1,2,0,1,-1.3015756610490399,-0.21831244227663774
1,0,1,1,0.10704778280226633,1,0,1,0,2,0,2,2,0,1,1,2,0.82884809316393,0.39082881345378057
1,1,1,0,0.5142514200025698,1,2,0,2,0,2,2,0,2,2,0,1,0.34526516611558833,0.5296911370875527
0,0,0,1,-0.8702409464784621,1,0,2,1,1,1,1,1,1,0,0,1,-1.4976677070686424,-0.9103960867064975
1,0,0,0,-1.1552834925186746,1,0,0,0,0,0,2,2,0,0,1,2,-0.1150526029304281,-0.895748813808511
0,0,0,0,-0.6666391278783103,1,0,2,1,1,1,1,1,1,1,0,3,-1.4843733310673135,-0.8751235123633042
0,0,0,0,-0.5851984004382496,1,0,2,1,1,1,1,1,1,0,1,3,-1.502653098069141,-0.8340493826403362
0,1,0,0,-1.1552834925186746,1,2,1,0,0,0,0,2,2,0,1,2,0.9817334171792131,-0.8185197439051216
0,0,1,0,-0.5037576729981889,1,0,2,1,1,1,1,1,1,1,0,3,-1.4760643460664828,-0.8323287692577414
1,0,0,0,1.4100994218432374,1,2,0,2,2,2,2,2,2,1,1,0,0.7989357471609396,1.5985891123056721
1,1,1,0,0.3106496014024181,1,0,1,2,2,2,2,2,0,1,1,1,1.109691786192005,0.8104820056394647
0,0,0,0,-1.0738427650786138,1,0,2,1,1,1,1,1,1,0,1,3,-1.4561227820644893,-0.9574703041226166
0,0,1,0,1.0843365120829946,1,2,1,0,0,2,2,2,0,0,0,2,0.9501592741760567,1.3706519574037235
0,0,0,0,0.7178532386027215,0,1,0,0,2,2,2,0,0,2,0,1,-0.8329489070021932,-0.15308354775955052
1,0,1,0,-1.2774445836787656,1,0,1,0,0,0,2,2,0,0,1,2,0.6659919871476498,-0.9683675222123835
0,0,1,0,-0.7888002190384014,1,0,0,0,0,0,0,0,0,1,0,2,-0.6966815529885713,-0.7443127769942385
1,0,0,1,-0.46303730927815856,1,2,2,1,1,1,1,1,1,0,0,3,-1.33148800705203,-0.7996812332803017
0,0,0,0,0.35136996512244845,1,2,1,0,2,2,0,2,2,0,1,2,1.3805646972190828,0.9545944060047439
0,0,0,1,0.06632741908223598,1,0,1,2,2,2,0,2,2,0,1,0,1.3489905542159264,0.6215674798889286
1,0,0,0,-0.13727439951791576,1,0,1,0,0,2,2,2,2,0,1,1,1.1312951471941644,0.23266473713064376
0,0,0,0,0.3106496014024181,1,0,0,2,2,0,0,2,0,0,0,3,0.011243969082197169,0.13511919382507742
1,0,0,0,-1.2774445836787656,1,0,1,0,0,0,0,0,0,0,0,2,0.1724382780983114,-0.9749190885538024
0,0,1,1,0.6771328748826912,1,2,1,0,2,0,0,2,2,0,1,2,1.116338974192669,1.1512516919769564
1,0,0,0,0.10704778280226633,1,2,0,2,0,2,0,0,0,0,1,2,-0.17155370093607614,-0.08154573750628233
1,0,0,0,-0.9924020376385531,1,0,0,0,0,0,0,0,2,0,1,1,-0.3327480099521901,-0.8125196562119705
1,0,0,0,-0.5851984004382496,1,0,0,2,0,2,2,2,0,0,1,2,0.11926077409299518,-0.4323302760963133
1,1,1,0,0.7178532386027215,1,2,1,2,0,2,0,2,2,2,1,1,1.3390197722149297,1.2721799299690677
0,1,1,0,-0.015113308357824713,1,2,1,0,0,0,0,2,0,0,1,1,0.7042133181514708,0.15391358615803588
0,0,0,0,-0.38159658183809786,1,0,0,0,0,2,0,0,0,0,0,1,-0.5005895069689685,-0.5287508029594138
1,0,0,0,-1.1960038562387048,1,0,1,0,0,0,0,2,0,0,1,2,0.45660556512671835,-0.8989915082603244
1,0,1,1,0.22920887396235737,1,2,0,0,2,2,0,2,2,1,0,1,0.47156173812821356,0.25712832996779295
1,0,1,0,0.758573602322752,1,2,1,2,2,0,0,0,2,1,1,1,1.0515288911861906,1.1608915387486736
1,0,0,0,-1.1145631287986442,1,0,0,0,0,2,2,0,0,0,0,2,-0.28621769394753876,-0.8771970720807902
0,0,1,0,1.247217966963116,1,0,1,0,2,0,0,2,2,1,1,2,1.0382345151848615,1.6897375032913349
1,1,0,0,-1.2774445836787656,1,0,1,0,0,0,0,0,0,0,1,2,0.22893937610395967,-0.9741690775921583
1,0,1,1,-1.1552834925186746,0,1,0,2,0,0,0,2,0,0,0,1,-0.8711702380060141,-0.9369111801152019
0,0,0,0,0.3920903288424788,1,2,0,2,2,0,0,0,0,1,1,0,-0.15327393393424887,0.06258872200492761
0,0,1,1,1.5729808767233588,1,2,1,2,2,2,0,2,0,2,0,0,1.1877962451998125,2.096022853043013
1,0,0,0,-1.2774445836787656,1,0,0,0,0,0,0,0,0,0,1,3,-0.6335332669822583,-0.985617774330193
1,1,1,0,-0.13727439951791576,1,0,1,2,0,2,0,0,2,1,0,0,0.8421424691652587,0.16631082617109064
1,0,0,0,-0.055833672077855064,1,0,1,0,2,0,0,2,2,0,1,2,0.9883806051798778,0.3085923174241217
1,0,0,0,-0.9516816739185228,1,0,0,2,0,0,2,0,2,0,0,3,0.006258578081699082,-0.7640998308940786
0,1,0,0,-0.6666391278783103,1,0,0,0,0,0,2,2,0,0,0,2,-0.17820088893674074,-0.5540526433419295
1,0,0,0,-1.2774445836787656,1,0,2,1,1,1,1,1,1,0,0,3,-1.4744025490663168,-0.9967797021711283
0,0,1,0,-0.0965540357978854,1,2,1,0,2,0,2,2,0,0,1,1,0.9750862291785486,0.23149560239631647
0,0,1,0,0.6771328748826912,1,0,2,1,1,1,1,1,1,1,0,1,-1.5209328650709681,-0.6004650863801275
0,0,1,1,-0.38159658183809786,1,2,0,0,2,0,2,2,0,0,1,1,0.1574821050968162,-0.2769015338685836
0,0,0,0,-1.2774445836787656,1,0,1,0,0,2,0,0,0,0,1,2,0.33695618111475767,-0.9727352331066627
1,0,1,0,-0.9109613101984924,1,0,0,0,2,0,0,0,0,1,0,3,-0.5055748979694671,-0.7959091193261516
1,0,1,1,0.7178532386027215,1,2,2,1,1,1,1,1,1,2,0,3,-1.3231790220511994,-0.44924964102516207
0,0,1,0,1.125056875803025,1,2,1,2,2,0,0,0,2,0,1,1,0.9750862291785486,1.4100937103278195
0,0,0,0,-1.2774445836787656,1,0,2,1,1,1,1,1,1,0,1,3,-1.477726143066649,-0.9968238204629898
1,0,0,0,-1.2367242199587352,1,2,0,0,0,0,0,0,2,0,0,0,-0.09012564792793624,-0.9535878944388129
1,1,1,0,-0.015113308357824713,1,2,1,0,0,0,0,0,0,0,1,2,0.33695618111475767,0.010418841878816238
0,0,1,0,0.025607055362205634,1,0,2,1,1,1,1,1,1,0,0,3,-1.4860351280674797,-0.7104299288446795
0,1,1,1,-0.3408762181180675,1,0,1,0,0,2,0,2,2,2,1,2,1.0565142821866886,-0.007184356573884383
1,1,1,0,0.35136996512244845,1,2,1,0,2,2,2,2,2,1,1,2,1.5683477582378549,0.9949405839119987
0,1,1,0,0.3106496014024181,0,1,0,0,2,0,0,2,0,0,1,2,-0.8462432830035223,-0.28338692277221006
1,0,1,1,0.22920887396235737,1,2,2,1,1,1,1,1,1,2,0,1,-1.3198554280508674,-0.5805015593128419
1,1,1,0,1.2879383306831464,1,2,1,2,0,2,2,2,2,2,1,0,1.5567151792366918,2.1261777055302837
0,1,1,0,1.4508197855632678,1,0,0,0,2,2,2,0,0,1,1,0,-0.13665596393258767,0.7483193324067451
1,0,1,0,1.5729808767233588,0,1,0,0,2,0,0,2,2,2,0,2,-0.5122220859701314,0.545088420947183
1,0,0,1,0.06632741908223598,1,2,1,2,2,0,0,2,2,1,1,2,1.2974748472107767,0.5254778402147886
1,1,0,0,-0.5444780367182193,1,2,1,2,0,0,0,2,0,0,1,2,0.85876043916692,-0.27341618881153257
1,0,0,0,-1.2774445836787656,1,0,2,1,1,1,1,1,1,0,0,3,-1.481049737066981,-0.9968679387548512
1,0,1,0,-0.62591876415828,1,2,1,0,2,2,0,2,2,0,1,2,1.2559299222066236,-0.23701859802587347
0,0,1,1,0.880734693482843,1,2,1,2,2,0,0,2,2,0,1,0,1.3074456292117733,1.4850506882003467
1,0,0,0,0.3106496014024181,0,1,0,2,2,2,0,2,2,1,0,1,-0.09012564792793624,0.1022731255342615
0,0,0,0,0.43281069256250915,1,2,1,2,2,2,2,2,2,2,0,1,1.6713791722481544,1.1538546711967796
0,0,0,0,-0.7888002190384014,1,2,1,0,0,0,0,0,0,0,1,3,0.3402797751150897,-0.5648395657020431
1,0,0,0,1.369379058123207,1,2,2,1,1,1,1,1,1,1,0,0,-1.3065610520495383,-0.2561438775477925
1,0,0,0,-1.2774445836787656,1,0,0,0,0,0,0,0,0,0,0,1,-0.6169152969805971,-0.985397182870886
0,0,0,0,-1.2367242199587352,1,0,0,0,0,0,0,0,0,0,1,2,-0.6435040489832552,-0.9700660764490477
1,0,0,0,-0.13727439951791576,0,1,0,0,0,0,0,0,0,1,1,3,-1.3265026160515319,-0.6581056346970532
0,0,0,0,-0.30015585439803716,1,2,1,0,2,0,0,2,2,0,1,2,1.1794872601989819,0.04765468020984207
0,1,0,0,-0.46303730927815856,0,1,0,2,0,0,0,2,0,0,1,2,-0.7598298389948839,-0.6351420637831919
0,1,1,0,0.22920887396235737,1,0,1,2,0,0,0,0,2,0,1,2,0.6211234681431647,0.38268898860535144
0,0,1,1,-1.0738427650786138,1,0,2,1,1,1,1,1,1,1,0,1,-1.5209328650709681,-0.9592350357970728
1,0,1,0,0.9214550572028734,1,2,1,0,0,2,2,2,2,1,1,2,1.3091074262119398,1.527955727035563
1,0,1,1,1.0843365120829946,1,2,1,0,0,2,0,2,2,2,1,1,1.15456030519649,1.5803241394750507
0,0,0,1,0.6771328748826912,1,0,2,1,1,1,1,1,1,1,0,1,-1.505976692069473,-0.5993180107917311
1,0,1,0,-0.9109613101984924,1,0,2,1,1,1,1,1,1,1,0,0,-1.5009913010689746,-0.9221977297794234
1,0,0,0,-0.38159658183809786,1,2,1,0,0,2,0,0,0,0,1,2,0.5396954151350245,-0.15998806043586045
0,0,0,0,-1.2774445836787656,1,0,2,1,1,1,1,1,1,0,1,3,-1.479387940066815,-0.9968458796089206
1,0,1,1,-0.055833672077855064,1,2,1,2,0,2,0,2,0,1,0,0,1.1063681921916724,0.35399003974950743
0,1,1,1,0.9621754209229036,1,0,0,2,0,0,2,2,2,2,1,1,0.2605135191071156,0.7961656199304387
0,0,1,0,1.5729808767233588,1,0,0,0,2,2,2,2,2,2,1,1,0.5297246331340278,1.511190776128229
0,0,0,0,0.5549717837226001,1,2,0,2,0,2,0,2,2,2,0,3,0.47987072312904416,0.5797433392043168
1,1,0,0,-0.7073594915983407,1,0,1,0,2,0,0,0,0,0,1,2,0.32033821111309646,-0.5318170242437815
0,0,1,0,-1.2367242199587352,1,0,2,1,1,1,1,1,1,0,0,0,-1.4926823160681442,-0.9828383219429244
0,0,1,0,1.5729808767233588,1,2,2,1,1,1,1,1,1,2,0,3,-1.3597385560548543,-0.26807787549630263
1,0,1,1,0.3106496014024181,1,0,2,1,1,1,1,1,1,2,0,3,-1.5009913010689746,-0.6488849116980195
0,0,1,0,-0.9924020376385531,1,0,2,1,1,1,1,1,1,0,0,0,-1.4827115340671475,-0.9368450026774098
0,0,0,0,-0.8295205827584317,1,0,0,0,0,0,0,0,0,0,1,2,-0.6551366279844181,-0.7749970489838457
1,1,0,0,-1.1960038562387048,1,2,1,0,0,0,0,2,2,0,1,2,1.0000131841810405,-0.8576526687861878
1,1,0,1,-0.5851984004382496,1,2,1,0,0,0,0,2,2,0,1,2,1.0199547481830342,-0.2325847096938023
1,0,1,0,1.6137012404433893,1,2,1,0,2,2,2,2,2,2,1,2,1.4437129832253957,2.453358957974463
0,0,1,0,1.5322605130033284,1,2,0,2,2,2,2,2,2,2,1,1,0.9983513871808745,2.0203158642088423
0,0,0,0,0.5956921474426305,1,0,0,0,0,2,2,2,2,2,0,3,0.32200000811326246,0.5429045655000436
0,1,0,0,-0.13727439951791576,1,2,0,2,2,0,0,0,0,0,1,0,-0.20645143793956489,-0.2474084557592343
1,0,1,1,1.6137012404433893,1,0,2,1,1,1,1,1,1,2,0,2,-1.4694171580658184,-0.37376324365029817
0,0,0,0,0.26992923768238775,0,1,0,0,2,2,2,0,0,0,0,0,-0.7864185909975417,-0.301188653538287
0,0,1,1,-1.0331224013585834,1,0,2,1,1,1,1,1,1,0,0,3,-1.4727407520661506,-0.939271508729787
0,0,1,0,1.5729808767233588,1,2,1,2,2,0,0,2,0,1,0,3,1.0266019361836989,2.019389380079753
0,0,0,0,0.758573602322752,1,0,1,0,0,0,0,2,2,1,0,1,0.7573908221567865,0.9689107917137697
0,0,1,1,0.7992939660427822,1,0,1,2,0,2,0,2,2,1,0,2,1.1811490571991479,1.3079819238145978
0,1,0,0,0.5549717837226001,1,0,1,0,2,0,0,2,2,1,0,1,1.0133075601823696,0.9461016348214234
1,0,1,0,0.22920887396235737,1,2,1,0,2,2,0,2,0,0,1,2,0.9933659961803764,0.5931994182220452
1,1,1,1,-0.9109613101984924,0,1,0,0,0,0,0,0,2,0,1,0,-1.004113998019304,-0.8458069074214006
0,1,1,0,1.6137012404433893,1,2,1,2,2,2,2,2,2,2,1,0,1.6580847962468257,2.6710165508727046
1,0,0,0,-0.5444780367182193,1,0,1,0,0,0,0,2,0,0,1,0,0.46325275312738295,-0.3461672520909894
0,1,1,0,-1.1960038562387048,1,0,1,0,0,0,2,2,0,0,1,3,0.6360796411446599,-0.8878075212734581
0,0,0,0,1.4915401492832983,1,0,0,2,0,2,2,2,2,2,1,1,0.5878875281398422,1.4451236340657752
0,0,0,0,0.880734693482843,1,0,2,1,1,1,1,1,1,2,0,3,-1.4843733310673135,-0.5295449322129191
1,1,0,0,-0.8295205827584317,0,1,0,0,0,2,2,0,2,0,1,2,-0.7016669439890695,-0.7732984947471815
0,0,1,1,-0.9924020376385531,1,0,2,1,1,1,1,1,1,0,0,1,-1.4527991880641573,-0.9441245208345416
1,1,1,0,-0.38159658183809786,1,0,1,2,2,0,0,0,2,0,1,2,0.8388188751649267,-0.11278148814415713
1,0,0,0,-1.0331224013585834,1,0,1,2,0,0,0,0,0,0,0,3,0.31867641411292996,-0.7703646283383981
0,0,0,0,-1.0738427650786138,1,0,1,0,0,0,0,0,0,0,1,3,0.14917312009598557,-0.8211889005627366
1,0,0,0,0.5142514200025698,1,0,2,1,1,1,1,1,1,1,0,0,-1.5259182560714666,-0.6231418883968898
0,0,1,1,1.6137012404433893,1,2,0,2,2,2,2,0,2,2,0,0,0.534710024134526,1.5640003714863309
0,0,0,0,-1.2774445836787656,1,0,2,1,1,1,1,1,1,0,1,3,-1.4760643460664828,-0.9968017613170591
0,0,1,1,-0.38159658183809786,1,2,2,1,1,1,1,1,1,2,0,3,-1.3597385560548543,-0.7297537406799748
1,0,1,0,1.6137012404433893,1,0,1,0,0,2,0,2,2,0,1,2,0.9933659961803764,1.9710357321996532
0,0,1,0,1.4100994218432374,1,2,0,2,0,0,0,2,2,2,1,2,0.356897745116751,1.301364180035387
0,0,1,0,0.43281069256250915,0,1,0,2,2,0,2,2,0,1,1,0,-0.44907379996381874,-0.056530666020865795
1,0,0,0,-1.2774445836787656,1,0,0,0,0,0,0,0,0,0,1,2,-0.6351950639824246,-0.9856398334761236
1,1,1,0,1.125056875803025,1,2,1,0,2,2,0,2,2,1,1,2,1.3157546142126038,1.791077219696982
1,0,0,0,-1.2367242199587352,1,0,1,0,0,2,2,0,0,0,1,2,0.5014740841312035,-0.9385214977681432
0,0,0,0,-1.2774445836787656,1,0,1,0,0,2,0,0,0,0,0,2,0.358559542116917,-0.9724484642095634
1,0,1,0,1.6137012404433893,1,2,0,2,2,2,2,0,2,2,0,0,0.46823814412788106,1.536823503699705
0,0,1,1,-0.015113308357824713,1,2,1,2,0,0,0,2,0,0,0,2,0.8255244991635975,0.27444475952339437
0,0,0,0,1.1657772395230555,1,2,0,2,2,2,2,2,2,2,0,2,0.827186296163764,1.3363279263355503
0,0,1,1,1.2879383306831464,1,2,1,2,2,0,2,2,2,2,0,0,1.5135084572323727,2.0813094027072347
0,0,1,0,-0.748079855318371,1,0,2,1,1,1,1,1,1,1,0,3,-1.502653098069141,-0.8758514641790174
0,0,0,0,-0.7888002190384014,1,0,1,0,0,0,0,0,2,0,1,2,0.5230774451333633,-0.5593909566571595
1,0,1,0,-0.30015585439803716,1,0,2,1,1,1,1,1,1,1,1,0,-1.4561227820644893,-0.7873281115591083
0,0,0,0,0.5549717837226001,1,0,0,0,0,2,2,0,0,2,0,1,-0.34604238595351905,0.0795963235174993
1,0,0,0,-1.1552834925186746,1,0,0,0,0,0,0,0,0,0,1,2,-0.626886078981594,-0.9176535457176986
1,0,0,0,0.5956921474426305,1,0,2,1,1,1,1,1,1,2,0,0,-1.4727407520661506,-0.5897443414578062
1,0,1,1,0.8400143297628127,1,0,0,2,2,0,2,2,0,2,1,3,0.16412929309748078,0.6396559795521046
1,0,1,0,-0.9516816739185228,1,0,0,0,0,2,0,2,2,0,1,3,0.17576187209864347,-0.7567761944450854
0,0,1,0,1.5322605130033284,1,2,1,2,2,2,0,2,2,1,1,1,1.4420511862252297,2.493043361503797
1,0,0,0,0.7178532386027215,1,0,1,2,2,2,2,0,0,1,1,1,0.8421424691652587,1.0013597953778333
1,0,0,0,-0.9516816739185228,1,0,1,0,0,2,0,0,0,0,1,2,0.3003966471111027,-0.6950547041309799
0,0,1,0,1.5322605130033284,1,0,2,1,1,1,1,1,1,2,0,0,-1.4943441130683104,-0.38916052750992847
1,0,0,0,1.4100994218432374,1,2,1,2,2,2,2,2,2,1,1,0,1.7810577742591183,2.4372778405909807
1,0,0,0,-1.2774445836787656,1,0,2,1,1,1,1,1,1,0,1,0,-1.4993295040688086,-0.9971105893600889
0,0,1,1,1.369379058123207,1,2,1,0,0,0,0,0,0,1,1,0,0.3153528201125979,1.138038263564466
0,0,1,1,1.0436161483629645,1,0,2,1,1,1,1,1,1,2,0,1,-1.477726143066649,-0.4936767609295969
0,0,1,0,-1.318164947398796,0,1,0,2,0,2,2,2,0,2,1,0,-0.40586707795949967,-1.005779833710855
0,0,0,0,-1.2367242199587352,1,0,1,0,0,0,0,0,0,0,0,2,0.16246749609731476,-0.9417421330740257
0,0,0,0,0.35136996512244845,1,0,2,1,1,1,1,1,1,2,1,3,-1.4926823160681442,-0.6482231373200984
0,1,0,0,-1.1552834925186746,1,0,1,0,0,0,0,2,0,0,1,2,0.46823814412788106,-0.8766014751406613
1,0,0,0,-0.38159658183809786,1,0,2,1,1,1,1,1,1,1,0,0,-1.4827115340671475,-0.8268360419209965
1,1,1,0,1.1657772395230555,1,2,0,0,2,0,0,0,2,1,0,0,-0.023653767921291324,0.7159806244723351
0,0,0,1,-0.9924020376385531,1,0,2,1,1,1,1,1,1,0,0,3,-1.4860351280674797,-0.9336023082255965
1,0,0,0,-1.2774445836787656,1,0,1,0,2,0,0,0,0,0,1,2,0.35191235411625243,-0.9725367007932865
0,0,0,0,-0.4223169455581282,1,2,2,1,1,1,1,1,1,2,0,3,-1.2799723000468803,-0.7384671033226022
1,0,0,0,-1.2367242199587352,1,0,0,2,0,0,0,0,0,0,1,2,-0.5637377929752814,-0.9649924728849862
0,0,1,0,0.9214550572028734,1,2,1,0,0,2,0,0,0,0,1,2,0.43167861012422654,0.9610797949083704
1,0,1,1,1.125056875803025,1,2,1,0,0,0,0,0,0,0,0,0,0.31867641411292996,0.9589400577530924
0,0,1,1,0.758573602322752,1,2,1,2,0,0,2,2,0,1,1,3,1.0099839661820376,1.2001568185053242
0,0,0,0,-1.0331224013585834,1,0,1,0,0,0,0,2,0,0,1,3,0.5164302571326987,-0.7734087904768351
0,1,0,0,-1.2367242199587352,1,0,1,0,0,0,0,0,0,0,1,2,0.16080569909714826,-0.9476981024753154
0,0,0,0,0.10704778280226633,1,2,1,0,2,0,2,0,0,0,0,1,0.682609957149311,0.28137133134563486
0,0,0,0,1.5322605130033284,1,2,0,2,2,2,2,2,2,2,0,1,0.830509890164096,1.8033200456885219
1,0,0,0,-1.2774445836787656,1,0,1,0,0,0,0,2,2,0,1,2,0.8138919201624348,-0.9664042582245511
0,0,1,1,-0.0965540357978854,1,2,2,1,1,1,1,1,1,2,1,3,-1.3181936310507012,-0.6574438603191322
0,0,0,0,-0.9924020376385531,1,0,0,2,0,0,0,0,0,0,1,2,-0.49560411596847015,-0.8445054178114891
1,1,0,0,-1.1145631287986442,1,0,1,0,0,0,0,0,0,0,1,3,0.18240906009930805,-0.8593512230228519
0,0,0,0,-0.9516816739185228,1,0,0,0,2,0,2,2,0,0,0,3,0.04946530008601819,-0.7320037735649065
1,0,0,0,-0.8702409464784621,1,0,1,0,2,0,0,0,0,0,1,2,0.32532360211359457,-0.6419142215839175
1,0,1,1,1.247217966963116,0,1,0,0,2,2,2,0,0,2,0,0,-0.844581486003356,0.05087531551572471
1,0,1,0,0.26992923768238775,1,2,2,1,1,1,1,1,1,2,1,3,-1.3614003530550205,-0.6070387118674769
0,0,1,0,-0.62591876415828,1,2,1,2,0,2,0,2,0,0,0,2,0.9850570111795457,-0.2967106469143544
0,0,0,0,-0.748079855318371,1,2,0,0,2,0,0,0,0,1,1,3,-0.3493659799538514,-0.6646572010384718
0,0,1,0,1.1657772395230555,1,0,1,2,2,0,2,0,2,1,0,0,0.9617918531772199,1.5798608974105057
0,0,1,1,1.6137012404433893,1,2,1,2,2,2,2,2,2,2,1,0,1.6896589392499817,2.620920230464079
1,1,1,0,0.3106496014024181,1,0,0,0,0,0,0,0,2,1,0,2,-0.29785027294870164,0.0015731243606046633
0,0,1,1,-1.2774445836787656,1,0,2,1,1,1,1,1,1,0,1,1,-1.4827115340671475,-0.9968899979007819
0,0,0,0,0.5956921474426305,0,1,0,2,2,0,2,0,0,1,0,1,-0.8346107040023594,-0.21224617714569455
1,0,1,0,0.06632741908223598,1,0,1,0,0,0,0,2,0,0,0,2,0.4499583771260538,0.1255455244911526
0,0,0,0,-0.5851984004382496,0,1,0,2,2,0,2,0,0,1,1,3,-0.8163309370005319,-0.6916796548035823
0,0,0,0,-0.21871512695797646,1,0,2,1,1,1,1,1,1,2,1,0,-1.479387940066815,-0.7683351869127735
0,0,1,1,0.5549717837226001,1,0,2,1,1,1,1,1,1,2,0,0,-1.479387940066815,-0.612972622122836
1,0,1,1,1.4508197855632678,1,0,1,2,2,0,2,0,2,2,0,0,1.0083221691818711,1.9428220845542843
0,0,0,0,-1.1960038562387048,1,0,2,1,1,1,1,1,1,0,0,3,-1.4926823160681442,-0.9776544226492093
1,0,0,0,-0.4223169455581282,1,2,1,0,0,0,0,2,2,0,1,1,0.9933659961803764,-0.07728832234165671
1,1,1,0,0.14776814652229667,1,2,1,0,2,0,0,2,2,0,1,2,1.0548524851865226,0.510168792938881
1,0,1,1,-0.1779947632379461,0,1,0,0,2,2,2,2,2,1,1,1,-0.1582593249347472,-0.2636881054560928
0,0,0,0,0.758573602322752,1,0,2,1,1,1,1,1,1,1,1,0,-1.4926823160681442,-0.5659425229985782
0,0,0,0,-1.1552834925186746,1,2,1,0,0,0,2,2,2,0,1,3,1.1994288242009752,-0.8296375534541957
1,0,0,0,-0.2594354906780068,1,0,1,0,0,2,2,2,2,0,1,2,1.1263097561936661,0.11350123081298899
1,0,1,1,0.18848851024232702,1,2,1,0,2,2,0,2,0,0,1,2,0.9368648981747281,0.5009701290857781
0,0,0,0,-1.2774445836787656,1,0,0,0,0,0,0,0,0,0,1,1,-0.6717545979860794,-0.986125134686599
0,0,0,0,-1.1145631287986442,1,0,2,1,1,1,1,1,1,0,0,1,-1.4926823160681442,-0.9581100193546068
1,0,0,0,-0.4223169455581282,1,2,1,2,0,0,0,2,2,0,1,0,1.2160467942026365,0.01648510700975942
1,0,1,0,0.9621754209229036,1,2,2,1,1,1,1,1,1,1,1,3,-1.3397969920528607,-0.37416030827705077
1,0,0,0,0.10704778280226633,1,0,2,1,1,1,1,1,1,1,0,0,-1.4677553610656522,-0.6731279130758616
1,0,0,0,-0.8702409464784621,1,0,1,2,0,0,0,0,0,0,1,2,0.29042586511010604,-0.6564732578981812
0,1,0,0,1.4100994218432374,1,2,0,0,2,0,0,0,0,0,0,2,-0.32776261895169184,0.637847129585787
1,0,1,1,-0.7888002190384014,1,0,0,0,2,2,2,0,0,0,0,0,-0.09843463292876686,-0.6748485264584564
1,0,0,0,0.3106496014024181,0,1,0,0,2,0,2,0,0,1,0,1,-0.9559218850144864,-0.3956679755594857
1,1,0,0,-1.2774445836787656,1,0,0,0,0,0,0,0,0,0,0,2,-0.613591702980265,-0.9853530645790245
0,0,1,1,1.4915401492832983,0,1,0,2,2,2,2,0,0,2,0,0,-0.6152534999804311,0.37132852845103964
1,0,0,0,-0.7073594915983407,0,1,0,0,0,0,2,0,0,0,1,2,-1.1653083070354178,-0.8124314196282477
1,0,0,0,-0.8702409464784621,1,0,2,1,1,1,1,1,1,0,0,3,-1.4760643460664828,-0.9108152104791808
0,0,0,0,-1.2367242199587352,1,0,2,1,1,1,1,1,1,0,0,3,-1.4843733310673135,-0.9882207535500158
1,0,1,1,-1.2367242199587352,1,0,2,1,1,1,1,1,1,0,0,3,-1.477726143066649,-0.9880222212366395
0,1,1,0,0.10704778280226633,1,2,1,0,0,2,0,2,2,0,0,0,1.2393119522049623,0.5174262519500822
0,0,1,1,1.4508197855632678,1,0,0,2,2,2,2,2,2,2,1,1,0.6726391751483144,1.468263678147082
1,0,1,0,1.5322605130033284,1,2,0,2,0,2,2,0,2,2,0,1,0.4167224371227313,1.4199320894129128
1,0,0,0,0.7992939660427822,0,1,0,0,2,0,0,0,0,1,0,3,-1.152013931034089,-0.28956348363280676
1,1,1,0,-0.6666391278783103,1,2,1,0,0,0,0,2,0,0,1,1,0.6743009721484804,-0.3920282164809198
1,0,0,0,-1.0738427650786138,1,0,2,1,1,1,1,1,1,1,0,3,-1.51594747407047,-0.9508966786352672
0,1,0,0,-0.6666391278783103,1,2,1,0,0,0,0,2,0,0,1,2,0.6643301901474837,-0.41011671614409584
0,0,1,1,1.4508197855632678,1,2,1,2,0,2,2,2,2,2,0,1,1.5617005702371902,2.3080774228748564
1,0,0,0,-0.8295205827584317,1,2,1,0,0,0,2,2,2,0,1,3,1.1695164781979852,-0.5060298826507903
1,0,1,0,0.7178532386027215,1,2,1,2,2,0,0,0,2,0,1,1,0.9850570111795457,1.1625900929853374
1,0,1,0,1.1657772395230555,1,0,2,1,1,1,1,1,1,2,0,1,-1.4694171580658184,-0.4296170011468368
1,0,0,0,-1.1552834925186746,1,0,0,0,2,0,0,0,0,0,0,3,-0.5155456799704636,-0.9138152543257565
1,1,1,0,-0.7888002190384014,1,2,1,0,0,0,0,2,2,0,1,2,1.0133075601823696,-0.4615145261626326
0,0,0,0,-0.5444780367182193,1,2,1,2,2,0,0,0,2,0,1,2,1.0099839661820376,-0.21639329658066667
0,0,1,0,0.5549717837226001,1,0,0,0,2,0,0,2,2,0,1,1,0.14418772909548702,0.3918876524584543
0,0,1,1,-0.015113308357824713,1,0,0,2,2,2,2,0,2,0,0,0,0.38348649711940885,0.05489008007511253
1,0,1,0,0.3920903288424788,0,1,0,2,0,0,0,2,0,0,1,0,-0.8179927340006982,-0.2883943488984796
1,0,0,0,-1.1552834925186746,0,1,0,0,0,0,2,0,2,0,1,2,-0.8213163280010305,-0.9341096685820027
0,0,1,1,1.5322605130033284,1,2,0,2,2,2,2,2,2,2,1,0,0.8055829351616043,1.7706725097110823
1,1,0,0,0.5956921474426305,1,2,0,0,2,0,2,0,0,2,0,0,-0.17155370093607614,0.20923792415223777
1,0,1,0,1.2879383306831464,1,2,1,2,2,2,0,0,0,1,0,0,0.8205391081630994,1.5057201079374147
0,0,0,0,-1.2774445836787656,1,0,2,1,1,1,1,1,1,0,1,0,-1.5126238800701375,-0.9972870625275345
1,0,1,0,1.3286586944031769,1,2,1,2,0,2,2,2,2,2,0,0,1.4586691562268908,2.0551251964874906
0,0,1,0,1.1657772395230555,0,1,0,0,2,2,2,2,0,2,0,1,-0.44575020596348647,0.42559402744056773
0,0,0,1,-1.2367242199587352,1,0,0,2,0,0,0,0,2,0,1,1,-0.11837619693076015,-0.9502128451114156
1,1,1,0,-0.46303730927815856,1,0,1,0,0,0,0,0,0,0,1,2,0.14418772909548702,-0.35514532448478525
0,0,0,0,-1.2367242199587352,1,0,1,0,0,2,0,0,2,0,1,3,0.7125223031523015,-0.9269404461545244
1,0,1,0,0.26992923768238775,1,0,1,0,2,0,0,2,0,0,1,3,0.7158458971526335,0.43512357848263117
0,0,1,0,0.18848851024232702,1,2,1,2,0,2,2,0,2,1,1,2,1.1445895231954935,0.6506855525174559
0,0,1,0,-0.9924020376385531,1,0,1,0,0,2,0,2,2,0,1,2,0.9784098231788811,-0.6628483510721542
1,1,1,0,0.880734693482843,1,2,1,0,2,2,2,2,2,2,1,2,1.5184938482328711,1.6756196498956852
0,1,1,0,0.9621754209229036,1,2,1,2,2,2,2,0,0,1,0,2,1.0266019361836989,1.4082628012155713
1,0,1,0,1.125056875803025,1,0,1,0,2,2,0,2,0,1,0,2,0.8703930181680831,1.4001670946590032
1,0,1,0,1.4508197855632678,1,2,0,0,2,2,2,0,2,1,1,0,0.36686852711774764,1.329820478285993
0,0,0,0,-1.2774445836787656,1,0,0,0,0,0,0,0,2,0,1,3,-0.3327480099521901,-0.9816250689167358
1,0,1,0,-0.015113308357824713,1,0,0,2,2,0,2,0,2,1,0,3,0.19071804510013865,-0.03440534265237117
1,0,1,1,1.5729808767233588,1,0,1,2,2,2,2,2,2,2,0,1,1.48027251722905,2.427880644424502
0,0,1,0,-1.1960038562387048,1,2,1,0,0,0,0,0,2,0,1,0,0.6643301901474837,-0.888932537715924
1,0,1,0,1.5729808767233588,1,2,1,2,2,2,2,2,2,2,1,0,1.7062769092516428,2.6606928705771353
1,0,1,1,-1.2774445836787656,1,0,2,1,1,1,1,1,1,0,0,2,-1.4960059100684764,-0.9970664710682275
1,0,1,0,-0.5037576729981889,1,0,1,0,0,0,0,2,2,0,1,3,0.8055829351616043,-0.20262838951990828
0,0,0,0,-0.5851984004382496,0,1,0,0,0,0,0,0,2,0,1,2,-0.9891578250178088,-0.7618056797172855
1,0,0,0,-0.5037576729981889,1,0,0,2,0,2,0,0,2,0,0,1,-0.012021188920128179,-0.3887414037372452
0,0,0,1,-1.2367242199587352,1,0,1,0,0,0,0,0,0,0,1,2,0.19736523310080326,-0.9388744441030343
0,0,1,1,0.3106496014024181,1,2,1,0,2,2,0,2,0,0,1,1,1.0498670941860242,0.7216277658305951
0,0,0,0,0.10704778280226633,1,0,2,1,1,1,1,1,1,1,0,3,-1.462769970065154,-0.6967532583676439
0,0,1,1,0.9621754209229036,1,2,0,2,2,0,0,0,2,1,0,0,0.13255515009432434,0.6775094739691901
1,0,0,0,-0.0965540357978854,1,2,1,2,0,0,0,2,2,0,1,0,1.1844726511994805,0.2896435110696483
1,0,1,1,1.6137012404433893,1,2,0,2,0,2,2,2,2,2,1,1,0.6244470621434968,1.682480044280134
0,0,0,0,0.3920903288424788,1,0,1,0,2,2,2,2,2,0,1,0,1.2974748472107767,0.9034392465914449
0,0,0,0,-0.46303730927815856,1,0,0,2,2,0,2,2,0,2,0,1,0.2089978121019659,-0.33304206026222144
1,0,1,0,-1.1145631287986442,1,0,2,1,1,1,1,1,1,1,0,3,-1.4843733310673135,-0.9682351673367995
1,0,0,0,0.758573602322752,1,2,1,2,2,0,0,2,0,1,1,2,0.9983513871808745,1.128486653376472
1,0,1,0,0.5956921474426305,1,0,2,1,1,1,1,1,1,1,0,0,-1.491020519067978,-0.5897664006037369
1,0,1,1,0.5549717837226001,1,0,2,1,1,1,1,1,1,2,1,3,-1.481049737066981,-0.6010165650283952
0,0,1,0,1.2064976032430856,1,0,0,2,2,2,0,2,0,2,1,1,0.24057195510512236,0.8843360262154565
1,0,0,0,-0.5444780367182193,1,0,1,0,0,0,2,0,2,1,1,1,0.7623762131572851,-0.244320175328936
0,0,0,0,-0.015113308357824713,1,2,1,0,0,0,0,2,0,1,0,2,0.641065032145158,0.221524868435639
1,0,0,0,0.7992939660427822,1,2,1,2,0,2,2,2,2,2,1,2,1.48027251722905,1.5228159460337092
1,0,1,1,-1.1552834925186746,1,0,2,1,1,1,1,1,1,2,0,1,-1.504314895069307,-0.9630512680430844
0,0,1,1,1.247217966963116,1,0,0,2,0,0,0,0,0,2,1,0,-0.4690153639658123,0.4153806428746525
1,0,0,0,-0.9109613101984924,1,2,0,2,0,0,0,0,0,0,1,1,-0.3410569949530208,-0.755099699354352
1,0,0,1,-1.0738427650786138,1,0,2,1,1,1,1,1,1,0,0,3,-1.502653098069141,-0.9490437103770882
0,1,1,0,0.9621754209229036,1,2,1,0,0,2,0,2,2,0,1,0,1.1927816362003112,1.5036906665117902
1,0,0,0,0.880734693482843,1,0,0,2,2,0,2,2,0,0,1,3,0.17077648109814536,0.7074657941430841
1,0,0,0,-0.7073594915983407,1,2,1,0,0,0,0,0,0,0,1,3,0.3735157151184122,-0.506868130196157
0,0,1,0,-0.5037576729981889,1,0,1,0,0,2,2,0,0,0,1,3,0.5396954151350245,-0.26296015364037956
1,1,0,0,-0.46303730927815856,1,0,1,0,0,2,0,2,2,0,1,0,1.0648232671875193,-0.11004615404875
1,0,1,1,-0.30015585439803716,1,0,0,2,0,0,2,0,0,0,0,2,-0.3477041829536853,-0.4336538248521554
1,1,1,0,1.2064976032430856,1,2,1,0,2,0,0,0,2,0,1,0,0.8321716871642622,1.4778814657728683
0,0,1,0,1.369379058123207,1,2,1,0,2,2,0,2,2,0,1,2,1.3440051632154282,2.0546398952770155
1,0,1,0,1.0843365120829946,1,2,1,2,2,2,2,2,0,0,1,2,1.395520870220578,1.7528928380909359
1,0,1,1,1.5729808767233588,1,2,1,2,0,2,0,2,2,2,0,2,1.3556377422165908,2.2614002700854896
0,0,1,1,-0.6666391278783103,1,2,1,2,0,2,2,2,2,0,1,2,1.6015836982411773,-0.17523093027397585
0,0,1,0,-0.055833672077855064,1,0,0,2,0,0,2,0,2,1,1,2,-0.025315564921457354,-0.16278957196905963
1,0,0,1,-0.748079855318371,1,0,0,2,2,2,2,0,2,2,0,0,0.37683930911874425,-0.5404200911567555
0,0,1,1,-0.8702409464784621,1,0,2,1,1,1,1,1,1,1,1,3,-1.4876969250676457,-0.9191535676409864
1,1,1,0,-1.1552834925186746,0,1,0,0,0,2,0,0,0,0,1,2,-1.1586611190347533,-0.9536099535847437
1,0,0,0,-0.0965540357978854,1,2,1,0,0,0,2,0,2,0,1,1,0.8354952811645946,0.19562743111299438
1,0,0,0,-1.0331224013585834,1,0,0,0,0,0,0,0,0,0,1,0,-0.6684310039857471,-0.863498342457824
1,0,1,0,0.47353105628253944,1,0,0,2,2,0,2,0,0,1,1,0,-0.16324471593524553,0.14303842721419952
1,0,1,1,0.3920903288424788,1,0,2,1,1,1,1,1,1,2,0,3,-1.46443176706532,-0.6401053716176
1,0,0,0,-1.2774445836787656,1,0,0,0,0,0,0,0,2,0,1,2,-0.3244390249513595,-0.9815147731870822
1,0,1,0,1.4915401492832983,1,0,0,2,2,2,2,2,2,2,1,3,0.6626683931473177,1.5878904265292815
1,1,1,0,0.47353105628253944,1,2,1,0,0,2,0,2,0,0,1,2,0.8122301231622688,0.7766873940736284
1,0,0,0,-0.7073594915983407,1,2,0,0,2,0,2,0,0,0,1,1,-0.2047896409393986,-0.5912002450892325
1,0,0,0,0.880734693482843,1,0,2,1,1,1,1,1,1,2,0,3,-1.4876969250676457,-0.49857389132621277
1,0,0,1,-0.46303730927815856,1,0,2,1,1,1,1,1,1,2,0,3,-1.5009913010689746,-0.8306302150210773
0,0,1,1,-0.38159658183809786,1,2,1,0,0,0,0,2,0,0,1,2,0.6310942501441613,-0.1896134934207938
0,0,0,0,-1.2367242199587352,0,1,0,0,2,0,0,2,2,0,0,2,-0.4440884089633204,-0.963073327189015
1,0,0,0,-1.0331224013585834,1,0,1,0,0,0,0,0,0,0,1,2,0.15914390209698223,-0.7757691190914203
0,0,1,1,0.5549717837226001,1,0,2,1,1,1,1,1,1,2,1,3,-1.5126238800701375,-0.6245095554445933
1,1,1,0,-1.0331224013585834,1,2,0,2,2,0,2,0,0,0,0,2,-0.018668376920792765,-0.7962179473691814
0,0,0,0,0.6364125111626608,1,0,0,2,2,0,0,0,0,2,0,1,-0.3078210549496983,0.15336210750976834
0,0,1,0,0.9621754209229036,1,2,1,0,2,0,0,2,2,1,1,2,1.113015380192337,1.4244100960368455
1,0,0,0,1.0436161483629645,1,0,2,1,1,1,1,1,1,2,0,3,-1.461108173064988,-0.4709558406209733
1,1,1,0,-0.6666391278783103,1,2,1,0,0,2,0,2,2,0,1,2,1.1296333501939984,-0.3053798912651205
1,0,0,1,-1.2774445836787656,1,0,2,1,1,1,1,1,1,0,1,3,-1.4527991880641573,-0.9964929332740292
1,0,1,0,1.0436161483629645,1,0,0,2,2,2,0,0,0,1,0,1,-0.14828854293375057,0.5665078516458952
0,0,1,0,-0.3408762181180675,1,0,2,1,1,1,1,1,1,1,0,3,-1.4827115340671475,-0.8042254173420265
0,0,1,0,-0.2594354906780068,1,2,1,0,2,0,0,0,0,0,0,0,0.4831943171293762,-0.11644330636865373
1,0,1,1,1.4915401492832983,1,0,2,1,1,1,1,1,1,2,0,0,-1.481049737066981,-0.39849154623861566
0,0,1,0,-0.9924020376385531,1,2,1,0,0,0,0,0,2,0,1,2,0.6693155811479823,-0.6682969601170378
0,0,1,0,1.0436161483629645,0,1,0,2,2,0,0,2,0,1,1,2,-0.6451658459834212,0.1148688978606925
0,0,0,1,-0.4223169455581282,1,0,2,1,1,1,1,1,1,0,1,2,-1.4694171580658184,-0.7984900394000438
1,0,1,0,1.5322605130033284,1,0,1,2,2,2,2,0,2,2,0,1,1.2044142152014738,2.120221736128994
1,0,1,1,-0.8295205827584317,1,2,2,1,1,1,1,1,1,2,1,0,-1.3082228490497045,-0.8676895801846575
1,0,1,1,-1.1552834925186746,1,0,2,1,1,1,1,1,1,2,0,3,-1.491020519067978,-0.971963162999088
1,0,1,0,-1.1145631287986442,0,1,0,0,0,0,0,0,0,0,1,2,-1.3231790220511994,-0.9614850686820045
1,0,0,0,0.22920887396235737,1,2,1,0,0,2,2,2,0,1,0,0,1.0049985751815391,0.5849492976439624
0,0,0,0,-1.2367242199587352,1,0,1,2,0,2,0,0,0,0,1,2,0.5214156481331973,-0.9452936555688689
0,0,1,0,1.0843365120829946,1,2,0,2,2,0,2,0,0,1,0,3,0.02453834508352634,0.6712887948167321
1,0,1,1,0.5956921474426305,1,0,1,2,0,2,0,0,2,0,0,2,0.8404806721650927,0.8194821371791912
0,0,0,0,-0.46303730927815856,1,0,0,2,0,2,2,0,0,1,1,2,-0.1499503399339166,-0.45061730807286565
0,1,0,1,-0.7073594915983407,1,2,1,0,0,0,0,0,0,0,1,3,0.32200000811326246,-0.5003165638547383
0,0,1,1,-1.1145631287986442,0,1,0,0,2,0,0,0,0,0,1,2,-1.1387195550327598,-0.932014049718586
0,0,0,0,-0.7073594915983407,1,0,0,0,0,2,0,0,2,0,1,2,-0.17653909193657447,-0.6119579014100236
1,0,1,1,1.6137012404433893,1,2,1,0,2,2,0,2,2,1,1,1,1.3190782082129364,2.2850035562313415
0,0,1,0,0.5142514200025698,1,0,0,0,0,2,0,0,0,0,1,1,-0.4823097399671412,-0.025669920863812902
0,0,1,1,0.6364125111626608,0,1,0,2,2,0,2,0,0,2,0,3,-0.84291968900319,-0.1328332517951656
1,1,0,0,-0.62591876415828,1,0,1,0,2,2,0,2,2,0,1,2,1.2310029672041316,-0.23262882798566367
1,0,0,0,-0.21871512695797646,1,0,0,2,0,0,0,0,0,0,0,3,-0.47898614596680894,-0.38311632152491604
1,0,1,1,0.5142514200025698,1,2,1,0,2,2,2,2,2,2,1,0,1.4952286902305454,1.1563032363950874
0,0,1,0,-0.9109613101984924,1,2,1,0,2,2,0,2,2,0,1,1,1.2409737492051283,-0.5342214711502281
1,0,0,0,-1.2774445836787656,1,0,0,0,0,0,2,0,0,0,1,2,-0.5138838829702976,-0.9840295158231823
1,0,0,0,-0.4223169455581282,1,0,1,0,2,2,2,0,2,0,1,0,1.003336778181373,-0.06041307570466931
1,0,0,0,-0.5037576729981889,1,0,1,0,0,0,0,0,0,0,0,1,0.19237984210030468,-0.3468510856148412
0,0,1,1,-1.0331224013585834,0,1,0,0,0,0,0,0,0,0,1,2,-1.33148800705203,-0.9400215196914309
1,0,0,0,-1.2774445836787656,1,0,0,2,0,0,0,0,0,0,1,3,-0.467353566965646,-0.9834118597371228
1,0,1,0,-0.3408762181180675,1,0,0,2,0,0,2,0,0,0,0,3,-0.3709693409560109,-0.42546988171186484
1,0,1,1,1.4508197855632678,1,2,2,1,1,1,1,1,1,2,1,0,-1.3547531650543558,-0.2715191022614922
1,1,0,0,-0.5037576729981889,1,2,1,0,0,0,0,2,0,0,1,2,0.6510358141461546,-0.2358274041456155
1,0,1,0,-0.30015585439803716,0,1,0,0,0,2,0,2,0,1,1,1,-0.8861264110075091,-0.5776559294877812
1,1,0,0,-1.2774445836787656,0,1,0,0,2,2,0,0,2,0,1,2,-0.7132995229902325,-0.9866766133348666
0,1,0,0,1.2879383306831464,0,1,0,0,2,0,2,2,0,0,1,2,-0.6950197559884049,0.20791437539639562
0,0,1,0,1.2879383306831464,1,0,1,2,0,2,0,2,2,2,1,0,1.1379423351948288,1.807114218788603
0,0,1,1,-0.5037576729981889,1,2,2,1,1,1,1,1,1,0,1,0,-1.303237458049206,-0.7819236208060861
0,0,0,0,0.10704778280226633,1,0,1,0,0,2,2,2,2,1,1,2,1.1462513201956595,0.5524782348339684
1,0,1,1,1.6137012404433893,1,2,1,2,2,2,2,2,2,2,1,1,1.6464522172456624,2.549514775086395
1,0,0,0,0.43281069256250915,1,2,1,0,0,0,0,2,2,1,0,3,0.9833952141793793,0.7242307450504181
1,0,0,1,0.8400143297628127,1,0,1,2,2,2,0,0,2,1,0,2,1.0365727181846955,1.2164144090562516
1,0,0,0,1.4915401492832983,1,2,2,1,1,1,1,1,1,2,0,0,-1.3564149620545218,-0.24998937583312658
1,0,0,0,-1.2774445836787656,1,0,0,0,0,2,0,0,0,0,1,3,-0.5022513039691348,-0.9838751018016674
1,0,0,0,-0.015113308357824713,1,0,1,2,2,2,0,0,2,0,1,1,0.9518210711762233,0.30863643571598326
0,0,1,0,1.5729808767233588,1,0,2,1,1,1,1,1,1,2,0,1,-1.517609271070636,-0.4002783370590025
1,0,0,0,0.025607055362205634,1,0,2,1,1,1,1,1,1,2,0,3,-1.4760643460664828,-0.7014739155968143
1,0,0,0,-0.9109613101984924,1,0,2,1,1,1,1,1,1,0,1,3,-1.4926823160681442,-0.9206094712724127
0,0,1,1,0.18848851024232702,1,2,2,1,1,1,1,1,1,0,0,3,-1.2733251120462157,-0.6035974851022874
1,0,1,1,-1.0331224013585834,1,0,0,2,0,2,2,0,2,0,1,1,0.21896859410296257,-0.7782397434356589
1,0,0,0,1.002895784642934,0,1,0,2,0,2,0,2,2,0,1,2,-0.3659839499555126,0.4042407741796477
0,0,0,0,0.5956921474426305,1,0,2,1,1,1,1,1,1,2,0,1,-1.479387940066815,-0.5514496641221067
0,0,1,0,-1.1145631287986442,1,0,1,0,0,0,0,0,0,0,1,2,0.13920233809498894,-0.8507040378180165
1,0,1,0,1.1657772395230555,1,2,1,0,2,2,0,2,2,0,1,2,1.3556377422165908,1.7654886104173673
0,0,1,0,1.6137012404433893,1,0,0,2,2,2,2,2,2,2,1,0,0.6294324531439953,1.6840683027871441
1,0,1,1,0.10704778280226633,1,0,2,1,1,1,1,1,1,2,0,3,-1.5009913010689746,-0.7027092277689336
1,1,0,0,0.9621754209229036,1,2,1,0,0,2,0,2,2,0,1,2,1.2060760122016398,1.4621974130161388
0,1,1,0,0.14776814652229667,1,2,1,0,2,0,0,2,0,0,1,1,0.9036289581714056,0.4505870397800537
1,0,0,0,-0.5037576729981889,1,2,1,0,0,0,2,2,2,0,1,3,1.1229861621933337,-0.10931820223303679
0,0,1,1,0.22920887396235737,1,0,2,1,1,1,1,1,1,0,0,3,-1.4727407520661506,-0.6611056785436287
0,0,0,0,0.43281069256250915,1,2,1,0,2,2,0,2,2,2,1,2,1.3240635992134344,1.0941846814542295
0,1,0,0,-0.9924020376385531,1,0,1,0,2,0,0,2,0,0,1,2,0.7424346491552913,-0.6909517029878692
1,0,0,0,-0.9516816739185228,1,0,2,1,1,1,1,1,1,1,1,2,-1.491020519067978,-0.9331611253069825
1,0,1,1,1.4100994218432374,1,2,1,2,2,0,2,0,0,1,0,2,0.8238627021634315,1.6583252794860146
1,0,0,0,-1.2774445836787656,1,0,0,0,0,0,0,0,0,0,0,3,-0.6750781919864114,-0.9861692529784606
0,0,0,0,0.880734693482843,1,2,1,2,0,2,0,2,2,1,1,0,1.302460238211275,1.4820727034997019
1,1,0,0,-1.2774445836787656,1,0,2,1,1,1,1,1,1,0,0,3,-1.4860351280674797,-0.9969341161926433
0,0,1,1,-0.38159658183809786,1,0,1,2,2,0,2,0,0,0,0,3,0.6526976111463211,-0.15127469779323297
0,1,0,0,-0.5037576729981889,1,2,1,0,2,2,0,0,2,0,1,2,0.9750862291785486,-0.21941539957317285
0,0,1,1,-0.748079855318371,1,2,1,0,0,0,0,2,0,0,1,2,0.6659919871476498,-0.4746397179914006
0,1,0,0,-0.5851984004382496,1,0,0,0,2,0,0,0,0,0,1,1,-0.49560411596847015,-0.6238257219207415
1,0,1,0,0.7992939660427822,1,0,1,2,0,0,0,2,0,0,0,2,0.642726829145324,0.912770265320132
0,0,0,0,-1.2774445836787656,1,0,2,1,1,1,1,1,1,0,0,3,-1.4577845790646555,-0.9965591107118213
0,0,0,0,0.22920887396235737,1,0,2,1,1,1,1,1,1,1,0,3,-1.5109620830699715,-0.6724661386979405
0,0,0,0,-1.1145631287986442,1,2,1,0,0,0,0,0,0,0,0,2,0.358559542116917,-0.8232845194261533
1,0,0,0,-1.2774445836787656,1,0,2,1,1,1,1,1,1,0,1,3,-1.5009913010689746,-0.9971326485060197
1,1,0,0,-0.2594354906780068,1,2,1,0,0,0,0,2,2,0,1,2,0.9584682591768874,0.05486802092918174
0,1,1,0,1.369379058123207,1,2,1,0,2,2,2,2,2,1,1,1,1.440389389225063,2.162773828629319
1,0,1,0,0.758573602322752,1,0,0,2,2,0,2,0,0,2,0,1,-0.14164135493308597,0.3713505875969702
1,0,0,0,-0.9109613101984924,1,2,1,0,0,0,0,0,0,0,0,2,0.3419415721152558,-0.6588777048046278
1,0,0,0,-1.1145631287986442,1,0,2,1,1,1,1,1,1,0,0,3,-1.4527991880641573,-0.9555511584266455
1,0,1,0,-1.1552834925186746,1,0,1,0,0,0,0,0,0,0,0,2,0.19071804510013865,-0.8759838190546015
0,0,1,0,1.0843365120829946,1,2,1,2,2,0,0,2,0,0,1,2,0.9966895901807084,1.46380773066908
0,1,1,0,-1.1145631287986442,1,2,1,0,0,0,0,0,0,0,1,2,0.31867641411292996,-0.8580717925588712
0,0,0,0,-1.1145631287986442,1,0,0,2,0,0,2,2,0,0,1,2,-0.013682985920294679,-0.8501966774616103
0,0,1,0,-1.1960038562387048,1,0,0,0,0,0,0,0,0,0,1,3,-0.6202388909809294,-0.9483598768532364
0,0,0,0,0.6364125111626608,0,1,0,2,2,0,0,2,0,0,1,2,-0.6634456129852487,-0.07728832234165671
0,0,1,0,1.6137012404433893,1,2,2,1,1,1,1,1,1,2,0,1,-1.3265026160515319,-0.1799515875031462
0,0,0,0,-0.8295205827584317,1,2,1,2,0,0,0,0,0,0,1,2,0.4998122871310375,-0.5640674955944684
1,1,0,0,-1.2367242199587352,1,0,1,0,2,2,2,0,2,0,1,1,1.0083221691818711,-0.9262566126306726
0,0,1,0,1.6137012404433893,1,2,1,0,2,2,2,2,2,1,0,1,1.475287126228552,2.4308586291251464
1,0,1,0,-0.5851984004382496,1,0,0,0,0,0,0,0,0,0,1,0,-0.6784017859867437,-0.6669292930693342
0,0,1,0,0.5142514200025698,1,0,0,2,0,2,2,2,2,2,1,3,0.5396954151350245,0.5531841275037508
0,0,0,0,-0.055833672077855064,1,2,1,0,0,0,0,0,0,0,1,2,0.37517751211857825,-0.022912527622475094
1,0,0,0,-0.9109613101984924,1,0,2,1,1,1,1,1,1,0,0,1,-1.4876969250676457,-0.9181167877822435
1,1,1,0,0.35136996512244845,1,2,1,2,0,2,0,0,0,0,1,0,0.6310942501441613,0.43845450951816733
0,0,0,0,-1.2367242199587352,1,2,0,0,0,0,0,0,0,0,1,2,-0.5105602889699654,-0.958771793732528
0,0,0,0,-1.2367242199587352,1,0,1,0,0,0,0,0,0,0,0,2,0.13920233809498894,-0.9529481792068226
1,0,1,1,0.9621754209229036,1,0,1,0,2,2,2,0,0,1,1,3,0.7008897241511383,1.1091628415411763
1,0,1,1,1.5729808767233588,1,2,1,0,2,0,0,2,2,1,0,0,1.1894580421999785,2.132685153579841
1,0,1,1,-0.30015585439803716,1,0,2,1,1,1,1,1,1,1,0,2,-1.5009913010689746,-0.8243874767226884
1,0,0,0,-0.8702409464784621,1,0,2,1,1,1,1,1,1,2,0,1,-1.502653098069141,-0.9073298654221298
1,0,0,0,-0.8295205827584317,1,2,1,0,0,2,0,2,0,0,1,2,0.8238627021634315,-0.5550011866169497
1,0,1,0,1.6137012404433893,1,2,0,0,2,2,0,2,2,2,0,0,0.5779167461388456,1.5461545224283926
0,0,0,0,1.5729808767233588,1,2,1,2,2,2,2,2,2,2,1,1,1.608230886241842,2.520727589646828
1,1,1,0,-0.21871512695797646,0,1,0,2,0,0,0,0,0,0,0,1,-1.1304105700319294,-0.6505834659346836
1,0,0,0,-0.748079855318371,0,1,0,0,0,2,0,2,2,0,1,2,-0.46569176996548,-0.6913267084686912
1,0,0,1,-0.62591876415828,1,0,0,0,2,2,2,2,2,1,0,2,0.534710024134526,-0.3678513925408699
0,0,1,0,0.025607055362205634,1,0,1,2,0,2,2,2,2,1,1,2,1.2958130502106107,0.4770580148968967
1,1,1,0,-0.9109613101984924,1,2,1,0,0,0,0,0,2,0,0,2,0.6909189421501416,-0.6300022827813382
1,0,1,0,0.5142514200025698,1,2,1,2,0,2,0,0,0,0,1,3,0.6576830021468192,0.6327514668757946
1,0,0,0,1.002895784642934,1,0,2,1,1,1,1,1,1,2,0,3,-1.462769970065154,-0.5121843843654563
1,0,1,0,0.3920903288424788,0,1,0,0,2,2,0,0,2,1,1,1,-0.6534748309842519,-0.10177397432473648
0,0,0,0,-1.2774445836787656,1,0,0,0,0,0,0,0,0,0,1,3,-0.6435040489832552,-0.9857501292057771
1,0,1,0,-0.9924020376385531,1,0,0,0,2,0,0,0,0,0,1,0,-0.5055748979694671,-0.8321964143821572
0,1,0,0,-0.3408762181180675,1,0,2,1,1,1,1,1,1,0,1,3,-1.477726143066649,-0.8028577502943228
1,0,1,1,-0.3408762181180675,1,2,0,2,0,0,2,2,2,0,0,0,0.5396954151350245,-0.1570100757352156
1,0,0,0,-0.015113308357824713,1,0,2,1,1,1,1,1,1,1,0,3,-1.4943441130683104,-0.737672974069097
0,0,0,0,-1.1960038562387048,1,2,1,0,0,0,0,0,0,0,1,2,0.36686852711774764,-0.8971164808562146
1,1,0,0,0.7178532386027215,1,2,1,0,0,0,0,2,2,0,1,2,1.0282637331838649,1.119265930377438
1,0,1,1,-0.8295205827584317,1,0,0,2,0,0,0,0,0,0,1,2,-0.5172074769706297,-0.7537982097444406
0,0,1,1,-0.9109613101984924,1,0,1,0,0,0,0,2,2,0,1,2,0.8005975441611056,-0.5957223700050266
1,0,0,0,-1.2367242199587352,1,0,2,1,1,1,1,1,1,0,0,3,-1.5093002860698053,-0.9853310054330938
1,1,0,0,-0.9109613101984924,1,2,1,0,0,0,0,2,2,0,1,2,1.0166311541827018,-0.6094431587739235
1,0,0,0,-0.9516816739185228,1,2,1,0,0,0,0,2,2,0,1,2,1.0216165451832002,-0.6399950758879465
0,1,0,0,-0.9924020376385531,1,2,1,0,2,2,0,2,2,0,1,2,1.3539759452164248,-0.6397965435745702
1,0,0,0,0.6771328748826912,1,2,1,0,0,0,0,0,0,0,0,1,0.3469269631157543,0.6170232958272039
1,0,0,0,-1.0331224013585834,1,0,1,0,0,2,0,0,0,0,0,3,0.32864719611392706,-0.7655336753795743
1,0,0,0,-1.1960038562387048,1,0,2,1,1,1,1,1,1,0,1,2,-1.479387940066815,-0.9786691433620217
0,0,1,0,0.025607055362205634,1,0,1,0,0,2,0,2,2,1,1,2,0.9651154471775519,0.37269619549874317
0,0,1,0,0.6364125111626608,1,2,1,0,2,0,2,2,2,0,1,1,1.3406815692150957,1.2369955922095972
1,0,0,0,-1.1960038562387048,1,0,1,0,2,0,0,0,0,0,0,1,0.32200000811326246,-0.9082342904052887
0,0,0,0,0.3106496014024181,0,1,0,2,0,0,2,2,2,1,1,0,-0.3393951979528547,-0.019206591106117235
1,0,0,0,-1.1145631287986442,1,0,1,0,0,0,0,0,0,0,1,2,0.1657910900976468,-0.8625718583287345
1,0,0,0,-1.1145631287986442,1,2,1,0,0,0,0,2,2,0,1,0,1.0000131841810405,-0.8016003789762729
1,0,0,0,-1.1960038562387048,1,2,1,0,2,2,0,2,2,0,0,3,1.435403998224565,-0.867424870433489
0,0,1,1,0.5956921474426305,1,0,0,0,2,0,2,0,2,2,0,0,-0.03196275292212194,0.3209674982912458
0,0,0,0,0.22920887396235737,1,2,2,1,1,1,1,1,1,1,1,2,-1.3464441800535252,-0.6023621729301679
1,0,1,1,1.4100994218432374,0,1,0,2,0,0,0,2,2,2,0,1,-0.4607063789649817,0.4420280911589411
0,0,0,0,-0.5444780367182193,1,0,2,1,1,1,1,1,1,1,0,1,-1.479387940066815,-0.8365200069845748
0,0,1,1,0.9214550572028734,1,0,2,1,1,1,1,1,1,2,0,1,-1.5076384890696393,-0.5279787328518393
1,0,1,1,1.5322605130033284,1,0,1,0,2,2,2,2,2,1,1,2,1.3755793062185846,2.2921066012210276
1,0,1,0,1.0436161483629645,1,0,0,0,0,2,0,0,0,1,0,1,-0.4806479429669752,0.2641872566656177
1,0,0,0,-0.9924020376385531,1,0,1,0,0,2,0,2,2,0,1,2,0.9950277931805424,-0.679172119060874
0,0,1,0,-1.1552834925186746,1,0,1,0,0,0,0,0,2,0,0,2,0.534710024134526,-0.8722117051004515
1,0,0,0,-1.2367242199587352,1,0,0,0,2,0,0,0,0,0,0,3,-0.5155456799704636,-0.9629850906052922
1,0,1,1,-0.7888002190384014,1,0,0,2,0,0,0,0,0,0,1,3,-0.4922805219681379,-0.7466069281710316
1,0,0,0,-1.1960038562387048,1,0,1,0,0,0,0,0,0,0,0,2,0.16246749609731476,-0.9086754733239027
0,0,0,0,-0.9109613101984924,0,1,0,0,0,0,2,0,0,2,1,3,-1.16863190103575,-0.8738440818993235
0,0,1,0,0.6364125111626608,1,0,1,0,0,2,2,2,2,0,1,1,1.1728400721983174,1.126898394869461
1,1,0,0,-0.9516816739185228,1,2,1,0,0,0,0,0,0,0,1,2,0.3087056321119333,-0.706459282577153
1,0,1,0,0.3920903288424788,1,2,1,0,2,2,2,0,2,0,1,2,1.1528985081963241,0.8198571426600133
0,0,1,1,0.10704778280226633,1,2,2,1,1,1,1,1,1,2,1,1,-1.3082228490497045,-0.5867442976112307
0,1,0,0,-1.2367242199587352,1,0,0,2,2,0,0,0,0,0,0,3,-0.32942441595185784,-0.9598085735912711
1,0,0,0,1.4915401492832983,0,1,0,0,2,2,0,0,0,1,1,0,-0.9642308700153169,0.09375829520501026
0,0,1,1,-1.2774445836787656,1,0,2,1,1,1,1,1,1,0,0,3,-1.505976692069473,-0.9971988259438118
1,0,0,0,-1.0738427650786138,1,0,0,0,0,0,2,0,0,0,0,3,-0.4889569279678058,-0.8785647391284939
0,0,0,0,-1.2774445836787656,1,0,2,1,1,1,1,1,1,0,0,2,-1.4960059100684764,-0.9970664710682275
1,0,0,0,0.43281069256250915,1,2,2,1,1,1,1,1,1,2,0,0,-1.2733251120462157,-0.5160447349033292
1,0,1,1,-0.3408762181180675,1,2,2,1,1,1,1,1,1,2,0,3,-1.3481059770536914,-0.7370773771289681
1,0,0,0,-0.9516816739185228,1,0,2,1,1,1,1,1,1,0,0,3,-1.4744025490663168,-0.9255727791068207
1,0,0,0,-0.38159658183809786,1,2,1,0,0,2,2,2,0,0,1,1,1.068146861187852,-0.08571491608718522
0,1,1,0,1.5322605130033284,1,0,2,1,1,1,1,1,1,2,1,1,-1.502653098069141,-0.36074834755118373
0,0,0,1,-0.8295205827584317,1,2,1,2,0,0,0,0,0,0,1,2,0.47156173812821356,-0.5966488541341161
1,0,0,0,0.5549717837226001,1,2,1,0,0,0,0,0,0,0,0,0,0.2671607071077802,0.427799942033638
1,0,1,1,0.7992939660427822,1,0,2,1,1,1,1,1,1,2,0,3,-1.5142856770703037,-0.5404421503026862
1,0,1,1,1.6137012404433893,1,2,2,1,1,1,1,1,1,2,0,0,-1.3447823830533592,-0.2808060026983179
1,0,0,0,-0.5851984004382496,1,2,1,0,2,0,0,0,0,0,1,2,0.5280628361338618,-0.3652263541751163
0,0,1,1,-0.6666391278783103,1,0,0,2,2,0,2,0,2,2,0,0,0.11593718009266311,-0.5139270568939818
0,0,1,0,1.2879383306831464,1,0,0,0,2,2,2,0,2,2,1,3,0.11759897709282914,0.9260719303163457
1,0,0,0,-1.2367242199587352,1,0,0,0,0,0,0,0,0,0,1,0,-0.6036209209792681,-0.96699985516468
1,0,1,1,1.6137012404433893,1,2,1,0,2,2,2,0,0,2,0,0,0.8537750481664219,1.8909610324712032
1,0,0,0,1.247217966963116,0,1,0,2,2,0,2,0,0,1,1,0,-0.803036560999203,0.13642068343498878
0,0,0,0,-1.2774445836787656,1,0,1,0,0,0,0,0,0,0,1,2,0.18407085709947407,-0.9747646745322872
1,0,0,0,-1.2774445836787656,1,0,2,1,1,1,1,1,1,0,0,3,-1.4827115340671475,-0.9968899979007819
1,0,1,1,1.0843365120829946,0,1,0,2,0,2,0,0,0,1,0,3,-0.9958050130184734,-0.13210529997945247
0,0,1,1,0.758573602322752,1,2,1,0,0,0,2,0,0,0,1,2,0.531386430134194,0.810526123931326
0,0,0,0,-1.0738427650786138,0,1,0,2,2,2,2,2,2,2,1,3,-0.04525712892345088,-0.8518952316982745
0,0,0,0,1.002895784642934,1,0,0,0,2,2,2,2,0,2,0,3,0.1657910900976468,0.7123629245397001
0,1,1,0,0.5549717837226001,1,2,1,0,0,0,2,2,2,1,0,2,1.1794872601989819,1.0915375839425452
1,0,0,0,-0.748079855318371,0,1,0,0,0,2,2,2,2,0,1,2,-0.3244390249513595,-0.6652086796867394
1,0,0,0,-0.8702409464784621,1,2,0,0,0,2,0,0,0,0,0,2,-0.3659839499555126,-0.7375406191935128
0,0,0,0,-1.1960038562387048,1,0,2,1,1,1,1,1,1,0,1,3,-1.4876969250676457,-0.9785588476323682
0,0,1,0,0.3106496014024181,1,2,0,0,2,0,0,2,0,1,0,0,-0.028639158921789646,0.15673715683716585
1,0,0,0,0.025607055362205634,1,0,1,0,2,2,0,0,0,0,1,1,0.4732235351283796,0.13106031097382825
1,0,0,0,-0.9516816739185228,1,2,1,2,0,0,0,0,0,0,1,2,0.544680806135523,-0.6596938932040637
0,0,1,1,-0.4223169455581282,1,0,0,2,2,2,0,0,0,0,0,3,-0.12003799393092641,-0.3783956642957457
0,0,0,0,-0.7073594915983407,1,0,2,1,1,1,1,1,1,2,0,3,-1.5009913010689746,-0.8594835778984362
1,0,1,1,-1.318164947398796,1,2,2,1,1,1,1,1,1,2,0,3,-1.2965902700485417,-1.005779833710855
1,0,0,0,-1.1960038562387048,1,0,1,0,0,2,0,0,0,0,1,1,0.2937494591104381,-0.9032048051330884
1,0,0,0,-0.7888002190384014,1,0,1,0,0,2,0,2,0,0,1,2,0.612814483142334,-0.537861230228794
1,0,0,0,-0.46303730927815856,1,0,2,1,1,1,1,1,1,0,0,3,-1.4876969250676457,-0.8214977286057664
1,0,0,0,-1.0738427650786138,1,0,0,0,2,0,0,2,0,0,0,2,-0.17653909193657447,-0.8480128220144709
0,0,0,0,-0.9924020376385531,1,0,1,0,2,0,0,0,0,0,0,2,0.36022133911708304,-0.7695043216471007
1,0,0,0,-1.1960038562387048,1,0,0,0,0,0,2,0,0,0,1,3,-0.4740007549663106,-0.9405950574856292
1,0,1,1,1.247217966963116,1,0,2,1,1,1,1,1,1,2,0,3,-1.502653098069141,-0.4562423902851948
0,0,1,0,0.7178532386027215,1,0,2,1,1,1,1,1,1,1,1,0,-1.4926823160681442,-0.5897002231659448
0,0,0,0,1.3286586944031769,1,2,1,2,2,2,0,2,2,0,1,1,1.5384354122348645,2.1297071688791958
1,1,0,0,0.47353105628253944,1,0,1,0,0,2,0,0,0,0,0,2,0.3020584441112687,0.3717697113696537
0,0,0,0,-1.2367242199587352,1,0,0,0,2,0,0,0,0,0,1,1,-0.5221928679711283,-0.9655880698251151
1,0,1,0,-0.9109613101984924,1,0,1,0,0,0,0,2,0,0,1,2,0.5047976781315361,-0.6275978358748916
1,1,1,0,0.5956921474426305,1,2,1,0,0,2,0,2,2,0,1,2,1.1728400721983174,1.1432442220041117
1,0,1,1,1.4915401492832983,1,2,1,0,2,2,0,2,0,1,0,1,1.0299255301840309,1.866872445114876
0,0,1,0,-0.30015585439803716,0,1,0,0,0,0,0,2,0,0,1,0,-1.0223937650211312,-0.6294508041330706
1,0,0,0,-0.8295205827584317,0,1,0,2,2,0,2,2,0,0,1,0,-0.4590445819648154,-0.7385332807603945
1,1,1,0,1.6137012404433893,1,2,2,1,1,1,1,1,1,2,1,0,-1.3215172250510334,-0.2105255637630998
1,0,0,1,-0.055833672077855064,0,1,0,0,0,0,0,0,0,0,0,1,-1.3215172250510334,-0.657598274340647
0,0,1,0,-1.2774445836787656,1,0,1,0,0,0,0,0,0,0,1,3,0.15415851109648415,-0.9751617391590399
0,0,1,0,-0.2594354906780068,0,1,0,2,2,2,0,2,0,1,0,0,-0.562075995975115,-0.4805515691008289
0,0,1,0,-0.9924020376385531,1,0,1,0,2,0,0,2,0,0,1,2,0.6244470621434968,-0.7057533899073706
1,1,1,0,0.10704778280226633,1,2,1,2,2,0,0,0,2,0,1,2,0.9900424021800438,0.47897716059286777
1,0,0,0,-0.1779947632379461,1,2,1,0,2,0,0,2,2,1,0,2,1.1778254631988159,0.18031838383708673
0,0,0,0,-0.46303730927815856,1,0,1,0,2,2,2,2,2,1,1,3,1.3224018022132684,-0.017794805766552155
1,0,0,1,-0.7888002190384014,1,0,0,0,0,0,0,2,2,0,0,1,0.05445069108651675,-0.6388259411536192
0,0,1,1,1.6137012404433893,1,2,1,0,2,2,2,0,2,2,1,0,1.1263097561936661,2.1396117254020814
0,0,0,0,-1.2774445836787656,1,0,0,0,0,0,0,0,0,0,0,3,-0.6767399889865777,-0.9861913121243912
1,0,1,0,1.5322605130033284,1,0,2,1,1,1,1,1,1,2,0,1,-1.4926823160681442,-0.3732117650020306
0,0,0,0,-1.1960038562387048,1,2,0,0,0,0,2,2,0,0,1,2,-0.03860994092278629,-0.9371097124285781
0,0,0,0,-0.7888002190384014,1,0,0,2,2,0,2,0,2,0,0,0,0.10098100709116792,-0.6341935205081717
1,1,0,0,1.4100994218432374,1,2,1,2,2,2,2,2,2,2,1,1,1.7062769092516428,2.4530280707855026
1,0,1,0,0.6364125111626608,1,2,0,0,2,2,0,0,2,1,1,1,0.19237984210030468,0.5032863394085019
0,1,0,0,0.35136996512244845,1,2,1,0,2,2,0,2,2,0,1,2,1.3174164112127704,0.8180482926936955
0,0,0,0,1.002895784642934,1,0,0,2,2,2,2,2,0,2,1,1,0.3170146171127639,0.832342619256791
1,0,0,0,-1.2774445836787656,1,0,0,0,0,0,0,0,0,0,1,3,-0.6584602219847502,-0.9859486615191536
1,0,0,0,0.3106496014024181,1,2,2,1,1,1,1,1,1,2,1,3,-1.3348116010523623,-0.5760897301267013
1,1,0,0,-1.2774445836787656,1,2,1,0,0,0,0,0,0,0,1,2,0.3652067301175816,-0.9723602276258407
1,0,1,0,-0.38159658183809786,1,0,2,1,1,1,1,1,1,1,0,3,-1.4993295040688086,-0.8130270165683767
0,0,1,0,0.47353105628253944,1,0,0,2,2,2,0,0,0,1,1,3,-0.10840541492976351,0.1952083073403109
1,0,1,0,-0.9516816739185228,1,2,1,0,0,2,0,0,0,0,1,0,0.48485611412954227,-0.7140476287773146
1,0,1,0,-0.13727439951791576,1,2,1,0,2,0,0,0,0,0,1,0,0.5114448661322006,-0.006390227320379013
1,0,0,0,-0.62591876415828,1,0,0,2,2,0,0,0,0,0,1,1,-0.3078210549496983,-0.5936488102875405
1,0,0,0,-0.2594354906780068,1,0,0,0,0,0,2,2,0,1,0,1,-0.17653909193657447,-0.3409171753594822
1,0,1,0,0.47353105628253944,1,0,0,0,2,2,2,2,0,1,1,2,0.20567421810163386,0.42826318409818265
0,0,1,0,0.14776814652229667,1,2,1,2,2,2,2,0,2,2,1,1,1.3722557122182522,0.685891949422857
0,0,1,1,1.4508197855632678,1,2,1,0,2,0,2,0,0,1,1,0,0.6277706561438292,1.523698311870937
0,0,1,1,-1.1145631287986442,0,1,0,0,2,0,2,0,0,0,0,2,-1.0140847800203006,-0.9336243673715271
1,1,0,0,0.758573602322752,1,2,1,0,0,2,0,2,2,0,1,2,1.0980592071908417,1.1618842003155554
1,0,0,1,1.002895784642934,1,2,0,2,2,2,2,2,2,2,0,3,0.8238627021634315,1.205583368404277
1,0,0,1,1.6137012404433893,0,1,0,2,2,2,2,2,2,2,0,1,0.08103944308917463,1.0552944071784007
1,0,1,0,-0.8702409464784621,1,0,0,0,0,0,0,0,0,0,1,0,-0.626886078981594,-0.7755264684861825
0,0,1,1,-1.1960038562387048,1,0,0,0,2,0,0,2,0,0,1,1,-0.2014660469390663,-0.9313963936325262
0,1,0,0,-0.4223169455581282,1,0,1,2,2,0,0,0,0,0,0,2,0.5629605731373504,-0.20242985720653195
0,0,1,1,1.0843365120829946,1,0,2,1,1,1,1,1,1,2,0,3,-1.4677553610656522,-0.43841860037318714
1,0,1,1,1.1657772395230555,1,0,1,0,2,2,2,2,2,1,0,1,1.300798441211109,1.8394749858689432
1,1,1,0,1.0843365120829946,1,0,1,2,2,2,0,0,0,1,1,1,0.6045054981415035,1.1574061936916225
0,0,0,0,0.14776814652229667,1,0,1,0,2,0,0,2,2,0,1,1,0.9983513871808745,0.5673240400453312
1,0,0,0,-1.1145631287986442,1,0,2,1,1,1,1,1,1,0,0,3,-1.479387940066815,-0.9573379492470323
1,0,0,0,-1.2774445836787656,1,2,0,0,0,0,0,0,0,0,1,2,-0.4856333339674735,-0.9836545103423604
1,1,0,0,-0.8295205827584317,1,2,1,0,0,0,0,0,0,0,1,1,0.2837786771094415,-0.6404583179524912
1,0,0,0,-1.2774445836787656,1,0,2,1,1,1,1,1,1,0,0,2,-1.4660935640654862,-0.9966694064414748
1,0,1,0,0.3106496014024181,1,2,0,0,2,0,2,2,0,1,0,1,0.19902703010096928,0.2832463587497446
0,0,1,1,0.3920903288424788,1,0,1,0,0,2,0,2,2,0,1,2,0.9102761461720702,0.7039804490860331
0,0,1,1,1.4915401492832983,1,0,2,1,1,1,1,1,1,2,0,0,-1.4976677070686424,-0.389491414698889
1,0,1,1,-0.1779947632379461,1,2,0,0,2,0,0,0,2,0,0,2,-0.012021188920128179,-0.21070203693054537
1,0,0,0,1.0436161483629645,1,0,1,2,2,0,0,2,2,1,0,0,1.1429277261953275,1.5182055845341924
1,0,1,0,1.5729808767233588,1,2,1,2,2,2,2,2,2,2,1,2,1.7112623002521414,2.772841568488827
0,0,1,0,1.5322605130033284,1,2,0,2,0,0,2,2,2,2,1,0,0.5264010391336954,1.4031671385055788
1,0,1,1,0.7992939660427822,1,2,2,1,1,1,1,1,1,2,0,3,-1.328164413051698,-0.4635219084423266
1,0,1,1,-0.5851984004382496,0,1,0,0,0,0,0,0,0,0,0,1,-1.303237458049206,-0.7993724052372719
1,0,1,0,1.6137012404433893,1,2,0,2,2,2,2,0,2,2,1,0,0.5829021371393436,1.6327366702064
1,0,0,0,-0.5851984004382496,1,0,0,2,0,0,0,0,0,0,0,2,-0.5105602889699654,-0.6198330165072844
0,0,1,0,1.002895784642934,1,0,0,2,2,0,2,2,0,2,1,1,0.1857326540996401,0.8139452915505848
0,0,0,0,-0.21871512695797646,1,0,0,2,2,0,0,0,0,0,1,3,-0.2679379269457112,-0.2765265283877616
1,0,1,0,-0.3408762181180675,1,2,1,0,2,2,0,2,2,0,1,2,1.325725396213601,0.11590567771943547
1,0,1,1,-0.9109613101984924,1,0,2,1,1,1,1,1,1,1,0,3,-1.4727407520661506,-0.8988370942388093
0,0,1,1,1.6137012404433893,1,2,2,1,1,1,1,1,1,2,0,3,-1.3248408190513656,-0.18553255142361386
1,0,0,0,-1.0331224013585834,1,2,2,1,1,1,1,1,1,0,1,0,-1.3198554280508674,-0.9383009063088362
1,0,1,0,0.880734693482843,1,2,0,0,2,0,2,2,0,1,1,2,0.19736523310080326,0.6574797694641122
0,1,1,0,0.47353105628253944,1,0,1,2,2,0,2,0,0,0,1,2,0.677624566148813,0.6135820690620143
1,0,1,0,0.9621754209229036,1,0,1,0,0,0,0,0,2,1,1,2,0.5363718211346925,1.0049113178726763
1,0,0,0,-1.2774445836787656,1,0,2,1,1,1,1,1,1,0,0,3,-1.502653098069141,-0.9971547076519502
0,0,0,0,1.6137012404433893,1,2,1,0,2,2,2,2,2,2,1,0,1.5567151792366918,2.5293085974138716
0,0,0,0,-0.8295205827584317,1,2,1,2,0,0,0,0,0,0,1,2,0.4499583771260538,-0.6046342649610303
1,0,1,0,-0.1779947632379461,1,0,0,2,0,0,2,0,0,1,0,3,-0.34604238595351905,-0.37645445945384387
0,0,1,0,1.6137012404433893,1,2,1,2,2,0,0,2,2,1,1,2,1.3091074262119398,2.2162010800734806
1,1,0,0,-1.1145631287986442,1,0,0,0,0,2,0,0,0,0,0,2,-0.47898614596680894,-0.9011091862696717
1,0,0,0,-0.0965540357978854,1,2,1,2,2,2,2,0,0,0,1,1,1.0049985751815391,0.2526503233438603
1,0,0,0,-0.4223169455581282,1,2,1,0,2,0,0,2,2,0,1,2,1.1927816362003112,0.06009603851475819
1,0,1,0,1.3286586944031769,1,2,1,2,0,2,0,2,2,0,1,2,1.3124310202122718,1.9999773316607345
0,0,0,0,0.6771328748826912,1,2,1,0,0,0,0,0,2,0,1,2,0.6560212051466532,0.7177894744386527
0,0,0,0,-0.7888002190384014,1,0,1,0,2,2,0,0,0,0,1,2,0.544680806135523,-0.5856413403146955
1,0,1,0,0.880734693482843,1,0,1,2,2,2,2,2,2,2,0,0,1.4952286902305454,1.6899360356047113
1,0,1,1,1.002895784642934,1,0,2,1,1,1,1,1,1,2,0,3,-1.462769970065154,-0.5102652386694851
0,0,0,0,-1.2774445836787656,1,0,0,0,0,0,0,0,0,0,0,0,-0.6850489739874083,-0.9863016078540446
1,0,1,1,1.5729808767233588,1,2,0,2,2,2,2,2,2,2,0,1,0.8487896571659234,1.7680695304912595
0,0,0,0,-1.2774445836787656,1,0,0,2,0,0,0,0,0,0,1,0,-0.5421344319731216,-0.9844045213040044
1,0,1,0,1.5322605130033284,1,2,0,2,2,2,2,2,0,1,0,0,0.48651791112970877,1.433476405014364
0,0,1,0,0.7992939660427822,0,1,0,2,2,2,2,2,2,2,0,1,0.04946530008601819,0.46340340356579174
0,0,1,0,0.9621754209229036,1,2,1,0,2,2,2,0,0,0,0,2,0.8570986421667539,1.2515766876697916
0,0,1,1,-0.8702409464784621,0,1,0,2,0,0,0,0,0,0,1,2,-1.16863190103575,-0.8529320115570175
1,0,0,0,-1.1145631287986442,1,0,2,1,1,1,1,1,1,0,0,3,-1.4893587220678117,-0.9585512022732209
1,0,0,0,-0.8295205827584317,0,1,0,0,2,0,2,0,0,0,0,3,-1.0223937650211312,-0.8105784513700687
0,0,0,0,-1.0738427650786138,1,0,1,0,0,0,0,2,2,0,1,2,0.8753784091685812,-0.8049092508658783
0,1,0,0,-1.2367242199587352,1,0,1,0,0,0,0,0,2,0,1,0,0.4981504901308714,-0.9354552764837755
0,0,1,1,0.7178532386027215,1,0,1,0,0,2,2,2,2,1,0,3,1.2725478922082847,1.26785633736665
1,0,1,0,0.35136996512244845,1,2,1,0,2,0,0,0,0,0,1,2,0.5147684601325326,0.5114482234028618
1,0,0,0,1.4508197855632678,1,2,0,2,2,0,2,2,2,2,1,0,0.722493085153298,1.5895889807659456
0,0,1,0,-0.4223169455581282,1,0,1,0,0,0,0,2,0,0,1,1,0.5064594751317021,-0.25292324224190993
1,0,1,0,0.758573602322752,1,2,1,0,2,2,0,2,2,1,1,0,1.397182667220744,1.4201967991640814
0,0,0,0,-0.0965540357978854,1,2,0,0,2,2,0,2,0,1,1,1,0.13920233809498894,-0.10634021753239195
1,0,0,0,0.3106496014024181,1,0,1,0,2,0,2,0,2,1,1,1,0.8255244991635975,0.5331323638527423
1,0,1,0,1.3286586944031769,1,2,1,2,2,2,0,2,0,2,1,2,1.1495749141959914,1.794650801337756
1,1,1,1,1.4508197855632678,1,0,2,1,1,1,1,1,1,1,0,0,-1.504314895069307,-0.47920596119905606
1,0,0,0,-0.9109613101984924,1,0,0,0,2,0,0,2,0,0,1,3,-0.1698919039359101,-0.723886007862408
0,0,1,0,1.2879383306831464,1,2,1,2,0,2,0,2,0,2,1,1,0.9917041991802098,1.6186849942485422
0,0,0,0,1.0436161483629645,1,0,1,2,2,2,0,2,2,1,1,2,1.3855500882195813,1.7056642066533023
1,0,1,1,-0.7073594915983407,1,0,2,1,1,1,1,1,1,1,1,3,-1.504314895069307,-0.9000062289731366
0,0,0,0,1.5729808767233588,1,2,1,2,2,2,0,2,2,2,1,1,1.395520870220578,2.207465658284922
0,0,0,0,-1.1552834925186746,1,0,1,0,0,2,2,2,2,0,1,0,1.1080299891918384,-0.8309390430641072
0,0,0,0,1.6137012404433893,1,2,0,0,2,2,2,2,2,2,0,0,0.7258166791536301,1.7959522909476673
1,0,0,0,-0.30015585439803716,1,2,1,0,0,0,0,2,2,0,1,0,0.9950277931805424,0.036338338347391655
0,0,0,1,0.47353105628253944,1,2,0,0,2,0,0,2,2,1,1,3,0.42503142212356193,0.5256101950903728
1,0,0,0,-1.1145631287986442,1,0,0,0,0,2,2,2,2,0,0,0,0.34526516611558833,-0.8325493607170483
1,0,1,0,0.025607055362205634,1,0,0,0,0,0,0,0,0,0,1,1,-0.6717545979860794,-0.36050569694594603
1,0,0,1,-1.2774445836787656,1,0,0,0,2,0,0,0,0,0,1,2,-0.49394231896830415,-0.9837648060720139
1,0,0,0,-0.748079855318371,1,0,1,0,0,0,0,2,2,0,1,2,0.9352031011745621,-0.41571973921049427
0,0,1,1,-0.5037576729981889,1,0,2,1,1,1,1,1,1,0,0,3,-1.4760643460664828,-0.8105122739322767
1,0,0,0,-0.9924020376385531,1,0,0,2,0,2,0,0,2,0,1,2,0.06442147308751339,-0.7503349238333202
1,0,1,0,-1.1960038562387048,0,1,0,0,2,0,0,0,0,0,0,1,-1.1619847130350858,-0.9641321661936887
1,0,1,1,1.4100994218432374,1,0,2,1,1,1,1,1,1,2,1,1,-1.5076384890696393,-0.43921272962669244
1,0,1,1,1.6137012404433893,1,2,0,2,2,2,2,2,2,2,1,0,0.7573908221567865,1.84565154672954
0,1,0,0,-1.2774445836787656,1,0,1,0,0,0,0,0,0,0,1,2,0.21232140610229844,-0.9743896690514654
0,0,1,1,0.3106496014024181,1,0,0,2,2,0,2,0,2,0,1,3,0.21896859410296257,0.2503561721670671
1,0,1,1,1.125056875803025,1,2,2,1,1,1,1,1,1,1,0,1,-1.3564149620545218,-0.34118188511065056
0,0,0,0,0.9621754209229036,0,1,0,0,0,0,0,2,2,0,1,1,-0.6617838159850825,0.12583229338825158
0,0,1,1,-0.3408762181180675,1,2,1,0,2,2,0,0,0,1,0,0,0.611152686142168,-0.10883290102256137
1,0,1,1,1.6137012404433893,1,0,0,2,2,0,2,2,0,2,0,0,0.12092257109316168,1.1363176501818713
1,0,1,0,-0.8295205827584317,1,0,2,1,1,1,1,1,1,1,0,0,-1.4943441130683104,-0.9165505884211634
1,0,1,1,0.7992939660427822,0,1,0,2,0,2,0,0,2,1,0,0,-0.681725379987076,-0.0016033926534166146
0,0,1,0,-1.1552834925186746,0,1,0,0,0,0,0,0,0,0,1,2,-1.3165318340505352,-0.9616836009953809
1,0,1,1,-1.0738427650786138,1,0,0,2,0,0,0,0,0,0,1,2,-0.518869273970796,-0.8753441038226112
0,0,0,0,-1.0738427650786138,0,1,0,0,0,2,0,2,2,0,1,2,-0.5587524019747828,-0.8711749252417085
1,1,0,0,1.369379058123207,1,2,1,0,2,2,2,2,2,1,0,1,1.5334500212343665,2.273113676574693
1,0,1,1,1.5729808767233588,1,0,2,1,1,1,1,1,1,2,0,3,-1.505976692069473,-0.3976312395473182
0,0,1,0,-0.8295205827584317,1,0,2,1,1,1,1,1,1,1,0,0,-1.4943441130683104,-0.9044842355970693
1,0,0,1,-1.1960038562387048,1,2,1,0,0,0,0,0,0,0,1,2,0.32033821111309646,-0.9045062947429998
0,0,0,1,-0.7888002190384014,1,0,0,2,2,0,0,0,0,0,1,2,-0.29120308494803704,-0.6684734332844834
0,0,1,1,0.8400143297628127,1,2,1,2,2,2,2,0,2,2,1,0,1.3057838322116073,1.4500207644623908
0,0,0,0,-0.8702409464784621,1,0,2,1,1,1,1,1,1,1,0,1,-1.4860351280674797,-0.9009106539562954
0,0,0,0,-0.7888002190384014,1,2,1,0,0,0,0,0,2,0,1,2,0.7042133181514708,-0.4694558186976855
0,0,0,0,-0.8702409464784621,1,2,2,1,1,1,1,1,1,1,0,2,-1.3148700370503688,-0.8976238412126207
0,0,0,0,-0.8295205827584317,1,2,1,2,2,2,0,0,2,0,1,0,1.1612074931971548,-0.4593968481532852
1,0,1,0,0.025607055362205634,1,0,2,1,1,1,1,1,1,1,0,1,-1.4843733310673135,-0.7320037735649065
0,0,1,1,1.247217966963116,1,0,2,1,1,1,1,1,1,2,0,2,-1.5093002860698053,-0.4481908020204884
1,0,0,0,-0.7888002190384014,1,0,1,2,0,0,0,0,0,0,1,1,0.29873485011093664,-0.5837221946187243
1,0,0,0,-0.5851984004382496,1,0,0,0,0,2,2,0,0,0,0,1,-0.31779183695069496,-0.5389641875253292
0,1,0,0,-1.0738427650786138,1,0,1,0,0,2,0,0,0,0,0,2,0.32033821111309646,-0.8142623287404961
1,1,1,0,0.5549717837226001,1,0,1,0,0,0,0,0,2,0,1,2,0.5197538511330312,0.5847728244765168
1,0,0,0,-0.9109613101984924,1,0,1,2,0,2,0,0,0,0,1,3,0.5014740841312035,-0.614296170878678
0,0,0,0,0.06632741908223598,1,0,1,0,0,0,0,0,0,0,1,1,0.17410007509847744,0.06016221595255034
1,1,0,0,1.4100994218432374,1,2,2,1,1,1,1,1,1,2,0,1,-1.3181936310507012,-0.26805581635037184
1,0,0,0,-1.1552834925186746,1,0,0,0,0,2,2,2,2,0,1,2,0.32033821111309646,-0.8735573130022243
1,0,0,0,-0.5037576729981889,1,2,0,0,2,0,2,2,0,1,1,2,0.1308933530941583,-0.3809765843696379
1,0,1,0,-1.2774445836787656,1,0,1,0,0,0,0,0,0,0,0,2,0.17410007509847744,-0.9748970294078716
0,0,0,0,-1.2774445836787656,1,0,2,1,1,1,1,1,1,0,0,3,-1.4710789550659844,-0.996735583879267
0,0,0,0,-0.748079855318371,1,0,1,0,0,2,0,0,0,0,0,2,0.35191235411625243,-0.5531482183587707
0,0,0,1,0.5549717837226001,1,2,1,0,0,2,2,0,0,0,1,0,0.6659919871476498,0.7407971636443754
1,0,1,1,-0.748079855318371,1,2,0,2,2,0,0,0,2,0,0,3,0.14751132309581955,-0.589016389642093
0,0,0,0,-0.9924020376385531,1,0,2,1,1,1,1,1,1,0,0,3,-1.5142856770703037,-0.9365802929262413
1,0,0,0,-0.9924020376385531,1,0,0,0,0,0,0,0,0,0,1,3,-0.6518130339840859,-0.8123652421904556
1,0,0,1,0.14776814652229667,1,0,1,0,2,0,0,2,2,0,1,2,0.9950277931805424,0.5438751679209944
1,1,1,0,-1.1145631287986442,1,2,1,0,0,2,0,0,0,0,1,0,0.50313588113137,-0.8540349688535526
1,0,1,1,-0.4223169455581282,1,0,0,0,0,0,2,0,0,0,1,2,-0.45405919096431707,-0.4618454133515931
0,0,1,0,0.3920903288424788,0,1,0,0,2,0,2,0,0,1,0,3,-1.0373499380226265,-0.36813816143796907
1,0,1,1,-1.0738427650786138,1,0,2,1,1,1,1,1,1,0,0,3,-1.502653098069141,-0.9515584530131883
0,1,0,0,-0.2594354906780068,1,0,1,2,0,0,0,2,0,0,1,1,0.6992279271509723,-0.03797892429314493
1,0,0,0,1.002895784642934,0,1,0,0,2,0,0,2,0,0,1,2,-0.8462432830035223,-0.07424416020321993
1,0,1,0,0.3920903288424788,1,2,0,2,0,0,2,2,2,1,0,1,0.5214156481331973,0.48360958123831527
0,0,0,0,-1.2774445836787656,1,0,1,0,0,0,0,2,0,0,1,2,0.4948268961305394,-0.970639614243246
1,1,1,0,-0.6666391278783103,1,0,1,0,0,2,2,0,2,0,1,2,0.8903345821700764,-0.32633607989928787
0,0,0,0,-0.5851984004382496,1,2,1,0,0,2,2,0,2,0,1,0,1.0066603721817051,-0.26485724019041995
0,1,0,0,-0.4223169455581282,1,0,0,2,0,2,2,0,2,0,1,3,0.1657910900976468,-0.32397575128470263
0,0,1,1,0.9621754209229036,1,2,2,1,1,1,1,1,1,2,1,3,-1.3397969920528607,-0.39436648594957435
0,0,0,0,-1.1552834925186746,1,0,0,0,2,0,0,2,2,0,1,0,0.12923155609399228,-0.8905207962229346
1,1,0,0,-0.2594354906780068,1,0,2,1,1,1,1,1,1,1,0,1,-1.5109620830699715,-0.7833354061456511
0,1,0,0,0.06632741908223598,0,1,0,0,2,2,0,2,2,0,1,2,-0.28289409994720643,-0.226672858584374
1,0,0,0,-0.2594354906780068,1,0,0,0,0,0,2,0,0,0,0,0,-0.518869273970796,-0.4599042085096914
0,0,0,0,-0.2594354906780068,1,0,1,0,0,0,0,0,0,0,1,1,0.142525932095321,-0.2047460675292557
0,0,0,0,-0.015113308357824713,1,2,1,0,0,2,0,2,2,0,1,2,1.2160467942026365,0.4655210815751393
1,0,1,0,-1.1552834925186746,1,2,1,0,2,2,0,0,0,0,1,0,0.6659919871476498,-0.84170390627829
1,0,0,0,-1.2774445836787656,1,0,1,0,0,0,2,0,0,0,0,2,0.3070438351117673,-0.9731322977334154
0,1,0,0,-1.0331224013585834,1,0,1,0,0,2,0,2,0,0,1,2,0.6510358141461546,-0.7368126673777996
0,0,1,0,0.8400143297628127,1,0,2,1,1,1,1,1,1,1,0,0,-1.461108173064988,-0.5549791274710191
1,0,0,0,-1.1960038562387048,0,1,0,0,0,0,2,0,0,0,0,2,-1.1420431490330922,-0.9695366569467108
1,0,0,0,1.4100994218432374,1,0,2,1,1,1,1,1,1,2,0,0,-1.4893587220678117,-0.4270581402188754
0,0,0,0,0.7178532386027215,1,2,1,0,0,0,0,2,2,0,1,2,1.0282637331838649,1.0809050756039464
1,0,0,0,-1.2774445836787656,1,0,2,1,1,1,1,1,1,0,0,3,-1.4993295040688086,-0.9971105893600889
0,0,0,0,-0.9516816739185228,1,0,2,1,1,1,1,1,1,0,0,3,-1.479387940066815,-0.9236536334108496
0,0,1,0,-1.2367242199587352,1,0,0,0,0,0,0,0,0,0,1,1,-0.6700928009859131,-0.9702425496164933
0,1,0,0,-1.2774445836787656,0,1,0,0,0,0,0,0,0,0,0,2,-1.3132082400502028,-0.9946399650158503
1,0,1,1,0.43281069256250915,1,2,1,0,0,2,2,2,2,1,1,1,1.3140928172124378,0.9583003425211022
1,0,0,0,1.5322605130033284,0,1,0,2,0,2,2,0,2,2,0,0,-0.5437962289732878,0.5131247184935952
1,1,1,1,1.5729808767233588,1,0,2,1,1,1,1,1,1,2,0,1,-1.4943441130683104,-0.39321941036117775
1,0,1,1,0.47353105628253944,1,0,1,0,0,2,0,2,2,0,1,0,0.9368648981747281,0.8131732214430102
1,0,0,0,-1.2367242199587352,1,0,1,0,0,0,0,0,0,0,0,1,0.19736523310080326,-0.9437053970618583
0,0,0,0,-1.1552834925186746,1,2,1,0,2,0,0,0,0,0,0,0,0.4383257981248911,-0.8709763929283322
0,0,0,1,-1.1960038562387048,1,0,0,2,0,0,2,0,0,0,1,3,-0.32111543095102724,-0.9375508953471922
0,1,0,0,-0.1779947632379461,1,2,0,0,2,2,2,0,0,0,0,0,-0.010359391919962149,-0.1818266149072559
1,0,1,0,-0.13727439951791576,1,0,1,0,0,2,0,0,0,0,1,1,0.3502505571160864,-0.007206415719814965
1,1,0,0,-1.2774445836787656,1,0,1,0,0,0,0,0,0,0,1,2,0.17576187209864347,-0.9748749702619408
1,1,0,0,-0.9516816739185228,1,2,1,0,2,0,0,2,2,0,1,1,1.1528985081963241,-0.6001562583370977
1,0,0,0,1.5729808767233588,1,2,1,2,0,2,2,2,2,2,1,2,1.438727592224897,2.317276086727959
1,0,1,0,0.35136996512244845,1,2,0,0,0,2,0,2,2,1,1,2,0.27380789510844483,0.31829834163363074
1,0,1,0,0.9621754209229036,1,2,1,0,2,0,0,2,2,1,0,1,1.1811490571991479,1.4712196037017962
0,1,0,0,-1.2774445836787656,0,1,0,0,0,0,0,0,0,0,1,3,-1.2982520670487077,-0.994441432702474
0,0,0,0,0.7992939660427822,0,1,0,2,2,0,2,0,0,2,0,3,-0.8528904710041867,-0.13131117072594722
0,0,0,0,1.4100994218432374,1,2,1,2,2,2,0,2,0,0,1,1,1.2692242982079527,2.0323160395951443
0,0,0,0,-0.13727439951791576,1,0,2,1,1,1,1,1,1,2,0,3,-1.5076384890696393,-0.761254201069018
0,0,0,0,0.3920903288424788,1,0,0,2,2,0,2,0,2,1,1,3,0.09765741309083585,0.2658196334644896
0,0,0,0,-0.6666391278783103,1,0,0,2,0,0,0,0,0,0,1,2,-0.4856333339674735,-0.6694881539972957
1,0,0,0,-0.748079855318371,0,1,0,0,2,0,0,0,0,0,1,3,-1.1187779910307663,-0.8206153627685383
0,1,0,0,-0.5851984004382496,1,0,1,0,2,0,0,0,0,0,1,2,0.3303089931140931,-0.43462442727310635
1,1,0,0,-0.8295205827584317,1,2,1,0,0,2,0,2,2,0,1,2,1.1528985081963241,-0.4762941539362033
1,0,0,0,0.26992923768238775,1,0,2,1,1,1,1,1,1,1,0,3,-1.491020519067978,-0.6567379676493496
1,0,1,0,-0.015113308357824713,1,0,1,0,0,0,0,0,0,0,1,0,0.1657910900976468,0.03007354090307223
1,0,0,0,1.2064976032430856,0,1,0,2,2,2,2,0,0,2,1,0,-0.7000051469889033,0.1493694020963113
1,0,0,0,-1.2774445836787656,1,0,2,1,1,1,1,1,1,0,0,0,-1.4561227820644893,-0.9965370515658908
1,1,0,0,0.5142514200025698,1,0,0,2,0,2,0,0,2,1,0,1,-0.06852228692577646,0.22578228360026462
1,0,0,0,-0.6666391278783103,1,2,1,0,2,0,0,0,0,0,1,3,0.5247392421335293,-0.45478648665376836
1,0,0,0,-1.2774445836787656,1,0,0,0,0,0,0,2,2,0,1,3,-0.0651986929254444,-0.9780735464218926
1,0,1,0,1.6137012404433893,1,2,0,2,2,2,2,2,2,2,1,1,0.9052907551715716,1.9863888977674218
1,0,1,0,-1.1960038562387048,0,1,0,0,0,0,0,0,2,0,1,2,-0.9841724340173105,-0.9617718375791036
0,0,0,0,-0.13727439951791576,1,0,0,2,0,2,2,0,0,1,0,1,-0.22473120494139212,-0.24054806137478588
1,0,1,1,-0.7073594915983407,1,0,2,1,1,1,1,1,1,1,0,3,-1.4993295040688086,-0.8590203358338914
1,1,1,1,1.4508197855632678,1,2,1,0,0,2,2,2,2,1,1,1,1.4088152462219072,2.2500618690771086
0,0,1,0,-1.318164947398796,0,1,0,2,2,2,2,2,0,2,0,1,-0.28954128794787104,-1.005779833710855
0,1,1,1,-0.4223169455581282,1,2,1,0,0,0,0,2,0,0,0,0,0.684271754149477,-0.14035542055753525
1,0,0,0,-1.2774445836787656,1,2,1,0,0,0,0,2,0,0,0,2,0.6560212051466532,-0.9684998770879678
0,0,0,0,0.5142514200025698,1,2,0,2,0,0,2,0,2,2,0,3,0.2920876621102721,0.4717858790194587
0,0,0,0,-0.2594354906780068,1,0,1,0,0,0,0,2,2,0,1,0,0.7989357471609396,-0.0023754627609912015
1,0,1,1,1.6137012404433893,1,2,0,2,2,2,2,2,2,2,1,1,0.9036289581714056,1.912601054629222
1,0,1,0,1.4100994218432374,1,2,1,0,2,2,2,2,2,2,1,0,1.5467443972356951,2.3327395480253816
1,0,0,0,-0.9109613101984924,1,2,1,0,2,2,0,0,2,0,1,2,1.0133075601823696,-0.5550894232006726
1,0,0,0,-1.2774445836787656,1,0,1,0,0,0,0,2,2,0,1,2,0.8354952811645946,-0.9661174893274519
1,0,1,0,0.758573602322752,0,1,0,0,2,0,0,0,0,0,1,1,-1.153675728034255,-0.3310126188365967
1,0,0,0,-1.2774445836787656,1,2,1,0,0,0,0,2,2,0,1,2,0.9484974771758907,-0.9646174674041641
1,0,1,0,0.9621754209229036,1,2,2,1,1,1,1,1,1,2,1,1,-1.3165318340505352,-0.42026392327221895
0,0,1,1,1.6137012404433893,1,2,1,2,2,0,0,2,0,2,1,0,1.0349109211845293,2.062272359769038
1,0,0,0,-0.9109613101984924,1,2,2,1,1,1,1,1,1,0,1,2,-1.3547531650543558,-0.905829843498842
1,0,0,0,-0.4223169455581282,1,0,2,1,1,1,1,1,1,1,0,3,-1.477726143066649,-0.79617382907732
0,0,0,0,-1.1145631287986442,1,0,2,1,1,1,1,1,1,0,0,1,-1.4694171580658184,-0.9633821552320448
1,1,1,0,-0.0965540357978854,1,2,1,0,0,0,0,0,0,0,0,3,0.4366640011247251,0.031639740264151985
1,0,0,0,0.47353105628253944,0,1,0,0,2,2,0,2,2,1,1,3,-0.35933676195484804,0.0422060711649586
1,0,0,0,-0.5851984004382496,1,0,1,0,2,2,0,2,2,0,0,1,1.2143849972024705,-0.21401090882015075
0,1,0,0,-1.2367242199587352,1,0,0,0,0,0,0,0,0,0,1,2,-0.6800635829869099,-0.9663821990786203
0,0,0,0,0.880734693482843,0,1,0,2,0,0,2,0,2,1,0,0,-0.6867107709875744,0.03969132852885839
0,0,0,0,-1.2774445836787656,1,0,1,0,0,2,0,2,2,0,0,2,0.9850570111795457,-0.9641321661936887
1,0,1,1,1.5322605130033284,1,0,2,1,1,1,1,1,1,2,0,1,-1.4760643460664828,-0.36249102007970924
0,1,0,0,-0.9109613101984924,1,0,1,0,0,2,0,0,2,0,1,1,0.6593447991469852,-0.6239139585044644
1,0,1,0,-0.13727439951791576,1,0,1,2,0,0,0,2,2,0,0,1,0.9933659961803764,0.1629798951355547
1,1,0,0,-0.9516816739185228,1,2,1,0,0,2,0,2,2,0,1,2,1.1877962451998125,-0.600509204671989
1,0,0,1,1.125056875803025,1,2,0,2,0,2,2,2,2,2,1,2,0.6709773781481484,1.1934508381423907
0,0,0,0,-0.21871512695797646,1,0,1,0,0,2,2,0,2,0,1,2,0.8122301231622688,0.045823771097593724
1,0,1,1,0.3920903288424788,1,0,2,1,1,1,1,1,1,2,0,3,-1.5093002860698053,-0.6231418883968898
1,0,1,1,1.2879383306831464,1,2,1,2,2,2,0,0,0,0,1,2,0.898643567170907,1.623890952688188
1,0,1,1,1.3286586944031769,1,2,2,1,1,1,1,1,1,2,0,1,-1.329826210051864,-0.24910700999589847
0,0,0,0,-1.2367242199587352,1,0,1,0,0,0,0,0,0,0,1,2,0.179085466098976,-0.9511613883864356
0,0,0,0,1.4508197855632678,0,1,0,0,2,0,2,0,2,0,0,2,-0.6584602219847502,0.3554238842350031
0,1,1,0,1.5322605130033284,1,2,1,2,2,2,2,2,2,2,1,1,1.6032454952413433,2.5182128470107283
1,1,0,0,0.7992939660427822,1,2,1,0,0,0,0,0,0,0,1,0,0.2721460981082788,0.6838404488513017
1,0,1,0,1.4508197855632678,1,2,0,0,2,0,2,0,2,2,0,1,0.2006888271011353,1.1383470916074956
0,0,1,0,1.5322605130033284,1,0,2,1,1,1,1,1,1,2,0,0,-1.505976692069473,-0.4306978992974413
0,0,0,0,1.4100994218432374,1,0,0,2,2,0,2,0,0,1,0,1,-0.14164135493308597,0.7015980613255172
1,0,1,1,-0.1779947632379461,1,0,1,0,0,2,0,2,0,0,0,2,0.6875953481498096,0.004484931623457351
1,0,0,0,-0.3408762181180675,1,2,1,0,2,2,0,0,0,0,1,0,0.6676537841478158,-0.10188427005438998
0,0,1,0,-1.2367242199587352,1,0,1,2,0,0,2,0,0,0,1,2,0.5114448661322006,-0.9199476968944916
0,0,1,1,1.4508197855632678,1,2,0,2,2,2,2,0,2,1,1,2,0.45494376812655235,1.347203085279387
1,0,1,0,1.0436161483629645,1,2,0,2,2,2,0,2,2,2,1,2,0.7091987091519689,1.1518252297711549
0,0,1,0,-0.30015585439803716,1,2,1,0,0,2,2,2,2,0,1,0,1.3356961782145975,0.12651612691210345
1,0,0,0,-0.9109613101984924,0,1,0,0,2,0,2,0,0,0,0,2,-0.9642308700153169,-0.8338067320350985
0,0,1,0,0.9621754209229036,1,2,1,0,2,2,2,0,2,1,1,1,1.1628692901973208,1.468550447044181
1,0,1,0,-0.055833672077855064,1,2,1,2,2,0,2,0,0,0,1,1,0.8570986421667539,0.286775822098657
0,0,0,1,1.247217966963116,1,0,2,1,1,1,1,1,1,2,0,1,-1.504314895069307,-0.4696984693029233
1,0,0,0,-0.4223169455581282,1,0,0,0,2,0,2,0,0,1,1,1,-0.3194536339508612,-0.4794265526583631
0,0,1,0,-1.0331224013585834,1,0,2,1,1,1,1,1,1,1,0,3,-1.4660935640654862,-0.9466392634706415
0,1,0,0,0.3106496014024181,0,1,0,2,2,0,0,2,2,0,1,2,-0.29785027294870164,-0.0751706443323094
1,0,0,0,0.880734693482843,1,2,1,0,2,0,0,0,0,0,1,0,0.5014740841312035,0.8949464754081244
0,0,0,0,0.43281069256250915,1,2,2,1,1,1,1,1,1,2,1,1,-1.2982520670487077,-0.4815662898136412
0,0,1,0,-1.1960038562387048,1,2,1,0,2,0,0,0,2,0,1,1,0.8886727851699104,-0.8985944436335717
0,1,0,0,-0.748079855318371,1,0,1,2,2,0,0,0,0,0,0,2,0.46823814412788106,-0.54527310326151
1,0,1,0,-1.2774445836787656,1,0,2,1,1,1,1,1,1,1,0,3,-1.4993295040688086,-0.9971105893600889
1,1,1,1,1.4508197855632678,1,2,1,0,2,2,0,0,0,0,1,2,0.6610065961471517,1.5017274025239578
1,0,1,1,1.2064976032430856,1,0,2,1,1,1,1,1,1,2,0,0,-1.4727407520661506,-0.4334111742469177
1,0,0,0,1.247217966963116,1,2,1,0,2,0,0,0,2,1,0,1,0.8537750481664219,1.5643312586752913
1,0,1,1,-0.13727439951791576,1,2,0,0,2,2,0,2,2,0,0,1,0.5097830691320341,-0.02997145432029989
0,0,1,1,-0.13727439951791576,1,0,1,0,0,0,0,2,2,0,1,1,0.7656998071576172,0.1508914831655297
0,0,0,0,-0.38159658183809786,0,1,0,0,0,0,0,2,2,0,1,2,-0.6584602219847502,-0.5659866412904396
0,0,0,1,-1.2367242199587352,1,2,1,2,0,0,0,0,0,0,0,1,0.5247392421335293,-0.9227933267195523
0,0,0,0,-0.9924020376385531,1,0,1,0,0,0,0,2,0,0,1,0,0.5064594751317021,-0.7302169827445196
0,0,1,0,0.14776814652229667,1,0,1,0,0,0,0,0,2,0,0,2,0.5197538511330312,0.29026116715570804
0,1,1,1,1.369379058123207,1,2,1,0,2,2,0,2,2,1,1,2,1.3340343812144315,2.0346101907719376
0,0,1,0,-0.6666391278783103,1,0,1,0,2,2,0,2,0,0,1,1,0.8205391081630994,-0.3747779643631105
1,0,0,1,-1.318164947398796,1,2,0,2,2,0,2,0,0,2,1,0,-0.09511103892843457,-1.005779833710855
1,1,1,1,1.3286586944031769,1,2,1,2,2,0,0,0,0,0,1,2,0.6975661301508063,1.5038671396792358
0,1,0,0,0.6771328748826912,1,2,1,2,2,2,2,0,2,1,0,0,1.2708860952081187,1.2734593604330482
0,0,1,0,-0.9516816739185228,1,2,1,2,2,2,0,0,0,0,0,0,0.896981770170741,-0.6238036627748108
1,0,1,0,-0.13727439951791576,1,2,1,0,2,2,0,0,0,0,1,2,0.6992279271509723,0.07081678343707967
0,1,1,0,-1.2774445836787656,1,0,1,0,2,0,0,0,0,0,1,3,0.3868100911197414,-0.9720734587287416
0,1,0,0,-0.38159658183809786,1,0,1,0,2,0,0,2,2,0,1,2,0.9966895901807084,0.006117308422329254
0,0,1,0,1.6137012404433893,1,2,1,2,2,0,0,0,0,2,1,0,0.641065032145158,1.6643694854710271
1,0,0,0,1.3286586944031769,1,0,2,1,1,1,1,1,1,2,1,1,-1.502653098069141,-0.46813226994184337
1,0,1,1,-0.9516816739185228,1,2,1,0,2,2,0,2,2,0,1,1,1.2575917192067896,-0.609707868525092
0,1,1,0,-0.21871512695797646,1,2,1,2,0,0,2,2,2,0,1,0,1.3140928172124378,0.25942248114458594
1,1,0,0,1.5729808767233588,0,1,0,2,2,0,0,2,2,1,1,2,-0.2762469119465419,0.7524885109876478
0,0,1,1,-0.3408762181180675,1,0,2,1,1,1,1,1,1,2,1,3,-1.4976677070686424,-0.7878134127695838
1,1,1,0,1.2879383306831464,1,2,2,1,1,1,1,1,1,2,0,1,-1.2999138640488739,-0.2377686089875174
1,0,0,0,1.6137012404433893,0,1,0,2,0,2,2,2,2,2,1,1,-0.11837619693076015,0.9311234747344765
1,0,1,1,1.0436161483629645,1,2,1,0,0,0,0,2,0,2,0,0,0.5895493251400082,1.1242733565037075
1,0,1,0,-0.62591876415828,0,1,0,0,0,2,2,2,2,1,0,2,-0.33773340095268845,-0.5933620413904415
1,0,0,0,-1.1145631287986442,1,0,1,0,0,0,0,2,0,0,1,3,0.5097830691320341,-0.8299463814972255
1,0,1,1,1.1657772395230555,1,0,0,2,2,2,2,0,0,2,1,0,0.10928999209199854,0.8287690376160171
0,1,1,0,1.4915401492832983,1,0,1,2,2,0,0,0,2,1,0,1,0.749081837155956,1.6658253891024535
1,0,0,0,0.7178532386027215,1,2,1,2,2,2,2,2,2,1,0,1,1.6481140142458286,1.5491545662749682
0,0,1,1,0.5142514200025698,1,2,2,1,1,1,1,1,1,2,1,1,-1.3331498040521963,-0.48902228113821866
0,0,1,1,-0.9109613101984924,1,0,2,1,1,1,1,1,1,0,1,0,-1.4943441130683104,-0.9189770944735407
1,0,1,0,-0.13727439951791576,1,2,1,2,2,0,0,0,0,0,1,2,0.6543594081464871,0.08266254480186687
0,1,1,0,1.369379058123207,1,2,1,0,0,2,2,2,2,1,1,1,1.3689321182179202,2.071581319351795
0,0,1,0,-0.8295205827584317,1,0,2,1,1,1,1,1,1,2,1,2,-1.4860351280674797,-0.8890648925915082
0,0,0,0,1.0436161483629645,1,2,2,1,1,1,1,1,1,2,0,1,-1.343120586053193,-0.3776015350422404
1,0,0,0,-0.9924020376385531,1,0,0,0,0,0,0,2,2,0,1,2,0.04946530008601819,-0.7646954278342075
1,0,1,1,0.880734693482843,1,2,2,1,1,1,1,1,1,2,1,0,-1.3530913680541898,-0.46272777918882124
0,0,1,0,0.3920903288424788,1,2,0,2,0,2,2,2,2,2,0,1,0.6510358141461546,0.5699490784110848
1,0,0,0,0.22920887396235737,1,2,1,0,0,2,0,2,2,0,1,0,1.1462513201956595,0.6606342273322027
1,0,0,0,-0.8295205827584317,1,2,1,0,0,0,0,2,0,0,1,2,0.6543594081464871,-0.5383244722933387
0,0,0,0,-0.748079855318371,1,0,1,0,2,0,2,0,0,0,1,1,0.5081212721318681,-0.5150520733364476
0,0,1,1,1.4508197855632678,1,2,0,2,2,2,2,2,2,2,0,1,0.7723469951582818,1.7127451924970574
0,0,0,0,-0.9516816739185228,1,2,1,0,0,0,0,0,0,0,1,2,0.4017662641212361,-0.7130329080645024
1,0,1,0,-1.0738427650786138,1,0,1,0,2,0,0,0,2,0,1,1,0.6244470621434968,-0.7950929309267156
1,0,1,0,1.4100994218432374,1,0,1,2,2,0,0,0,2,1,1,1,0.85876043916692,1.6660900988536218
0,1,1,0,0.7992939660427822,1,2,1,0,2,2,0,2,2,1,1,2,1.3872118852197473,1.4744843572995403
1,0,1,0,0.3106496014024181,1,0,1,0,2,2,0,0,0,0,1,2,0.5064594751317021,0.3922185396474149
0,0,0,0,-1.2774445836787656,1,0,1,0,0,0,0,0,0,0,1,3,0.1724382780983114,-0.9749190885538024
1,0,0,0,-0.9109613101984924,1,0,1,0,0,0,2,2,2,0,1,1,1.0083221691818711,-0.6241124908178407
0,0,1,0,0.3920903288424788,1,2,2,1,1,1,1,1,1,2,0,2,-1.3132082400502028,-0.5168609233027651
1,1,0,0,-0.5037576729981889,1,0,1,0,0,0,0,0,0,0,0,1,0.21730679710279655,-0.39288852317221723
1,0,0,0,0.5549717837226001,1,0,2,1,1,1,1,1,1,2,0,2,-1.4893587220678117,-0.6056048673819813
1,0,0,0,-1.0331224013585834,1,2,1,0,0,0,0,2,2,0,0,2,1.044881703185526,-0.7235551206734474
1,0,1,1,1.5322605130033284,1,2,2,1,1,1,1,1,1,2,0,1,-1.3165318340505352,-0.21599623195391396
0,1,0,0,1.369379058123207,1,2,1,2,0,0,0,2,2,2,1,0,1.2509445312061254,1.8494898381214824
1,0,1,1,-0.6666391278783103,1,2,1,0,0,2,0,2,0,0,1,0,0.8654076271675846,-0.3695058284856726
0,0,1,1,-0.4223169455581282,1,2,2,1,1,1,1,1,1,2,0,1,-1.3132082400502028,-0.7607468407126118
0,1,0,0,-1.2774445836787656,1,0,1,0,0,0,0,0,0,0,1,2,0.16246749609731476,-0.9750514434293864
0,1,1,0,-1.1960038562387048,0,1,0,0,2,0,0,0,0,0,1,2,-1.1304105700319294,-0.9692278289036811
0,1,0,0,-0.8702409464784621,1,2,0,2,0,0,0,0,0,0,1,2,-0.304497460949366,-0.749540794579815
0,0,0,0,-1.2367242199587352,1,0,2,1,1,1,1,1,1,0,1,3,-1.4876969250676457,-0.9877354523395403
1,0,0,0,-0.62591876415828,1,0,1,2,0,0,0,2,2,0,0,2,0.966777244177718,-0.28857082206592516
0,0,0,0,-1.2774445836787656,1,0,1,0,0,0,0,0,0,0,1,2,0.1774236690988095,-0.9748529111160101
1,0,0,0,-1.2774445836787656,1,0,2,1,1,1,1,1,1,0,0,3,-1.481049737066981,-0.9968679387548512
1,0,0,1,-1.2774445836787656,1,0,0,0,0,0,0,0,0,0,0,2,-0.6900343649879066,-0.9863677852918369
0,0,0,0,1.2879383306831464,1,2,2,1,1,1,1,1,1,1,0,3,-1.33148800705203,-0.28102659415762493
0,1,0,0,-1.2367242199587352,1,2,1,0,0,2,0,0,0,0,1,2,0.4582673621268844,-0.9398009282321238
1,1,1,0,-1.2774445836787656,1,2,1,2,0,0,0,0,0,0,1,2,0.5164302571326987,-0.9703528453461467
0,0,1,1,1.6137012404433893,0,1,0,2,0,2,0,2,2,2,1,1,-0.3643221529553466,0.7379735929652455
1,0,1,0,1.6137012404433893,1,2,1,2,2,2,2,2,2,2,1,1,1.7345274582544672,2.7859226420257333
1,0,1,0,1.4100994218432374,1,0,0,2,0,2,2,0,2,2,0,3,0.10264280409133394,1.0358602996134518
1,1,1,0,1.6137012404433893,1,2,0,0,0,2,0,2,2,2,1,1,0.28876406810994004,1.3452839395834157
0,1,1,0,1.3286586944031769,1,2,1,0,2,2,0,2,2,0,1,0,1.463654547227389,2.118876128227221
0,0,0,1,1.6137012404433893,1,0,2,1,1,1,1,1,1,2,1,3,-1.4960059100684764,-0.3144462002426392
0,0,0,0,-0.5037576729981889,1,0,1,2,0,2,0,2,0,0,1,0,0.8188773111629334,-0.18026041554617594
1,1,1,0,-1.2367242199587352,1,2,1,0,0,0,0,2,0,0,1,3,0.7341256641544608,-0.9368008843855484
1,0,1,0,1.5322605130033284,1,2,1,2,2,2,0,2,0,2,1,1,1.1495749141959914,2.058014944604413
1,0,1,1,1.4508197855632678,0,1,0,2,2,0,0,2,0,1,0,3,-0.6634456129852487,0.31055558141195433
1,1,1,0,0.6771328748826912,1,2,1,2,2,2,0,0,0,0,1,2,0.7789941831589463,0.8292984571183538
1,0,1,0,1.4508197855632678,0,1,0,2,0,2,0,2,2,2,1,0,-0.3543513709543497,0.6682887509701564
1,0,0,0,-0.0965540357978854,1,0,2,1,1,1,1,1,1,1,0,3,-1.4976677070686424,-0.7300184504311433
0,0,0,0,0.06632741908223598,1,0,0,2,2,0,0,0,2,1,0,2,-0.013682985920294679,-0.10000924265028027
0,0,1,1,1.0436161483629645,1,0,1,2,2,0,0,2,2,1,0,1,1.1462513201956595,1.5736622774039783
1,0,0,1,-0.8295205827584317,1,0,2,1,1,1,1,1,1,0,0,1,-1.4527991880641573,-0.9017489015016621
1,0,0,0,-0.5444780367182193,1,0,0,0,0,2,2,0,0,0,1,1,-0.3244390249513595,-0.544081909381252
0,0,0,0,-0.3408762181180675,1,2,1,0,0,0,2,0,2,0,1,2,0.8238627021634315,-0.008993206540201946
1,0,1,0,-0.4223169455581282,1,0,1,0,0,2,0,2,2,0,1,1,0.9950277931805424,-0.16095866285681126
1,1,1,0,1.0843365120829946,1,2,1,0,0,0,0,2,2,0,1,0,0.966777244177718,1.4537046418328183
1,0,0,0,-0.4223169455581282,1,2,2,1,1,1,1,1,1,2,0,3,-1.3132082400502028,-0.7558497103159959
1,0,1,0,0.9621754209229036,0,1,0,0,0,2,2,2,2,1,1,0,-0.35601316795451593,0.30003336880300924
0,1,0,0,-0.015113308357824713,1,0,1,0,0,0,0,2,2,0,0,2,0.8703930181680831,0.2727462052867301
1,0,0,0,-1.2774445836787656,1,0,2,1,1,1,1,1,1,0,0,2,-1.5142856770703037,-0.9973091216734653
1,0,1,1,1.6137012404433893,1,2,1,2,0,2,0,2,2,1,1,0,1.3739175092184182,2.456844303031514
1,0,1,0,1.5322605130033284,1,2,0,0,2,2,2,2,0,2,0,1,0.37683930911874425,1.316717345603156
0,0,0,0,-0.5851984004382496,1,2,1,0,0,0,2,2,2,0,1,0,1.1661928841976528,-0.22181984647961944
1,0,1,0,1.5322605130033284,1,2,0,2,2,2,2,2,0,2,0,3,0.47820892612887816,1.4368293951958309
1,0,1,1,1.369379058123207,1,0,0,2,2,2,2,2,0,1,1,2,0.3436033691154218,1.205870137301376
0,0,1,1,0.758573602322752,0,1,0,2,0,0,2,0,0,2,0,0,-1.0157465770204666,-0.2195918727406185
1,0,1,1,-1.0738427650786138,1,0,2,1,1,1,1,1,1,0,0,1,-1.4926823160681442,-0.9445215854612943
1,1,0,0,-1.2367242199587352,1,2,1,0,0,0,0,2,2,0,1,2,0.966777244177718,-0.9189770944735407
1,0,0,0,1.4100994218432374,1,0,0,0,0,0,2,0,0,2,0,0,-0.47233895796614456,0.4325205992628083
0,0,0,0,-1.1960038562387048,1,0,0,2,2,0,0,0,0,0,0,2,-0.31280644595019663,-0.9328964155558142
1,0,0,0,1.5729808767233588,1,0,2,1,1,1,1,1,1,2,1,1,-1.491020519067978,-0.40793286069695633
1,0,0,0,-0.62591876415828,1,0,0,2,2,0,0,0,0,1,0,3,-0.28787949094770476,-0.5880016689292806
1,0,0,0,0.5142514200025698,1,2,1,0,2,0,0,2,2,0,1,1,1.1994288242009752,1.0854272005197405
0,0,1,0,-0.9924020376385531,1,0,2,1,1,1,1,1,1,1,1,3,-1.4960059100684764,-0.9418083105118178
0,0,1,0,1.5729808767233588,1,2,0,2,2,2,2,2,2,2,0,1,0.6975661301508063,1.7400544151592674
0,0,1,0,1.4508197855632678,1,2,1,0,2,2,0,0,0,1,0,1,0.720831288153132,1.5367352671159824
0,0,0,1,-1.2367242199587352,1,0,1,0,0,0,0,2,0,0,1,2,0.5280628361338618,-0.9421833159926397
0,0,0,0,0.18848851024232702,1,0,2,1,1,1,1,1,1,2,0,3,-1.4943441130683104,-0.6469657660020485
1,0,1,0,-0.055833672077855064,1,2,1,0,0,2,0,2,0,0,0,1,0.7939503561604415,0.17800217351436295
1,1,0,0,1.2879383306831464,1,2,1,2,2,0,0,2,2,0,1,0,1.28750406520978,1.8833726862710412
0,0,0,0,0.7992939660427822,1,2,0,0,0,2,2,2,2,2,1,0,0.5380336181348585,0.8621665845551005
1,1,0,0,0.880734693482843,1,0,0,0,0,2,2,0,2,1,0,0,0.016229360082695727,0.5515738098508095
0,1,1,0,0.3920903288424788,1,0,1,2,0,0,0,0,0,0,1,1,0.31202922611226586,0.41897628366135703
1,0,0,0,-0.21871512695797646,1,0,2,1,1,1,1,1,1,0,1,2,-1.5076384890696393,-0.7720411234291316
0,1,0,0,-1.1145631287986442,1,0,1,2,2,0,0,0,0,0,0,2,0.5297246331340278,-0.8404244758143092
1,0,1,0,1.5729808767233588,1,2,0,0,2,2,2,2,2,2,0,1,0.6460504231456565,1.622280635035247
1,0,0,0,-1.0331224013585834,1,2,1,0,0,2,0,2,0,0,1,1,0.8172155141627669,-0.7270184065845677
0,0,0,0,-1.1552834925186746,0,1,0,2,0,0,0,0,0,0,1,3,-1.1835880740372453,-0.9572276535173788
1,0,0,0,-0.9516816739185228,1,2,0,0,0,0,0,0,2,0,0,3,-0.1615829189350795,-0.7664822186545944
0,0,1,1,1.6137012404433893,1,0,1,2,2,2,2,2,2,2,1,0,1.4586691562268908,2.4029538095228076
0,0,1,0,1.2064976032430856,1,2,0,2,2,0,2,2,2,2,1,2,0.6709773781481484,1.2665548477567385
1,0,1,1,1.5729808767233588,1,2,2,1,1,1,1,1,1,2,0,1,-1.3580767590546883,-0.2882399348769646
1,0,0,0,-0.748079855318371,1,2,1,0,0,0,2,2,0,0,1,2,0.8371570781647607,-0.48588988241605885
0,0,1,0,-1.2367242199587352,1,0,1,0,0,0,0,0,0,0,1,2,0.1857326540996401,-0.9527275877475155
0,0,0,0,0.6364125111626608,1,2,1,0,0,2,2,2,2,0,1,2,1.2991366442109427,1.1763329409001655
0,0,0,0,1.6137012404433893,1,2,1,2,2,2,2,2,2,2,1,1,1.5949365102405126,2.6086553453266084
1,0,1,1,-0.5444780367182193,0,1,0,2,2,0,0,0,0,0,1,3,-0.9908196220179748,-0.7365700167725618
0,0,1,0,-0.5851984004382496,1,0,0,0,0,0,2,0,0,0,1,3,-0.4806479429669752,-0.6048548564203374
0,0,0,0,0.880734693482843,1,0,0,2,0,2,2,2,2,2,0,2,0.5264010391336954,0.8912846571836278
0,0,0,0,0.025607055362205634,1,2,1,0,2,2,0,2,2,0,0,2,1.422109622223236,0.6025524960966631
1,0,0,0,-1.0738427650786138,1,0,0,2,0,2,2,2,2,0,0,1,0.4615909561272169,-0.7925561291446849
0,0,1,0,1.002895784642934,0,1,0,2,0,2,2,0,2,0,1,0,-0.49394231896830415,0.22176751904087683
1,0,0,0,-0.62591876415828,1,0,2,1,1,1,1,1,1,1,1,3,-1.4710789550659844,-0.8443951220818356
0,0,0,0,-1.2774445836787656,1,0,1,0,2,0,0,0,0,0,1,1,0.3170146171127639,-0.9729999428578311
0,0,1,1,-1.2774445836787656,1,0,2,1,1,1,1,1,1,2,0,3,-1.4760643460664828,-0.9968017613170591
1,0,0,0,1.002895784642934,1,0,2,1,1,1,1,1,1,2,1,3,-1.5009913010689746,-0.4893531683271792
1,0,0,0,-1.2774445836787656,1,0,2,1,1,1,1,1,1,0,0,3,-1.4976677070686424,-0.9970885302141583
0,0,1,0,0.26992923768238775,1,2,1,0,2,2,2,0,0,1,1,2,0.8238627021634315,0.5270881578677298
1,0,0,0,0.025607055362205634,1,0,1,0,0,0,0,0,0,0,0,2,0.11593718009266311,-0.04790553996196105
1,0,1,0,1.125056875803025,1,2,1,2,0,2,0,2,0,1,1,0,1.0182929511828682,1.5583752892740017
1,1,1,0,-0.3408762181180675,1,0,1,0,0,2,0,2,2,0,1,2,0.9435120861753926,-0.021478683136979433
1,0,0,0,0.025607055362205634,1,2,1,2,0,0,0,0,0,1,0,0,0.5097830691320341,0.14275165831710054
0,1,1,0,1.5322605130033284,1,2,1,0,2,0,2,2,2,1,1,0,1.3556377422165908,2.1686856797387475
1,0,1,0,0.14776814652229667,1,2,1,0,0,0,0,2,2,0,1,0,1.0049985751815391,0.5119997020511293
0,0,1,0,1.6137012404433893,1,2,1,0,2,2,2,2,2,1,1,0,1.4536837652263923,2.525360010292276
0,1,0,0,-1.2774445836787656,1,0,1,0,0,0,0,2,0,0,1,2,0.47987072312904416,-0.9708381465566224
1,0,0,0,-1.1960038562387048,1,0,0,2,0,0,0,0,0,0,1,3,-0.4856333339674735,-0.9348155612517852
0,0,1,1,-1.2774445836787656,1,0,2,1,1,1,1,1,1,0,0,2,-1.4876969250676457,-0.9969561753385741
0,1,1,0,0.9621754209229036,1,2,1,0,0,0,2,0,0,0,1,0,0.4017662641212361,0.8806080305531678
1,0,1,0,1.369379058123207,1,2,1,0,2,2,0,0,2,1,0,2,1.0149693571825356,1.761937087922524
1,1,0,0,1.002895784642934,1,2,1,0,2,0,2,2,2,0,1,0,1.3340343812144315,1.603353887826704
0,1,0,0,1.2064976032430856,1,2,1,0,0,0,0,2,0,1,0,2,0.6543594081464871,1.1821124371340093
1,0,0,0,-1.0331224013585834,1,0,2,1,1,1,1,1,1,0,1,3,-1.5076384890696393,-0.9313743344865955
0,0,0,0,-0.3408762181180675,0,1,0,0,2,2,0,2,2,0,1,1,-0.35268957395418365,-0.45860271889977994
1,0,1,0,1.125056875803025,1,0,2,1,1,1,1,1,1,2,0,3,-1.4893587220678117,-0.4507055446565884
0,0,1,1,1.247217966963116,1,0,0,2,2,2,2,0,0,2,0,3,-0.04027173792295256,0.7652166381896631
0,0,1,0,0.9214550572028734,1,2,1,0,2,2,0,2,2,0,1,1,1.2924894562102784,1.4986611812395898
1,0,1,1,1.4508197855632678,1,2,1,2,2,2,0,2,2,2,1,2,1.5101848632320405,2.288753611039561
1,1,1,0,-0.38159658183809786,1,0,2,1,1,1,1,1,1,1,1,2,-1.462769970065154,-0.7917178815993181
1,0,0,0,-0.1779947632379461,1,0,1,2,0,0,0,0,0,0,1,0,0.33695618111475767,-0.0931709074117625
0,0,1,0,1.5729808767233588,1,0,0,2,2,2,2,2,2,2,1,1,0.6526976111463211,1.6277733623719917
1,1,0,0,1.2879383306831464,1,0,2,1,1,1,1,1,1,2,1,0,-1.4860351280674797,-0.47722063806529286
0,0,0,0,-0.5851984004382496,1,0,1,0,2,2,0,0,0,0,0,2,0.43334040712439253,-0.4063887204818072
0,0,0,0,-1.0738427650786138,1,2,1,0,2,0,0,2,0,0,1,2,0.830509890164096,-0.7619600937388005
1,1,0,0,-0.9516816739185228,1,2,1,0,0,0,0,0,2,0,1,2,0.6743009721484804,-0.676436784965467
0,0,0,0,-0.5851984004382496,1,2,1,0,0,0,2,0,2,0,1,2,0.8421424691652587,-0.2942620817160464
0,0,0,0,1.0843365120829946,1,2,0,2,2,2,2,0,2,1,0,1,0.5014740841312035,1.1057657330678483
1,0,0,0,-1.2774445836787656,1,0,2,1,1,1,1,1,1,0,1,3,-1.481049737066981,-0.9968679387548512
0,0,1,1,1.5729808767233588,1,2,1,2,0,2,2,0,2,2,0,2,1.1861344481996465,2.1529575086901565
0,0,0,0,-0.8295205827584317,1,0,1,0,0,0,0,0,2,0,0,0,0.4433111891253892,-0.5878472549077658
1,0,1,0,-0.62591876415828,1,0,1,0,0,2,0,2,2,1,1,0,1.0598378761870213,-0.30507106322209065
1,1,1,0,0.22920887396235737,0,1,0,0,0,0,0,0,0,0,1,2,-1.3265026160515319,-0.584119259245477
1,0,1,0,-0.4223169455581282,1,0,2,1,1,1,1,1,1,1,0,3,-1.4827115340671475,-0.8205271261848155
0,0,0,0,-1.0331224013585834,1,0,2,1,1,1,1,1,1,0,0,3,-1.5109620830699715,-0.9418303696577486
0,0,1,1,1.5729808767233588,1,2,0,2,2,2,2,0,0,2,0,3,0.21065960910213194,1.2993788569016238
0,0,0,0,0.43281069256250915,1,0,1,0,2,2,0,2,0,0,1,2,0.893658176170409,0.7387015447809587
1,0,0,0,-0.62591876415828,0,1,0,0,0,0,0,0,0,0,0,1,-1.3181936310507012,-0.8368950124653969
0,1,1,0,-1.0738427650786138,1,2,1,0,0,0,0,0,2,0,1,2,0.6510358141461546,-0.7962620656610429
0,0,0,0,-0.9516816739185228,1,0,1,0,0,0,0,2,2,0,1,3,0.785641371159611,-0.6578629840918155
1,0,0,0,1.2879383306831464,1,2,1,0,2,0,2,2,2,1,1,1,1.3589613362169235,2.0397499717737912
1,0,1,0,1.6137012404433893,1,0,0,2,2,0,2,2,2,2,1,0,0.48485611412954227,1.5324557928054263
0,0,1,0,-0.1779947632379461,1,0,1,0,2,2,0,0,2,0,0,1,0.8354952811645946,0.06783879873643485
1,0,0,0,-1.1145631287986442,1,0,1,0,0,0,0,2,0,0,1,2,0.5264010391336954,-0.8224462718807867
1,0,0,0,1.6137012404433893,1,2,0,2,0,2,2,2,2,2,0,1,0.6493740171459885,1.6400382475094624
0,0,0,0,-1.2774445836787656,1,0,2,1,1,1,1,1,1,0,0,3,-1.502653098069141,-0.9971547076519502
1,1,1,0,0.758573602322752,0,1,0,0,2,0,0,0,0,0,1,1,-1.1736172920362484,-0.3619395414314417
1,0,0,0,0.10704778280226633,1,2,1,0,0,2,2,2,0,0,0,2,1.0216165451832002,0.5022716186956895
0,0,0,0,-1.2367242199587352,1,0,1,0,0,0,0,2,0,0,1,2,0.5131066631323666,-0.941345068447273
0,0,0,0,-0.9109613101984924,1,0,0,0,0,0,0,0,0,0,0,3,-0.6484894399837535,-0.8166447165010119
1,0,1,1,-0.0965540357978854,1,0,1,0,2,2,0,0,0,0,0,0,0.574593152138513,0.12814850371097536
0,0,1,1,0.43281069256250915,1,0,0,0,2,0,0,0,0,0,0,3,-0.48397153696730727,-0.04867761006953564
0,0,0,0,0.10704778280226633,1,2,1,0,0,2,0,2,2,0,1,2,1.1794872601989819,0.5505370299920666
0,0,0,0,-0.21871512695797646,1,0,2,1,1,1,1,1,1,1,0,3,-1.51594747407047,-0.7845927774637013
0,0,0,0,0.8400143297628127,1,2,1,2,2,2,0,0,0,0,0,2,0.8654076271675846,1.165369545372606
1,1,1,0,-0.21871512695797646,1,0,1,0,0,0,0,0,0,0,1,2,0.19237984210030468,-0.14816435821700383
0,0,1,0,1.6137012404433893,1,2,1,0,2,2,2,2,2,1,1,2,1.478610720228884,2.572125399665365
1,0,0,0,-1.1960038562387048,0,1,0,0,0,0,0,0,0,0,0,2,-1.329826210051864,-0.9762426373096444
0,0,0,0,0.5142514200025698,1,2,1,0,0,2,2,0,0,0,1,2,0.7474200401557899,0.7332308765901445
0,0,1,1,1.4100994218432374,1,2,1,0,2,0,2,2,0,2,0,1,0.9750862291785486,1.7749078657297772
0,0,1,0,0.6771328748826912,1,0,1,0,2,2,0,2,2,0,0,2,1.1512367111961581,1.2111643323247445
1,0,0,0,-1.2367242199587352,1,0,2,1,1,1,1,1,1,0,1,2,-1.4993295040688086,-0.9920149266500967
1,0,0,0,-1.2774445836787656,1,0,0,0,0,0,0,0,0,0,1,0,-0.6534748309842519,-0.9858824840813615
1,0,0,1,0.22920887396235737,1,2,1,0,2,0,0,0,0,0,1,3,0.5679459641378485,0.38028454169890474
0,0,0,0,-1.1960038562387048,1,0,1,0,2,0,0,2,2,0,1,2,1.0083221691818711,-0.8701602045288961
1,0,0,0,-0.7888002190384014,0,1,0,2,0,0,2,2,0,0,1,1,-0.6385186579827569,-0.7423936312982674
0,0,1,0,-0.30015585439803716,1,0,1,0,0,0,2,2,2,0,1,2,1.0099839661820376,0.05116208441282369
0,0,1,0,0.7178532386027215,1,2,1,2,0,2,0,2,2,1,1,3,1.3174164112127704,1.3028862611046053
1,0,1,1,-1.2367242199587352,1,0,0,2,2,0,2,0,0,2,0,3,-0.17487729493640844,-0.9482054628317216
1,1,0,0,-0.6666391278783103,1,2,1,0,0,0,0,2,0,0,1,2,0.7258166791536301,-0.4406245149662574
0,1,1,0,1.125056875803025,1,0,1,2,2,2,2,2,2,2,1,0,1.503537675231376,1.9361822816291432
1,0,1,1,1.4508197855632678,1,0,1,0,2,2,2,2,2,1,0,1,1.3622849302172555,2.2247820878405236
0,1,0,0,0.43281069256250915,0,1,0,2,2,0,0,0,0,0,1,1,-1.0406735320229585,-0.343895160060127
1,0,1,1,-0.62591876415828,1,2,0,0,2,2,2,0,0,0,1,3,0.06442147308751339,-0.5306037712175928
0,0,1,0,0.9621754209229036,1,0,1,2,0,2,0,0,0,2,0,0,0.5164302571326987,0.9855654468914501
0,0,1,1,-1.2774445836787656,0,1,0,0,0,0,2,2,0,0,0,2,-0.8196545310008642,-0.9880883986744317
0,0,1,1,1.6137012404433893,1,2,1,2,2,2,2,2,2,2,1,0,1.7943521502604476,2.8203569688235604
0,0,0,0,-0.7073594915983407,1,0,2,1,1,1,1,1,1,0,0,3,-1.491020519067978,-0.8644027674409828
1,0,0,1,-0.0965540357978854,1,2,2,1,1,1,1,1,1,1,0,0,-1.3098846460498705,-0.6866722286773129
0,0,1,1,-0.4223169455581282,0,1,0,0,2,0,0,2,0,0,0,2,-0.8495668770038544,-0.6308184711807742
0,0,0,0,0.6364125111626608,1,0,1,2,0,2,2,2,2,2,1,1,1.2542681252064576,1.157891494902098
0,1,1,0,-1.1145631287986442,1,0,1,0,0,0,0,0,0,0,1,2,0.15249671409631763,-0.8550717487122957
0,0,0,1,-0.5444780367182193,1,0,2,1,1,1,1,1,1,2,0,3,-1.4710789550659844,-0.8299463814972255
0,0,0,0,-0.1779947632379461,1,0,0,2,0,0,2,0,0,1,0,3,-0.3477041829536853,-0.32357868665795003
1,0,0,0,0.880734693482843,1,0,0,2,2,0,0,2,0,2,1,0,0.017891157082861757,0.5440516410884401
1,1,0,0,-0.3408762181180675,1,0,1,0,0,0,0,0,0,0,0,1,0.17410007509847744,-0.24138630892015261
1,0,0,0,0.26992923768238775,1,0,2,1,1,1,1,1,1,1,0,0,-1.5093002860698053,-0.6620101035267875
0,0,1,1,-0.1779947632379461,1,0,2,1,1,1,1,1,1,0,1,0,-1.502653098069141,-0.7658645625685349
0,1,0,0,-0.5851984004382496,1,0,1,0,2,0,0,0,0,0,1,2,0.2920876621102721,-0.4060137150009852
1,0,1,0,0.025607055362205634,1,2,1,0,2,2,0,0,2,0,1,2,0.9501592741760567,0.35835775064378655
0,0,0,0,0.43281069256250915,1,2,0,0,2,2,2,2,2,1,0,1,0.6759627691486464,0.6099423099834483
0,0,1,1,1.5729808767233588,1,0,0,2,0,2,0,2,2,2,0,1,0.42503142212356193,1.453528168665373
0,0,1,0,-0.8702409464784621,1,0,0,0,0,0,0,0,0,0,1,2,-0.6883725679877406,-0.7923796559772391
1,0,0,0,-0.6666391278783103,1,0,0,0,0,0,2,0,0,0,1,3,-0.5088984919697991,-0.6532746817382293
0,0,0,0,-1.1960038562387048,1,2,1,0,0,0,0,0,0,0,0,2,0.37683930911874425,-0.8921311138758758
1,0,1,0,1.247217966963116,1,2,0,0,2,0,2,0,2,2,0,3,0.08270124008934066,0.8622548211388232
0,0,1,1,-0.5851984004382496,1,0,2,1,1,1,1,1,1,0,1,3,-1.479387940066815,-0.8284463595739378
0,0,1,1,1.2879383306831464,1,2,1,0,2,2,2,2,2,1,1,2,1.5517297882361936,2.200274376711513
1,0,0,0,0.8400143297628127,0,1,0,0,0,2,2,2,2,1,0,1,-0.32776261895169184,0.3379530406578867
0,0,0,0,0.5956921474426305,1,0,2,1,1,1,1,1,1,2,0,3,-1.4827115340671475,-0.5442142642568363
1,0,1,1,-0.3408762181180675,1,0,0,2,2,0,2,0,2,0,1,1,0.18407085709947407,-0.25292324224190993
1,1,1,1,-0.4223169455581282,0,1,0,2,0,0,0,0,2,0,0,3,-0.8213163280010305,-0.6174506287467685
1,0,1,1,-1.2774445836787656,1,0,2,1,1,1,1,1,1,0,0,3,-1.491020519067978,-0.9970002936304354
0,0,0,0,-0.8295205827584317,1,0,1,2,0,0,2,2,2,0,1,0,1.1346187411944968,-0.5112358410904361
1,0,0,0,0.43281069256250915,1,0,1,2,0,0,0,0,0,0,1,2,0.3469269631157543,0.4053878497680442
1,0,0,0,-0.5037576729981889,1,2,1,0,0,2,0,2,0,0,1,2,0.7956121531606076,-0.2286581817181372
1,1,0,0,-0.3408762181180675,1,2,1,0,2,0,0,2,2,0,1,2,1.2127232002023045,0.07077266514521831
0,0,0,0,0.6364125111626608,1,0,2,1,1,1,1,1,1,1,0,3,-1.4893587220678117,-0.5925237938450747
0,0,1,1,1.2064976032430856,1,0,0,2,0,2,2,2,0,1,1,0,0.19902703010096928,0.875181480654215
0,0,0,0,-0.62591876415828,1,2,0,0,0,2,0,0,0,1,1,3,-0.29618847594853537,-0.5921708475101835
1,0,1,1,-0.38159658183809786,0,1,0,0,0,0,2,0,0,0,1,0,-1.1437049460332582,-0.7063269277015688
0,0,0,0,1.369379058123207,1,2,1,0,0,2,0,2,0,1,1,0,0.9102761461720702,1.6664209860425823
0,0,1,1,0.9621754209229036,1,2,2,1,1,1,1,1,1,2,1,1,-1.3231790220511994,-0.3577262445586774
0,0,1,1,-0.5037576729981889,1,2,1,2,0,0,0,0,0,0,0,2,0.5862257311396761,-0.30326221325577307
1,0,1,1,-1.318164947398796,1,0,2,1,1,1,1,1,1,2,0,3,-1.4926823160681442,-1.005779833710855
0,0,0,0,-1.0331224013585834,1,0,1,0,0,0,0,0,2,0,1,2,0.4831943171293762,-0.7749749898379149
1,0,0,0,-0.9109613101984924,1,0,0,0,0,0,0,0,0,0,1,1,-0.6302096729819263,-0.8133358446114065
1,0,0,0,-0.30015585439803716,1,0,0,2,2,0,2,2,2,0,1,3,0.4732235351283796,-0.16664992250693256
1,1,0,0,-0.5444780367182193,1,2,1,0,2,0,0,2,0,0,1,2,0.7789941831589463,-0.22232720683602564
1,0,0,0,-1.2774445836787656,1,2,0,0,2,0,0,0,0,0,0,2,-0.3477041829536853,-0.981823601230112
0,0,1,0,0.06632741908223598,1,2,2,1,1,1,1,1,1,2,0,1,-1.3231790220511994,-0.6112299495943104
0,0,0,0,-0.7073594915983407,1,2,1,0,2,0,0,0,0,0,1,2,0.4981504901308714,-0.515250605649824
1,0,1,1,1.6137012404433893,1,2,1,2,2,2,2,2,2,2,0,0,1.654761202246493,2.6587075474433717
0,0,1,1,0.880734693482843,1,2,0,2,0,0,2,0,0,2,0,0,-0.1582593249347472,0.4386309826856128
0,0,1,0,0.9214550572028734,1,0,0,2,2,0,2,0,0,2,0,3,-0.26461433294537917,0.36720346816199834
0,0,0,0,-0.38159658183809786,1,2,1,0,2,0,0,2,2,0,1,1,1.1279715531938321,-0.013515331455995956
0,1,1,0,1.4508197855632678,1,2,1,0,2,0,0,2,2,0,1,2,1.1778254631988159,2.0170511106110984
0,0,0,0,-0.13727439951791576,1,2,1,0,0,0,0,0,0,0,1,1,0.3735157151184122,-0.028449373251081496
0,0,1,1,0.3106496014024181,1,0,2,1,1,1,1,1,1,2,0,0,-1.4827115340671475,-0.6628262919262236
0,0,1,0,-0.8295205827584317,1,2,1,0,2,2,0,0,0,0,1,2,0.6560212051466532,-0.6012592156336328
1,0,0,0,-1.1145631287986442,1,2,1,0,2,2,0,0,2,0,0,2,1.0565142821866886,-0.7851442561119688
0,0,0,0,-0.9516816739185228,0,1,0,2,0,2,2,2,2,0,0,3,-0.2081132349397309,-0.7676072350970603
1,0,0,0,1.247217966963116,1,2,1,2,2,2,2,2,0,1,0,1,1.3207400052131024,1.9019685462906235
1,0,0,0,-1.2774445836787656,1,0,0,2,0,0,0,0,0,0,0,3,-0.44907379996381874,-0.983169209131885
0,1,1,0,0.43281069256250915,0,1,0,0,2,2,0,2,2,0,0,1,-0.30615925794953225,0.027558798266972027
0,0,1,0,1.5729808767233588,1,2,1,0,2,2,2,2,2,2,0,2,1.478610720228884,2.3947257480906554
1,0,0,0,-1.2367242199587352,1,0,0,0,0,0,0,0,0,0,0,0,-0.6219006879810957,-0.9703307862002162
0,1,0,0,-0.30015585439803716,1,2,1,2,2,0,0,2,2,0,1,3,1.2642389072074542,0.1678549663862398
0,0,1,0,-0.3408762181180675,1,0,2,1,1,1,1,1,1,1,0,1,-1.4744025490663168,-0.7927767206039918
1,0,0,0,-1.0738427650786138,1,0,2,1,1,1,1,1,1,0,0,3,-1.4660935640654862,-0.9575585407063393
0,0,1,0,0.30405759711617736,1,2,1,0,0,2,2,0,0,0,1,2,0.6929416195951559,0.4637109254225169
1,0,0,0,-1.270678596294959,1,2,0,0,0,0,0,0,0,0,1,2,-0.47483419265110727,-0.9792423196248516
1,0,0,0,1.0008701874141508,1,1,2,1,1,1,1,1,1,1,0,2,-1.3832687189300974,-0.4499981793927425
0,0,1,0,0.8397842404884691,1,2,1,0,2,2,0,2,2,0,1,2,1.326626719244117,1.3997609898934844
1,0,0,0,-1.023524836389793,1,0,1,0,0,2,0,2,2,0,0,2,0.992487551941187,-0.7069657087079184
0,0,0,0,-0.44168436242252007,1,0,1,0,2,0,0,0,0,0,1,0,0.333976615321413,-0.28901338424183964
1,0,1,0,0.6184607840623004,1,2,1,0,2,2,0,2,2,0,1,2,1.3333589219557145,1.134669916610179
0,0,0,0,0.47600580052901437,1,0,1,0,2,0,1,2,2,0,0,1,1.1841053469872829,0.9349580526479255
0,0,1,0,0.23910080645969878,1,2,1,0,0,2,0,0,0,0,1,1,0.4688077561122761,0.29633163954900477
0,0,0,0,-0.7999706704385103,1,2,1,0,0,0,0,2,2,0,1,2,1.0235186528966225,-0.4447460868521415
0,0,0,0,-0.891774387854304,0,0,0,0,0,2,0,0,2,0,1,2,-0.3894164496398445,-0.7336953050218755
0,0,0,0,-0.5540525053232485,1,2,0,1,0,0,2,2,2,0,1,2,0.4472555658939385,-0.353150979127985
0,1,0,0,-0.8415097715869257,0,1,0,0,0,0,2,0,0,0,0,1,-0.8795705111793968,-0.8071341202156906
0,0,0,0,-1.2206859181041243,1,0,1,0,0,2,2,0,0,0,0,1,0.504746697570145,-0.9272093150217359
1,0,0,0,-1.2632426636503429,1,0,1,0,0,0,0,0,0,0,1,1,0.1642062360748426,-0.9650421964748953
1,0,0,0,-0.6780048477282192,1,0,0,0,0,0,2,0,0,0,0,2,-0.4489130699511922,-0.6406422892524107
1,1,0,0,-1.1402732016583825,1,2,1,0,0,0,0,0,0,0,0,2,0.34902229638402055,-0.8562125710610762
0,0,0,0,0.7178532386027215,1,2,1,2,2,0,2,2,2,1,0,2,1.4918836623175906,1.4433081278096838
0,0,0,0,-1.2774445836787656,1,0,1,0,0,0,0,2,0,0,0,2,0.48909974348369595,-0.9707156380271326
0,0,1,0,-0.05397472103642634,1,0,0,0,0,2,2,2,2,0,1,2,1.115652805100817,0.27353787748757874
0,0,1,0,-1.2367242199587352,1,0,1,0,2,1,0,0,0,0,0,0,0.4133162864285287,-0.9365032606372293
1,0,0,0,-1.1237056934477199,1,0,1,0,0,0,0,2,2,0,1,2,0.7918135802585156,-0.8141752112695633
1,0,1,0,-1.1234244710385497,1,2,1,0,0,2,0,0,0,0,1,0,0.5385757338102573,-0.8513515506401896
0,0,0,0,-0.6897282362608591,1,0,1,0,2,0,0,0,2,0,1,0,0.8076030586288125,-0.3875757966040757
1,0,0,0,-1.2348428103565754,1,0,0,0,0,0,2,0,0,0,1,2,0.13809205452792306,-0.9560238146748565
0,0,0,0,1.1151630947427593,1,2,1,0,0,2,2,2,2,1,1,2,1.3651430883715865,1.8241680348721907
0,0,1,0,-1.113720151780904,1,2,1,0,0,0,0,0,2,0,1,0,0.6703745827149765,-0.8242899428201786
0,0,1,0,0.7641941530308108,1,2,1,2,2,2,2,2,2,0,1,0,1.66883792829795,1.6115230847894504
0,0,0,0,-0.5301498555339011,1,2,1,0,0,0,2,0,0,0,1,2,0.5230774451333633,-0.3168198835371569
1,0,0,0,0.5832378772695098,1,2,1,0,0,0,2,2,2,0,0,0,1.1796242818590812,1.0957231816083708
0,0,0,0,-0.986724243116626,1,0,1,0,0,0,0,2,2,0,0,2,0.8064679386143693,-0.6656886048951379
0,0,1,0,0.5133611298656088,1,2,1,2,0,2,2,1,2,1,1,1,1.4535019317045073,1.186120196875029
0,0,0,0,-1.1355476956022925,1,2,1,0,0,0,0,2,2,0,1,2,0.9938757523178455,-0.8112096031221694
1,0,0,0,-1.0479581153079784,1,2,0,0,0,0,0,0,0,0,0,2,0.13360922852410384,-0.8002220851240397
0,0,0,0,-1.2676546707645007,1,0,0,0,0,0,0,0,2,0,1,2,-0.30277197132989514,-0.9737572942972871
0,0,0,0,-1.1073166797964766,1,0,1,0,0,2,0,2,0,0,1,2,0.7232676999590869,-0.8203441750322371
0,0,1,0,0.10282687730184006,1,0,1,0,0,0,0,0,0,0,1,2,0.18382204425621448,0.057142033435875705
1,0,1,0,-1.1431348440310771,1,0,1,0,0,0,0,0,0,0,1,2,0.17382233768940472,-0.8789481635735349
0,0,0,0,-1.1729874547532182,0,1,0,0,0,0,0,0,0,0,0,3,-1.3112161289744153,-0.9639434759540549
1,0,0,0,-1.2774445836787656,1,0,1,0,0,0,0,0,2,0,0,2,0.4991857295885858,-0.9705817539009003
1,0,0,0,-0.8437670387892626,1,2,0,0,0,0,0,0,0,0,0,1,-0.43707873123332214,-0.7438840833217948
0,0,1,0,-0.23172285026139128,1,0,0,0,0,0,0,2,0,0,0,2,-0.2984860830020835,-0.3221116896209424
0,0,0,0,-1.1777328887266574,1,2,1,0,2,0,0,0,2,0,1,1,0.8506452616504531,-0.8763738868999563
1,0,1,0,-0.7811561657146261,1,0,0,0,0,0,0,0,2,0,0,0,-0.14943172483547226,-0.6322391669930018
1,0,0,0,-1.0233694365128458,1,2,2,1,1,1,1,1,1,0,0,0,-1.325719657968038,-0.9280732506060114
0,0,0,0,-1.2774445836787656,1,0,2,1,1,1,1,1,1,0,1,3,-1.4833157929758698,-0.9968980189980917
0,0,0,0,-1.2774445836787656,0,1,0,1,0,0,0,0,0,0,0,0,-1.1525861464186375,-0.9925078236034157
0,0,0,0,-0.8161814247834758,1,2,1,0,2,0,0,0,2,0,1,2,0.8138059572303954,-0.528498900784712
0,0,0,0,-1.1415841198396255,1,0,0,2,0,0,2,0,0,0,0,2,-0.34110324338503123,-0.8922689897771292
1,0,0,0,1.4663142770727393,1,2,1,0,2,1,2,2,2,1,1,0,1.4365107162686162,2.2867155535156996
0,0,1,0,-0.7043864199695642,1,2,1,0,2,0,0,2,2,0,1,2,1.174259207244482,-0.3624042581608793
1,0,0,0,-1.186213522727862,1,2,1,0,0,0,0,0,0,0,1,0,0.2604728073801464,-0.900214740244686
1,0,0,0,-0.7738695477811877,1,0,0,2,0,0,2,0,0,0,0,2,-0.28072819877297195,-0.6868534037249485
1,0,0,0,-1.1207792666480383,0,1,0,0,0,0,0,2,2,0,1,2,-0.6452292660900157,-0.9065476687320126
1,0,0,0,-1.2579321233336358,1,0,0,0,0,0,0,0,0,0,0,1,-0.6201005090077134,-0.9773003001589435
0,0,1,0,0.8431467925013257,1,0,1,0,0,2,0,2,2,0,1,0,1.0049561655131234,1.2080045339219638
0,0,1,1,-1.2774445836787656,1,0,2,1,1,1,1,1,1,0,1,1,-1.4855469571484592,-0.9969276360789227
1,0,0,0,0.41862324516894434,1,0,2,1,1,1,1,1,1,1,0,3,-1.5048776304983829,-0.6476646538097398
0,0,0,0,-1.252964428656691,1,2,1,0,0,2,0,0,0,0,0,3,0.5124830266149555,-0.9504600121253333
0,0,1,1,-0.7645785689353164,0,1,0,2,0,0,0,0,0,0,0,0,-1.0703480618870826,-0.7983975985994414
0,0,1,0,1.5539890027879815,1,2,1,0,2,2,2,2,2,1,1,1,1.4709584012239434,2.3839495913168482
0,0,0,0,-0.037517520667840254,0,1,0,0,1,2,0,2,2,0,1,0,-0.41915095229296306,-0.3139954270312189
1,0,1,0,-0.918111142011821,1,2,1,0,0,0,0,0,0,0,1,2,0.3429158573121632,-0.6817110206530574
1,1,0,0,-1.2443395086990487,1,2,1,0,0,0,0,2,2,0,1,2,0.9689656175327077,-0.9328899333135048
0,0,0,0,-0.9516816739185228,1,2,1,0,0,0,0,0,2,0,1,2,0.6269117883485521,-0.656451453972139
0,0,0,0,-0.8856060323115642,1,2,1,0,0,2,0,2,2,0,1,2,1.1883851474204437,-0.5116046571370736
0,0,0,0,-0.2705720516500614,1,0,1,0,0,0,0,2,2,0,0,0,0.799481126482483,-0.012242517650466349
1,1,0,0,0.42937225339056556,1,2,1,0,0,0,0,2,2,0,1,0,1.0148895784886294,0.8094779124079828
0,0,0,0,0.5466567821858654,1,0,0,0,0,2,2,0,0,1,0,1,-0.34587900243515207,0.07487952301549744
0,0,0,0,-1.1552834925186746,1,2,1,0,2,0,0,0,0,0,0,0,0.5097965045499625,-0.8666216051624855
0,0,0,0,-1.0423712302404353,0,1,0,0,2,0,0,2,2,0,1,2,-0.45305409806817454,-0.8493371175378189
0,0,0,0,-1.2675298960027903,1,0,0,0,2,0,0,0,0,0,0,2,-0.4800267028169815,-0.9765870294053791
0,0,1,0,-0.11944732026856393,1,0,1,0,0,0,0,0,0,0,1,2,0.19793574612981,-0.12031138209168343
1,0,0,0,-0.8074335922810002,1,2,1,0,2,2,2,2,2,0,1,2,1.5980783723474912,-0.3700615860186221
0,0,0,0,-1.2694352171725363,1,0,1,0,0,0,0,0,0,0,1,2,0.16355703623705045,-0.969303905835976
0,0,0,0,0.4833807651395382,1,2,1,1,2,2,0,2,2,0,1,2,1.460297586244833,1.0779833654871767
1,0,0,0,-0.8826306255481787,1,0,1,2,0,0,0,0,0,0,0,2,0.2954820899642442,-0.6635787856702139
0,0,0,0,0.04746872533917157,1,0,1,0,2,0,0,0,2,0,1,2,0.6996127385552213,0.23146782534562538
1,1,0,0,0.764614528717472,1,2,1,2,0,0,0,2,2,0,0,2,1.1573244895211687,1.2991845270163267
0,0,0,0,-1.2774445836787656,1,0,1,0,0,0,0,0,0,0,0,2,0.1987658609765906,-0.9745696090489911
0,0,0,0,0.026033027500290684,1,0,0,0,2,0,1,0,2,0,1,0,0.2559078593423635,0.00022688851184593517
1,0,1,0,-0.6820647637440425,1,0,1,0,0,0,0,0,0,0,1,2,0.14806541648118104,-0.5411556798761409
1,0,0,0,-1.2774445836787656,1,0,1,0,0,0,0,0,0,0,1,2,0.16438960546588702,-0.9750259288261877
0,0,0,0,-1.1679600552571527,1,0,2,1,1,1,1,1,1,0,0,3,-1.4812376480723435,-0.9738260477298608
0,0,0,0,-0.21661114988285357,1,2,1,0,0,2,0,2,2,0,1,1,1.1265905976433799,0.19788828914579124
0,0,1,0,1.1783988731680566,1,2,1,0,2,2,0,2,2,0,1,2,1.3497306455937492,1.9057573534959218
0,0,0,0,-1.1960038562387048,1,2,1,0,0,0,0,0,0,0,1,1,0.3345424541835763,-0.8914874477764314
0,0,1,1,-1.1932452345277451,1,0,0,0,0,0,0,0,0,0,1,0,-0.6749656127050626,-0.9467218956966481
0,0,0,0,-1.1910406101856108,1,0,2,1,1,1,1,1,1,0,0,2,-1.4935753107372447,-0.9788133326867169
1,0,0,0,-1.2774445836787656,1,0,2,1,1,1,1,1,1,0,0,3,-1.4863361615131185,-0.9969381121925799
0,0,0,0,-0.7463144825094499,1,0,2,1,1,1,1,1,1,0,0,0,-1.5033991499201391,-0.8865445311019444
1,0,1,0,-1.1145631287986442,1,2,1,0,2,0,0,0,0,0,1,2,0.48029174892524923,-0.8236321534509087
1,0,1,0,-1.006747307533444,1,2,1,0,0,0,0,0,0,0,1,0,0.33171989150130743,-0.756537941614618
1,0,0,0,-1.2774445836787656,1,0,2,1,1,1,1,1,1,0,0,3,-1.4910814674138433,-0.9970011026753762
0,0,0,0,0.2786333720457791,1,2,1,0,2,2,0,2,2,0,1,2,1.2902824619642597,0.7730985179813192
1,0,0,0,-1.1552834925186746,1,2,1,0,2,0,0,2,2,0,1,2,1.2061081955409227,-0.8343233241539364
1,0,1,0,1.4508197855632678,1,2,0,0,2,2,2,0,2,1,1,0,0.6584955279052379,1.5921861700517606
0,0,0,0,-1.1929845939895771,1,0,0,2,0,0,2,0,0,0,0,2,-0.3222243750863328,-0.9350386092336826
0,0,0,0,-1.088172701685546,1,2,1,0,0,0,0,0,2,0,0,2,0.7103850769860187,-0.7981660717631028
1,0,0,0,-1.0331224013585834,1,2,1,0,0,0,0,2,2,0,0,2,0.9741924671499691,-0.7236606744546161
1,0,0,0,0.1843980241123222,1,0,0,0,1,0,2,0,2,1,1,3,-0.025126044262748087,0.06797668227531015
1,0,1,0,0.8329432332513886,1,0,1,0,2,0,0,2,2,0,1,0,0.9869973305983513,1.1416045842315277
1,0,0,0,-1.2068478011267267,1,0,0,2,0,0,0,0,0,0,1,2,-0.5137167961398049,-0.9504877123682106
0,0,0,0,-1.2754657100978428,1,0,1,0,0,0,0,0,0,0,1,2,0.17839276246047844,-0.9731044778666514
0,0,0,0,-1.1963320257517542,0,1,0,0,0,2,0,2,2,0,1,2,-0.5107640795115674,-0.938790888991679
0,1,0,0,-1.110656242122487,1,0,1,0,2,0,0,0,2,0,1,2,0.6568673939416988,-0.8112924377784169
1,1,0,0,0.8121563371803515,0,1,0,0,0,0,0,2,2,0,1,2,0.8341065531710068,1.0399674843761924
0,0,1,0,0.30063912077090144,1,0,0,0,2,0,2,0,0,0,0,1,-0.34510912833771745,-0.09439468088941241
0,0,0,0,-1.268810040672747,0,0,0,0,0,0,2,0,0,0,1,2,-0.6042754135516724,-0.9825959493141422
0,1,0,0,-1.0398296492588532,1,0,1,0,0,0,0,2,2,0,1,2,0.9227532465905517,-0.7218044654118649
0,0,0,0,-0.8629950403380647,1,2,1,0,0,0,2,2,2,0,1,2,1.1497081477328632,-0.5195396187765281
0,0,0,0,-1.171515160029546,1,0,1,0,0,2,0,2,2,0,1,2,1.0340474782038827,-0.8574877149920984
1,0,1,0,0.2943652222871158,1,2,1,0,2,0,0,2,2,0,1,2,1.1984354349346469,0.7789884517662685
1,0,1,0,-0.8656654098263971,1,2,1,0,0,2,0,2,2,0,0,2,1.208325123789726,-0.5165644992354355
1,1,1,0,0.8967957761668481,1,2,1,0,0,2,0,2,2,0,0,2,1.1942688854747963,1.41791248507693
1,0,1,0,-0.07270083394969257,1,0,1,0,0,2,0,2,2,0,1,1,1.0235634422958202,0.22535546086637903
1,0,0,0,0.14279657560272274,1,2,1,0,0,0,0,2,2,0,1,0,1.0528738006044471,0.46661393714745614
0,0,0,0,-0.5386067807217653,0,1,0,0,0,2,0,2,2,0,1,1,-0.47571425573993736,-0.5846237486382209
0,0,0,0,-1.0207007771611951,1,2,1,0,0,2,0,2,2,0,0,1,1.1456605233783455,-0.674901827915048
1,0,0,0,-1.2232946276003174,1,0,2,1,1,1,1,1,1,0,0,3,-1.5048629563893905,-0.9815342135923311
0,0,0,0,-1.056463797723313,1,0,2,1,1,1,1,1,1,0,0,3,-1.486511408961301,-0.9391602616952014
1,1,0,0,-1.231494828351562,0,1,0,0,0,0,0,0,0,0,1,1,-1.3169434921589152,-0.981861856964217
0,0,0,0,-0.376424274054655,1,2,1,0,0,2,0,0,2,0,1,2,0.8009689305628057,-0.06968607887443609
1,1,1,0,-0.351782383123365,1,0,1,0,0,0,0,0,2,0,1,1,0.518491175580066,-0.18986373997005201
0,0,0,0,-1.270602984029262,1,0,0,2,0,2,0,0,0,0,1,2,-0.30175915003852144,-0.9768959331861273
0,0,1,0,0.025607055362205634,1,0,1,0,0,2,0,2,2,1,1,2,0.9826059440302202,0.3625095779941186
1,0,0,0,0.44398459837429083,1,2,1,0,2,0,0,2,2,0,1,1,1.2152005537483233,1.0047291179571953
0,0,0,0,-1.1749441555126139,0,1,0,0,0,0,0,2,2,0,0,2,-0.6643299601921938,-0.9321794078606985
1,1,0,0,0.24305395143947536,1,2,1,0,0,2,0,2,2,0,1,2,1.1972399705602537,0.6954057255469899
0,0,0,0,-0.7945756499682056,1,0,1,0,0,2,0,2,0,0,1,2,0.6152107175565122,-0.5427993335005384
0,0,0,0,-1.2191283807824178,1,0,1,0,0,2,0,2,0,0,1,2,0.6804556999113612,-0.9159394584435683
1,0,0,0,-0.9051282112927117,1,2,0,0,0,0,0,0,0,0,0,2,0.005807350201244121,-0.7338089113562911
1,0,1,0,-0.6400176290512921,0,1,0,0,0,0,0,0,0,1,0,0,-0.9108070126373147,-0.6964328906759418
0,0,0,0,-0.6607581613794284,0,1,0,0,0,0,0,0,2,0,1,2,-0.9914705189489454,-0.7846459805294066
0,0,0,0,-1.1782344661330972,1,0,1,0,2,0,0,0,2,0,1,2,0.6572899668881141,-0.8823308035370815
0,0,0,0,-1.001220887303419,1,0,0,0,0,0,0,0,0,0,1,0,-0.6099322939316871,-0.8521604789931878
0,0,0,0,-1.2167590021483585,1,0,0,0,0,0,0,0,0,0,1,3,-0.6610442554972316,-0.9527465824474717
0,0,0,0,-1.2774445836787656,0,0,0,0,0,0,0,2,0,0,1,2,-0.3795730491221748,-0.9822466372383528
0,0,0,0,-1.2774445836787656,1,0,1,0,0,0,0,0,0,0,1,3,0.17334521878432016,-0.9749070495761527
0,0,0,0,-1.0043404415720567,1,2,1,0,0,2,0,0,0,0,1,2,0.5061949302316793,-0.7235387418856057
0,0,1,0,-0.6969292153499544,1,0,1,0,2,2,2,1,0,0,0,2,0.8049988705985287,-0.4213304486521895
0,1,0,0,-1.2541606640232832,1,0,1,0,0,0,0,0,0,0,1,2,0.16436360327492663,-0.9593730096676052
1,1,1,0,-1.2429460185855206,1,2,1,0,0,0,0,0,0,0,0,2,0.32550045815766043,-0.9437641434323859
1,0,0,0,1.3067584991971868,1,2,1,2,0,2,0,2,2,2,1,1,1.4289887758190989,2.059984176356432
1,0,0,0,-0.41946847262359116,1,2,1,0,0,0,0,2,2,0,1,1,0.9931916270191548,-0.07434913597351628
0,1,0,0,-0.9214178345307861,1,0,1,0,0,2,0,0,2,0,1,1,0.6913495859049841,-0.6315950703177682
1,0,1,0,-1.2647264353097014,0,1,0,0,2,0,0,2,0,0,0,2,-0.7874384167936945,-0.9806585114280026
0,0,0,0,-0.5851984004382496,1,2,1,0,0,0,2,2,2,0,0,0,1.1637854760508362,-0.2028695878146255
1,0,0,0,-1.2774445836787656,1,0,1,0,0,0,0,2,0,0,1,2,0.47366364419786205,-0.9709205410127038
1,0,0,0,-1.2032324537786114,1,0,1,0,0,2,0,2,2,0,0,2,0.9987807844488467,-0.8884995549322438
0,0,1,0,0.3856223576591851,1,2,1,0,0,2,2,0,0,0,1,2,0.6508257847065394,0.5673627243132107
0,0,0,0,0.793533816503148,1,2,1,0,0,0,2,2,2,0,0,2,1.1703738171541374,1.2972215535203284
0,0,0,0,-1.2429758951301624,1,0,1,0,0,0,0,0,2,0,1,2,0.4929892658432995,-0.9406083305217185
0,0,0,0,1.4335381435888466,1,2,1,2,2,2,2,2,2,1,1,0,1.7545936770533752,2.4304847915399175
1,0,0,0,-0.974366466645074,1,0,0,0,0,0,0,0,2,0,0,1,-0.35479834087555456,-0.7900609535722646
0,0,0,0,-1.2459537510968917,1,2,1,0,0,0,0,0,0,0,1,3,0.35222269268227085,-0.9442312037726956
1,0,0,0,-1.2774445836787656,1,0,1,0,0,0,0,0,0,0,1,3,0.20632220843046536,-0.9744693040350986
1,0,0,0,0.4995753671088847,1,0,1,2,0,0,0,0,2,0,0,2,0.6859114634751272,0.6873513540292437
0,0,1,0,-1.1083541558529442,0,1,0,0,0,2,0,2,2,0,1,2,-0.506588450076832,-0.8938325009183221
0,0,0,0,-0.3662328507544853,0,1,0,0,0,0,0,2,0,0,1,0,-1.0208207480462161,-0.6538602906445166
1,0,0,0,-1.2774445836787656,1,0,1,0,0,0,0,0,0,0,1,2,0.1591468643151308,-0.9750955223999576
1,1,1,0,-0.5323081959416639,1,0,1,0,2,0,0,0,0,0,1,2,0.31716065016139944,-0.38383419233193505
0,0,0,0,-1.1960038562387048,1,2,1,0,0,0,0,0,0,0,1,1,0.3373216378572157,-0.8961672717839808
1,1,0,0,1.384028727639613,1,2,1,0,2,2,2,2,2,1,0,0,1.5234858106069888,2.2670902080040314
0,0,1,0,-1.1352805785258437,1,0,0,0,0,0,0,0,0,0,1,2,-0.6526789080289052,-0.9181539740504401
0,0,1,0,0.8722236031014726,1,2,0,2,2,2,0,0,2,0,0,1,0.3711714011463482,0.7738556197370468
0,0,0,0,-0.8537357624666959,1,0,1,0,0,2,0,0,0,0,0,2,0.3416717938146373,-0.6378363377702582
0,1,0,0,-1.2774445836787656,1,0,1,0,0,0,0,0,0,0,1,2,0.15693202803596046,-0.9751249227398847
1,1,1,0,-0.9233863330238452,1,2,1,0,0,0,0,2,2,0,1,2,1.006167367559593,-0.6006382489309846
0,0,0,0,-1.1964811509241162,1,0,1,0,0,0,0,2,0,0,1,2,0.48656660708941735,-0.8982710589359567
1,0,0,0,-1.2235439186090917,0,1,0,0,0,0,0,0,2,0,0,2,-0.9757431147190797,-0.9712976684468472
0,1,0,0,-1.0926664592569637,1,2,1,0,0,2,0,0,2,0,1,2,0.8089986169210642,-0.7832907147297532
0,0,0,0,-1.000218373785996,1,0,1,0,0,0,0,2,0,0,1,2,0.5412491105387751,-0.717991815328207
1,0,0,0,-1.2774445836787656,1,0,2,1,1,1,1,1,1,0,0,3,-1.4747130566842341,-0.9967838239338079
1,0,0,0,-1.274995565613087,1,2,1,0,0,0,0,2,0,0,0,2,0.658319925530543,-0.9659261009866005
0,0,1,0,1.2293945341042491,1,1,1,0,2,2,0,2,2,0,1,2,1.2369011717175267,1.8456146162057454
1,0,1,0,-1.0772937927335613,1,2,0,0,0,0,0,0,0,0,1,2,0.32225200297155976,-0.8165125334975238
1,0,1,0,0.16496327779639863,1,0,1,2,2,0,0,0,0,0,1,2,0.5173114985029001,0.2813022238443583
1,0,0,0,-0.5505930617360977,1,0,1,2,0,0,0,0,0,0,1,2,0.33087389030843395,-0.3826599887675841
0,0,0,0,0.5886506588107678,1,2,1,2,2,2,2,2,2,0,0,0,1.6601115362682917,1.3108017088027673
1,0,0,0,-0.069028566106618,1,0,1,0,0,0,0,2,2,0,1,3,0.814067896938135,0.21437509604572236
1,0,1,0,1.2117876652281354,1,2,1,0,2,2,0,2,2,0,1,2,1.2870722906216212,1.8508434780607386
0,0,0,0,0.2742731579226952,1,2,1,0,0,2,0,0,2,0,1,1,0.8497153575104758,0.5721379684252292
1,0,0,0,-1.2774445836787656,0,1,0,0,0,0,0,0,0,0,1,2,-1.330308873701996,-0.9948669634838909
0,0,0,0,-1.1393909006957579,1,2,1,0,0,0,0,0,0,0,1,2,0.35647184742392457,-0.8519034094993263
0,0,0,0,-0.8693834038722048,1,2,1,2,2,0,0,0,2,0,1,1,1.0000394313998842,-0.5438133266115996
1,1,1,0,-0.546322614908416,1,0,1,0,0,0,0,0,2,0,1,2,0.5210757274916538,-0.3469700487785532
0,0,0,0,-1.1234591658316913,1,2,1,0,0,0,0,2,0,0,1,2,0.6801334729169212,-0.8055381366333776
0,0,0,0,-1.227169509041556,0,1,0,0,0,0,0,0,0,0,0,2,-1.340001165991272,-0.9847179745964402
1,0,0,0,-1.2529845092896872,1,0,0,0,0,0,0,0,0,0,0,2,-0.6657937281575443,-0.9762670820080926
0,0,0,0,-0.12410446257314256,1,2,1,0,0,0,0,2,0,0,1,1,0.7175694858364902,0.11951835732758294
1,0,0,0,-1.2762202855747184,1,0,1,0,0,0,0,0,0,0,1,2,0.17073900841745046,-0.974096524178711
0,0,1,0,0.3106496014024181,1,2,1,0,0,0,0,2,2,0,1,0,0.9962291903784841,0.6024662164384681
1,0,0,0,1.0509161374329106,1,2,1,0,0,0,2,2,2,0,1,0,1.1812495486676406,1.660194897126414
0,0,0,0,-1.2431566816673822,1,2,1,0,0,0,0,0,2,0,1,2,0.7006249432010091,-0.938392858300133
0,0,0,0,-0.14410173117674527,1,2,2,1,1,1,1,1,1,2,0,1,-1.3338065630334783,-0.690250299135683
0,1,0,0,-1.2774445836787656,0,1,0,0,0,0,0,0,0,0,1,3,-1.2970010186997145,-0.9944248259459965
1,0,0,0,-1.2774445836787656,1,0,0,0,0,0,0,0,0,0,0,2,-0.6468276429835875,-0.9857942474976384
1,0,0,0,-1.000650607612273,1,0,0,0,0,0,0,0,0,0,1,2,-0.6600732746794838,-0.8669965831800984
0,0,1,1,-1.2774445836787656,1,0,2,1,1,1,1,1,1,0,0,3,-1.5013075466217856,-0.9971368464356096
0,0,0,0,-0.6719284444319543,0,1,0,0,0,2,0,0,0,0,0,1,-0.5027000072570696,-0.6973846753509181
0,1,0,0,0.14932581400504524,1,2,1,0,0,0,2,2,2,0,0,2,1.1497020509361193,0.5578992604189793
1,1,0,0,-0.8500817755190325,1,0,1,0,2,0,0,0,0,0,1,2,0.31543368292468416,-0.6280649465537026
0,1,0,0,-0.34529360965973654,1,2,1,0,0,0,0,2,2,0,1,2,0.9576477391430542,-0.011550902068632895
0,0,1,1,-0.8234147146854577,1,1,2,1,1,1,1,1,1,0,0,3,-1.3982771857635206,-0.8771558067330609
0,0,1,0,-1.0331224013585834,1,0,1,0,0,1,0,2,0,0,1,2,0.6691484131759321,-0.7479743862549023
0,0,0,0,-1.1699483780197397,1,2,0,0,0,0,0,0,0,0,0,3,-0.4647620703714948,-0.914116157823273
1,1,0,0,0.3413061281953081,1,2,1,0,0,0,0,2,2,0,1,0,1.021358735851994,0.7228555493481669
0,0,0,0,0.34623576437069314,1,2,1,0,2,2,0,2,2,0,1,2,1.324768110699494,0.9019887720757414
0,0,0,0,-1.2774445836787656,1,0,1,0,0,0,0,0,0,0,1,3,0.18872483737122112,-0.9747028963307603
1,0,0,0,-1.2774445836787656,1,0,2,1,1,1,1,1,1,0,1,3,-1.488665527810921,-0.996969032835164
0,0,0,0,1.2167312092715958,1,2,1,0,2,0,2,2,2,1,1,0,1.4138082461533699,1.9513482973529126
0,0,0,0,-0.10186469537894395,1,2,1,0,0,0,0,0,2,0,1,2,0.6267177922261635,0.11156727922771609
0,1,0,0,-1.2774445836787656,1,0,1,0,0,0,0,0,0,0,1,2,0.16644988292933877,-0.9749985801420709
0,0,0,0,-1.2774445836787656,1,0,1,0,0,0,0,0,0,0,0,2,0.18910836015179333,-0.9746978053449279
1,0,0,0,-1.240006608128198,1,0,0,0,0,0,0,0,0,0,0,0,-0.5584064080349411,-0.9707077527761386
1,0,1,1,-0.3818438779991312,0,1,0,2,0,0,0,0,1,0,0,2,-0.5785157150260354,-0.5170442670132472
0,0,0,0,-0.9093646677550834,1,2,0,0,0,0,0,0,0,0,1,2,0.3252854831565305,-0.6534034288050784
1,0,1,0,-1.1145631287986442,1,2,1,0,2,0,0,0,0,0,1,2,0.5171236020011319,-0.8338727335191815
0,0,0,0,-0.054100915877478784,1,2,1,0,0,2,0,2,2,0,1,2,1.174226080787366,0.38241871427462226
0,0,0,1,-0.983923473327722,1,2,1,0,0,2,0,2,2,0,1,1,1.1553935762893197,-0.6350655523643882
0,0,0,0,-1.1580959998652138,1,2,0,0,0,0,2,2,0,0,0,2,0.06407342179903742,-0.8943803733847623
1,0,0,0,1.061708039778948,1,2,1,2,0,2,2,2,2,1,1,1,1.55216475633456,1.8989349266649582
1,0,0,0,-0.43203907137679415,1,2,1,0,0,2,2,2,2,0,1,2,1.3479842446794164,0.02382825171101994
0,0,0,0,1.5223226528940073,1,2,1,0,2,2,2,2,2,1,0,2,1.4826612851569347,2.3532903829035505
0,0,1,0,-1.0653590787740792,1,0,1,0,0,0,0,0,0,0,1,2,0.1443723430402978,-0.8075882991771952
1,0,0,0,-1.244627008254765,1,0,1,0,0,0,0,2,0,0,1,2,0.5167035356598905,-0.9474866763231117
0,0,0,0,-1.0612330854778367,1,2,0,0,0,0,2,0,0,0,0,1,0.35300200294166456,-0.8197711260670179
0,1,1,0,-0.8047072920344758,1,2,1,0,2,0,0,2,2,0,1,2,1.204401551977211,-0.44784547941970626
0,0,0,0,-0.6270983762245773,1,0,1,2,0,0,0,2,2,0,1,2,0.9749617061495008,-0.3114235346235271
0,0,0,0,-1.2774445836787656,1,0,1,0,0,0,0,0,0,0,1,2,0.1684945373670998,-0.9749714388422513
0,0,0,0,-0.7036445591687973,1,0,0,0,0,0,0,2,2,0,1,2,0.15020500282767535,-0.5723502353221117
1,0,1,1,-0.3657196233426494,0,1,0,2,0,0,0,0,0,0,0,2,-0.48178524336974465,-0.4770429070134853
1,0,1,0,0.09763314562634862,1,2,1,2,0,0,0,2,2,0,0,1,1.182678886613321,0.5426790433372193
0,0,0,0,-1.038088208818797,1,2,1,0,0,2,0,2,0,0,1,1,0.8188772808596385,-0.7317341355680965
1,0,1,0,-0.9558101365635755,1,0,1,2,0,0,0,2,2,0,1,2,1.0628718330913491,-0.6096442749047833
0,0,1,0,0.9043461727934348,1,2,1,0,2,0,0,2,2,1,1,1,1.142515506874697,1.3875377259705468
1,0,0,0,0.14776814652229667,1,2,1,0,0,0,0,0,2,0,1,2,0.668654893837151,0.3464195413086161
0,0,0,0,-1.2662069427388545,1,0,1,0,0,0,0,2,0,0,1,2,0.5108702935022953,-0.9603667497869632
0,0,0,0,-0.5822223002828384,1,2,1,2,2,0,0,0,2,0,1,1,1.0088287093602344,-0.254429688586361
0,0,1,0,0.025607055362205634,1,0,1,0,0,2,0,2,2,1,1,2,0.9992114057606584,0.35283841264298393
1,0,0,0,-1.2774445836787656,1,0,1,0,0,0,0,0,0,0,0,2,0.19142432835299228,-0.9746670625523268
0,0,0,0,-1.2774445836787656,1,2,0,0,0,0,0,0,2,0,1,2,0.48983113428190456,-0.9707059293465006
0,0,0,0,-0.4641670280342177,1,2,1,0,2,0,2,0,0,0,0,1,0.6867237092309261,-0.23253576125539327
0,1,0,0,-1.2774445836787656,1,0,1,0,0,0,0,0,0,0,1,2,0.17073383811645393,-0.9749417137542846
1,1,0,0,0.15602110325709273,1,2,1,0,0,2,0,2,2,0,1,2,1.1805754312330097,0.5847797071851798
0,0,0,0,-1.15327858915874,1,0,1,0,2,2,1,0,2,0,1,1,0.9990789024609237,-0.8362708094990263
0,0,0,0,-1.2774445836787656,1,0,2,1,1,1,1,1,1,0,1,3,-1.4883789482720433,-0.9969652287003219
1,0,0,0,-1.2746685824449537,1,0,1,0,0,0,0,0,2,0,1,2,0.4836850023746032,-0.9677528001202732
0,0,0,0,-1.2763935134394748,1,2,0,0,0,2,0,0,0,0,0,2,-0.32352295744647613,-0.9806462525698423
0,0,0,0,-1.2070118971528472,1,0,0,0,0,0,0,0,2,0,1,2,-0.3169390512226146,-0.9276739186184935
1,1,1,0,-1.0468073757851053,1,0,1,0,0,2,0,2,2,0,1,2,1.0267381799445772,-0.7256819198911355
0,0,0,0,-0.9758840025168753,1,2,0,0,0,0,0,0,2,0,1,0,0.36339682285041686,-0.7439120515827737
0,0,1,0,1.588650027921291,1,2,1,0,2,2,2,2,2,1,0,2,1.4798602460903743,2.5387012465375496
0,1,0,0,-1.2774445836787656,1,2,1,0,0,0,0,0,0,0,1,2,0.317284641496368,-0.9729963584806286
0,0,0,0,0.31679784462858623,1,0,1,0,2,0,0,0,2,0,1,2,0.6941170813262023,0.4739449344114894
0,0,1,0,-1.1145631287986442,1,2,1,0,2,0,0,0,0,0,1,2,0.501845688815336,-0.8327816707217928
0,0,0,0,-1.2774445836787656,1,0,1,0,0,0,0,0,0,0,1,3,0.179085466098976,-0.9748308519700793
0,1,1,0,-0.7927922677194552,1,2,1,0,0,2,1,2,2,0,1,0,1.2882245066786406,-0.42082634607648384
0,0,1,0,-0.8074237836045952,1,0,1,0,2,0,0,0,2,0,0,2,0.6422244504688964,-0.5476823590182218
1,0,0,0,-0.8295205827584317,1,2,1,0,0,0,1,2,2,0,1,2,1.1415135731159534,-0.5045668379878533
1,0,0,0,-0.3913359118780463,1,2,1,0,2,0,0,0,0,0,1,2,0.4962351308463436,-0.22036789597281503
0,0,0,0,-0.9312396065025661,1,2,0,0,0,0,0,0,0,0,1,3,0.05718921953710571,-0.6957305714277437
0,1,1,0,0.6204541766981615,1,2,1,2,0,0,0,0,0,0,0,2,0.5036918907747114,0.6808790262532112
1,0,1,1,-0.41732058729805893,0,1,0,2,0,0,0,0,1,0,0,2,-0.7913428438706478,-0.6050555674117335
1,0,0,0,-1.2138587921520962,1,0,0,0,0,2,0,0,0,0,1,2,-0.48927663135339994,-0.9430567487805834
0,0,0,0,0.9280028226648909,1,0,1,0,0,2,0,2,2,1,1,1,1.0071948004632099,1.3109138901281132
1,1,0,0,-0.9639806267387078,1,2,1,0,0,2,0,2,2,0,1,2,1.1871569259436843,-0.6180132127101507
0,0,1,0,-0.5423875823975157,1,2,1,0,0,2,0,0,2,0,0,2,0.8271095159152203,-0.22671177051332933
0,0,1,0,0.6418401929868995,1,2,1,0,0,0,0,2,2,0,1,2,1.028876941263731,1.0644448607229728
0,0,0,0,-0.7888002190384014,1,0,1,0,2,2,0,0,0,0,1,2,0.5781289158969105,-0.5713391804728487
0,1,0,0,-0.2842054520082229,1,2,1,0,2,0,0,0,2,0,0,1,0.8290379493551873,-0.023678932916702422
1,0,0,0,-0.8144940008192805,1,2,0,0,0,0,0,0,0,0,0,1,-0.4375131428440803,-0.7276110259015315
0,0,0,0,-0.6605001988527848,1,2,1,0,2,0,0,2,0,0,1,1,0.8426011083514852,-0.3992062563140487
1,0,0,0,-0.4420883010917888,0,1,0,0,2,2,0,0,1,0,1,0,-0.7396953612692327,-0.6233856276689134
0,0,1,0,-0.11290446611976168,1,0,1,0,2,0,0,2,0,0,1,2,0.6881269019777312,0.08912394753768232
0,0,0,0,-0.24425457611312923,0,1,0,0,2,0,0,0,0,0,1,2,-1.1387543135447644,-0.6626067992656985
1,0,0,0,-0.23125042909127755,1,2,1,0,0,0,2,0,0,0,1,2,0.5000728123081979,-0.05621927774904821
1,1,0,0,-1.127381501075735,1,2,1,0,0,0,0,0,0,0,0,2,0.34006720664066864,-0.8465580600571925
0,0,0,0,-0.4999209481454272,1,0,1,0,2,2,0,2,2,0,1,2,1.1830937344490897,-0.1579404879598132
1,1,0,0,0.19010257399265346,1,2,1,0,0,0,0,2,2,0,1,2,0.9223149228917421,0.5284390253233383
0,1,0,0,-0.7850273115725318,1,2,1,0,0,0,0,0,0,0,1,2,0.32130473468859866,-0.6001218911406798
1,0,0,0,-0.7008997641173802,1,0,0,0,0,2,2,2,2,0,1,2,0.31394393928039704,-0.5161560207708327
1,0,0,0,-1.1926957690056958,1,0,1,0,0,0,0,0,0,0,1,2,0.1771847436609495,-0.9235129991440667
0,0,0,0,-1.10897850190772,1,0,0,0,0,0,0,0,0,0,1,2,-0.6562027745485957,-0.9135645995760724
0,0,0,0,-0.7590912377784163,0,1,0,0,0,0,0,2,2,0,1,1,-0.6521496208244756,-0.721950509718054
1,1,1,0,-0.293426832821611,1,2,1,0,0,0,0,2,2,0,1,2,0.988134936358051,0.023227762267528596
0,0,0,0,-0.31984403453199567,1,2,1,2,0,0,2,2,2,0,1,0,1.3099657490852463,0.14290881619427537
1,0,0,0,-0.42693446315785466,1,2,1,0,2,0,0,0,0,0,1,2,0.4961625606262348,-0.2362505057853884
1,0,0,0,-1.1126060332175522,0,1,0,0,0,2,0,0,0,0,0,2,-0.7175254236791464,-0.9419354876875208
0,0,0,0,-0.09217457030671318,1,0,1,0,0,0,0,0,0,0,1,1,0.1805685372246483,-0.0688142904054389
0,0,0,0,-1.0972290993427116,1,0,0,2,0,0,0,0,0,0,1,1,-0.5108826506202432,-0.8959302839286462
0,0,1,0,1.1966274245123238,1,2,1,1,2,2,0,2,0,0,1,2,1.1233908824784962,1.6500065101477155
1,0,0,0,-1.2774445836787656,0,1,0,0,0,0,0,0,0,0,1,2,-1.3404256428899497,-0.9950012562331509
0,0,0,0,-1.255749945052115,1,2,1,0,0,0,0,0,0,0,0,2,0.36687553276935536,-0.9527408175761057
0,0,0,0,-1.2680505950394099,1,2,1,0,0,0,0,2,2,0,1,2,0.9767448235059136,-0.9538865176075807
1,0,0,0,0.14282697842420686,1,2,1,0,0,0,0,0,2,0,1,2,0.6643485218696193,0.33499483246672923
0,0,0,0,-1.1823468974763431,1,0,1,0,0,0,0,0,2,0,0,2,0.46741235733352,-0.8938703279513771
1,0,1,0,1.5745002225851896,1,1,1,2,2,2,2,2,2,1,1,0,1.6299952268962665,2.5815587834180747
0,0,1,0,-0.5961396313381548,1,0,1,0,0,0,0,0,2,0,0,2,0.4597344708572264,-0.3876134890821892
1,0,1,0,0.7194516283201551,0,0,0,0,2,0,0,2,2,1,1,0,-0.06423250051125978,0.3820745940906684
0,0,0,0,-0.15373957055014503,0,1,0,2,2,1,0,2,2,0,1,1,-0.22709722149871453,-0.278674134344015
0,0,0,0,-1.2495287982446097,1,0,1,0,0,0,0,2,2,0,0,2,0.8528363782273931,-0.9363498071943753
1,0,0,0,-1.2774445836787656,1,0,2,1,1,1,1,1,1,0,0,3,-1.4851455512968732,-0.9969223077083355
0,0,0,0,-0.7831322493254643,1,2,0,1,0,0,0,2,0,0,1,0,0.15065411250462638,-0.6007761556847272
0,0,0,0,-0.5116546706312746,0,1,0,0,0,0,0,0,0,0,1,2,-1.3397969920528607,-0.7948953916781079
0,0,1,0,-1.2774445836787656,1,0,2,1,1,1,1,1,1,0,1,3,-1.4622521710755438,-0.9966184147448153
0,0,0,0,-1.269585147876676,1,2,1,0,0,0,0,0,2,0,1,2,0.6712760158099791,-0.9606336377756757
0,0,0,0,-0.5593891635972497,1,2,1,0,2,0,0,0,0,0,1,2,0.48513483180333833,-0.40574707136898036
0,1,0,0,-0.9533277276645544,1,2,1,0,0,2,0,2,2,0,0,2,1.1889382271902798,-0.6029720930587225
0,0,0,0,-0.7043919651040644,1,2,1,0,2,0,0,2,0,0,1,1,0.8598974492195359,-0.42510265115946677
0,0,0,0,-1.159751990442076,1,2,1,0,2,0,0,0,2,0,1,1,0.845769091452478,-0.849439380480754
0,0,0,0,-1.048745824037268,1,2,0,0,0,0,2,2,0,0,0,2,0.3602770281862424,-0.7711219994103202
0,1,0,0,-1.1479277113728288,1,0,1,0,2,0,0,0,0,0,1,2,0.2964603818539015,-0.8666161702959373
1,0,0,0,0.9214550572028734,1,2,1,0,0,0,0,2,2,0,1,2,1.0751691445075358,1.3483296925310657
1,0,0,0,-1.020359746187489,1,2,1,0,0,2,0,2,2,0,1,2,1.1883489524453759,-0.6754155035367889
1,0,1,0,0.3722089721598708,1,2,1,0,2,2,2,0,2,0,1,2,1.355737922411446,0.9053400810905683
1,0,0,0,-1.2774445836787656,1,0,1,0,0,0,0,2,0,0,1,2,0.47438663128681086,-0.9709109438851967
1,1,0,0,-1.0860060886949883,1,2,1,0,0,0,0,0,0,0,0,2,0.32355394225221124,-0.8101536812020675
0,1,1,0,-0.8599444583334022,1,0,1,0,2,0,0,0,2,0,0,2,0.6525973114593338,-0.5854788049699123
0,0,1,0,-1.1611427954874176,1,0,1,0,0,0,0,0,0,0,1,2,0.1399933835943986,-0.8833859244046843
0,0,0,0,-0.18868125228707328,1,0,1,2,0,2,2,2,2,0,1,2,1.3314181016158217,0.24047710384510226
0,1,0,0,-1.1552834925186746,1,2,1,0,0,0,0,2,2,0,1,2,0.996810825595594,-0.823453670058987
1,0,0,0,-1.1893984868765815,1,0,1,0,0,0,0,0,0,0,1,3,0.18546308914520043,-0.9123471553395082
0,0,1,0,-0.8614867419497179,1,2,1,0,2,0,0,2,2,0,1,2,1.2330057899918163,-0.49352817537953425
1,0,0,0,-1.2686558822441378,1,0,2,1,1,1,1,1,1,0,1,3,-1.4854493311084602,-0.9951004816350513
0,0,0,0,-1.273807008056307,1,0,1,0,0,0,0,0,2,0,1,2,0.4942042447060824,-0.9673028584084292
1,0,0,0,0.6657890088875743,1,1,1,0,2,0,2,2,2,0,0,2,1.2718414844620543,1.1682183908084234
0,0,0,0,-0.3411722136596189,1,2,1,0,0,0,2,2,2,0,0,0,1.1529105877667913,0.032454395199874836
1,0,0,0,-0.8041220463588113,1,2,1,0,0,0,0,2,0,0,1,2,0.6714618828725702,-0.5141086955507012
0,0,0,0,-1.1171375462744528,1,0,0,2,0,0,0,0,0,0,1,1,-0.5137843049389346,-0.9056967430988425
0,1,1,0,-0.7184905296709182,1,2,1,0,0,2,0,2,2,0,1,2,1.1364047242059434,-0.3566537016937391
0,0,0,0,-1.1608087747272986,1,0,1,0,2,2,0,0,0,0,1,2,0.5614825674512984,-0.8705765710664254
1,0,0,0,-1.158412962331032,1,0,0,2,0,0,0,0,0,0,1,2,-0.5107518593442641,-0.9260074229702402
1,0,0,0,-1.0865611169190068,1,0,0,0,0,0,2,0,0,0,1,2,-0.4825981320950401,-0.8879443770009948
0,0,0,0,-1.2774445836787656,1,0,1,0,0,0,0,0,0,0,1,2,0.18049119656424015,-0.9748121919210665
1,0,1,0,-1.0143743249486892,1,0,1,0,0,0,0,0,0,0,1,2,0.18407085709947407,-0.7648266348628112
0,0,0,0,-0.715870726729624,1,0,1,0,0,0,0,2,2,0,1,0,0.8427642419597131,-0.42842128711048133
0,0,1,0,0.38126587134590706,1,2,1,2,2,2,2,2,2,0,0,0,1.636607622080905,1.0604850930701506
0,0,1,0,0.49959356257070464,1,2,0,2,0,2,2,1,2,1,0,2,0.8303588401226045,0.7362861060846533
1,0,1,0,-1.1831199945868143,1,0,1,0,0,0,0,0,0,0,1,2,0.14841578213849585,-0.9102160543836979
0,1,0,0,-0.7073594915983407,1,0,1,0,2,0,0,0,0,0,1,1,0.3482568382170297,-0.5016955237588204
1,0,1,0,-0.37260160565039774,1,2,1,2,2,0,0,0,0,0,0,1,0.746394840156573,-0.13255909815770964
0,0,1,0,0.3106496014024181,1,2,1,0,0,0,0,2,2,0,1,0,1.062066979039655,0.6252574285741195
1,0,0,0,-1.2453692063639894,1,0,1,0,0,0,0,2,2,0,1,2,0.80323421608065,-0.9338557579225786
1,0,0,0,0.972084300505079,1,1,1,2,2,0,0,0,2,0,1,1,0.9115353879553217,1.236416253240681
0,1,1,0,-1.0478002828022184,1,2,1,0,0,0,0,0,2,0,1,2,0.6473160385254185,-0.776722756891056
0,0,0,0,-0.8363083254376227,1,0,1,2,0,0,2,2,2,0,0,0,1.1365577944283562,-0.5165418594250685
1,0,0,0,-0.681162951901316,1,0,0,0,0,0,2,0,0,0,0,3,-0.4414693505525029,-0.6402640296541858
1,0,0,0,-1.265893168861812,1,0,0,0,0,0,0,0,0,0,0,3,-0.6475940209006624,-0.9814052829695781
0,0,0,0,-1.239659520339118,1,0,0,0,0,0,0,0,0,0,1,0,-0.6693740637859837,-0.9713763043830045
1,0,1,0,-0.9924020376385531,1,0,1,2,0,0,0,0,0,0,0,2,0.3248459472778481,-0.7359777430096834
0,0,0,0,-0.9556261660437996,1,0,1,0,0,0,0,0,0,0,0,2,0.20713479682358066,-0.7122784444709425
0,0,0,0,-0.834815368827304,1,2,1,0,0,0,0,0,0,0,1,2,0.38637482113757154,-0.6096226004559209
0,0,0,0,-1.1919345430683919,1,0,0,0,2,0,2,2,0,0,0,2,0.6732901923733443,-0.9040789190408426
1,1,0,0,-0.8153508138593227,1,2,1,0,0,0,0,2,2,0,1,2,1.001169719992532,-0.47505378640233564
0,0,1,0,-0.3122308911240011,1,0,1,0,2,2,0,2,2,0,1,1,1.1292088762239891,0.09269639722148072
0,0,0,0,-1.0106416091637347,1,0,1,0,2,0,2,2,2,0,1,2,1.1435285888501907,-0.6728453363060446
0,0,0,0,-1.0136250368920499,1,0,1,0,0,0,2,2,2,0,1,2,1.029200266351116,-0.7005820666578056
0,0,0,0,-0.4460133377422407,1,2,0,0,0,2,0,0,2,0,1,0,0.30550068057391766,-0.25995059936681614
0,1,0,0,-1.0708285557730877,1,2,1,0,0,0,0,2,0,0,1,2,0.6706083487345431,-0.7938478274269436
0,0,1,0,-0.33378642265621083,1,0,1,0,2,2,0,2,2,0,1,1,1.14328376725728,0.07327734494293613
1,0,0,0,-0.2740687997005934,0,1,0,0,2,1,0,0,2,0,1,0,-0.7071730841469858,-0.5398797740079297
0,0,0,0,-1.2636119868702989,1,0,0,2,0,0,0,2,2,0,1,2,0.7443797022651735,-0.9559144855841434
0,0,0,0,-1.2486600909886254,1,0,1,0,0,0,0,0,0,0,0,2,0.142936324201689,-0.9534178337869055
0,0,0,0,-1.0247803985308204,1,1,0,2,0,0,2,0,1,0,0,2,0.06300771723341306,-0.7869720142050196
0,0,0,0,-1.1925923105135823,1,2,1,0,0,0,0,0,0,0,1,2,0.3150743699253198,-0.9102181196838717
1,0,0,0,-0.4925842094876799,0,1,0,1,0,0,0,0,2,0,0,2,-0.8326501963334414,-0.6480588138230244
0,0,0,0,-0.34102529863525455,1,2,1,0,2,0,0,0,0,0,1,2,0.478582796812638,-0.22774821188105088
0,0,1,0,-0.07341149916869343,1,0,1,0,0,0,0,0,0,0,1,2,0.1855437648342543,-0.06289366265744784
0,1,0,0,-1.2774445836787656,1,0,1,0,0,0,0,0,0,0,1,2,0.16476852178109697,-0.9750208989878308
0,0,0,0,-1.1807200202450723,0,0,0,0,2,0,2,0,0,0,0,3,-0.6825442845665622,-0.9368924188571087
1,0,0,0,-1.2618918626330022,0,1,0,0,0,0,0,0,2,0,0,0,-0.6406463450000123,-0.9762337752360755
1,0,0,0,-1.0007776977677334,1,2,1,0,2,0,0,2,2,0,0,2,1.1922508042199071,-0.6574844696446543
0,0,0,0,-1.1724665316831397,0,1,0,0,0,0,2,0,0,0,1,2,-1.130266449084828,-0.9594204518454947
0,0,0,0,-0.4314869483440258,1,2,1,0,0,2,0,0,2,0,1,2,0.8058565067094372,-0.14316573728128795
0,0,0,0,-1.2682675892561281,1,0,1,0,0,0,0,0,2,0,0,2,0.5043534641834784,-0.9626881939157004
0,0,1,0,0.9587977975073518,1,2,1,0,2,2,0,2,2,0,1,2,1.3680159555335558,1.6720142932695465
1,0,0,0,-1.2774445836787656,1,0,2,1,1,1,1,1,1,0,1,3,-1.494520383644676,-0.9970467517859306
1,1,0,0,0.08142374665271901,1,2,1,0,0,2,0,2,2,0,1,2,1.2137348694194394,0.5061247567998224
1,0,0,0,-1.256914208676854,1,0,1,0,0,0,0,0,0,0,0,0,0.1664718384108947,-0.9590990227215169
0,0,0,0,-0.8623063080684559,1,0,1,2,0,0,2,2,2,0,1,0,1.164388898765612,-0.5355370174892855
1,0,0,0,-1.1960038562387048,1,0,1,0,0,0,0,2,0,0,1,2,0.48951077923054837,-0.8931104055672701
0,0,0,0,-0.8327830446532317,1,0,1,2,0,0,2,2,2,0,0,0,1.1355507280988986,-0.5137861267226416
1,0,0,0,-1.2529357464323845,1,0,1,0,0,0,0,0,2,0,1,2,0.521707358873059,-0.9434898221342336
1,0,1,0,-0.6836430291173546,1,2,1,0,0,0,0,0,0,0,1,0,0.31663094836376826,-0.471811872527835
0,0,0,0,-1.2158932730920038,1,0,1,0,0,0,0,2,0,0,1,2,0.48938443007962923,-0.9213686766806914
0,0,0,0,-1.1222279314907122,1,0,0,0,2,0,0,2,2,0,1,1,0.8738776785618636,-0.8005562883776329
0,1,0,0,-1.2774445836787656,1,0,1,0,0,0,0,0,0,0,1,2,0.1531691598347913,-0.9751748720771137
0,0,1,0,0.10064948941275759,1,0,2,1,1,1,1,1,1,0,1,3,-1.5032917054502772,-0.6854717996044286
0,0,0,0,-1.1421118805561712,1,0,0,2,0,0,2,0,0,0,0,2,-0.3409094022731414,-0.8927081321271574
1,1,0,0,-1.2774445836787656,1,2,1,0,0,0,0,0,0,0,1,2,0.34784900083010517,-0.9725906388513634
1,0,0,0,1.3086115610537221,1,2,1,0,1,0,2,2,2,1,1,0,1.2967794181176544,1.9665882570252242
0,0,0,0,-0.28315532070682625,1,2,1,0,0,2,0,0,2,0,1,2,0.8175597658951504,0.005201017996552537
0,0,0,0,-1.2774445836787656,1,0,1,0,0,0,0,0,0,0,1,2,0.15181946750332628,-0.9751927882606779
0,0,0,0,-1.2774445836787656,1,0,2,1,1,1,1,1,1,0,1,3,-1.4851789039181198,-0.9969227504401126
1,0,0,0,-1.055447001568352,1,2,1,0,0,0,0,0,2,0,1,2,0.7125769970209787,-0.7722304018160056
0,1,0,0,-0.9006862769056652,1,2,1,0,0,0,0,0,0,0,1,2,0.324093848886648,-0.6909290501528939
0,0,1,0,-0.298639869760327,1,0,1,0,2,0,0,0,2,0,0,2,0.6577779580741399,-0.0829126698639644
1,0,1,0,-1.2626018429723926,0,1,0,0,2,0,0,2,0,0,0,2,-0.7826118630174942,-0.9794247038271906
0,0,0,0,0.9777425484003578,1,2,1,0,0,2,0,2,2,1,1,2,1.1721627428011632,1.5036167408011227
0,0,0,0,-0.3515246745011522,1,2,1,0,0,0,2,0,0,0,1,2,0.5230774451333633,-0.16335492781122407
1,1,1,0,0.8569848161803102,1,2,1,2,0,2,0,2,2,0,1,1,1.3148893569152518,1.486243211407148
0,0,0,0,0.5258387767555626,1,0,1,0,0,0,0,0,0,0,0,0,0.1895291278321961,0.3985530107222491
1,0,0,0,-0.18448841478817832,1,2,1,0,0,0,0,0,2,0,1,2,0.6435527558139994,0.05475116861186963
1,0,0,0,-1.2774445836787656,1,0,1,0,0,0,0,0,0,0,1,2,0.1693450590221552,-0.9749601487861831
1,1,1,0,0.07238657900295298,1,1,1,0,0,0,0,0,2,0,1,2,0.6491734700872775,0.22506744139841384
1,0,0,0,-0.5224729207116708,0,1,0,0,2,2,0,0,0,0,0,0,-1.0209582308352176,-0.7107100101822381
1,0,0,0,-0.5356667731366598,1,2,1,0,0,2,0,0,0,0,1,2,0.5417912819882392,-0.30812432873053364
0,0,0,0,-0.26776779905642406,1,2,1,0,2,0,0,0,2,0,1,2,0.8794924193142558,0.062187936004894556
1,0,1,0,0.16062291471087484,1,2,1,2,0,0,0,2,2,0,0,1,1.1974598990730014,0.6178903756593699
0,0,0,0,0.7285213257020962,1,2,1,2,2,0,2,2,2,0,1,0,1.5621494117394272,1.5076330726449438
0,0,0,0,-0.7847512002538484,1,0,1,0,2,2,0,2,2,0,0,2,1.2118208134458845,-0.43645610955213837
1,1,0,0,-1.2774445836787656,1,2,1,0,0,0,0,0,0,0,1,2,0.32256720488981383,-0.9729262362955647
1,1,1,0,0.6249778588748682,1,2,1,2,1,2,0,2,0,0,1,1,1.1155917199180536,1.0295381724546504
0,1,0,0,-0.6075365898222361,0,1,0,1,0,0,0,2,0,0,1,2,-0.7919685540513077,-0.6980506143514044
0,0,0,0,-1.258917914333426,1,0,2,1,1,1,1,1,1,0,0,3,-1.504314895069307,-0.9947580142585479
0,0,0,0,-0.42668672203552205,1,2,1,0,2,0,0,0,0,0,1,2,0.48505992037650175,-0.24656216373045314
0,1,1,0,-0.1500223030451741,1,2,1,0,0,0,0,2,2,0,1,2,0.9848459383608574,0.15420317452602383
0,0,0,0,-0.5143059743470297,1,0,1,0,0,0,0,2,2,0,1,3,0.8067308709157393,-0.21579688885365716
1,0,1,0,-0.12249441624506405,1,0,1,0,0,0,0,0,0,0,1,0,0.17702052951849334,-0.05573563853760404
1,0,0,0,-1.201367899806168,1,0,1,0,0,0,0,2,0,0,1,2,0.5046682264953064,-0.8974370632437312
1,0,1,0,0.47468922406623026,1,2,1,0,2,2,0,2,0,0,1,2,1.0033840429789533,0.8493232921574775
0,1,0,0,-0.7073594915983407,1,0,1,0,2,0,0,0,0,0,1,1,0.3257886793732362,-0.5259364957446586
0,0,0,0,-1.2774445836787656,1,0,2,1,1,1,1,1,1,0,0,3,-1.4593160949968174,-0.9965794404713766
0,0,0,0,-1.2774445836787656,1,2,0,0,0,0,0,0,0,0,0,3,-0.4799045783552042,-0.9835784652802742
0,0,0,0,-1.2774445836787656,1,0,0,0,0,0,0,0,0,0,0,2,-0.6520777532142724,-0.9858639388905821
0,0,0,0,-1.0956036016437107,0,0,0,2,2,0,0,0,0,0,0,2,-0.48359547524032953,-0.8637337629033376
1,0,0,0,-1.2028835137192877,1,0,0,0,0,0,2,0,0,0,1,2,-0.03602639874841834,-0.9438180954623704
0,0,1,0,-0.845698844330051,1,2,1,0,0,0,0,0,0,0,1,1,0.3408206568426468,-0.6301145266900876
0,0,0,0,-0.886856238713855,1,0,1,0,0,0,2,2,2,0,1,2,1.0136799721335403,-0.5685041252042333
0,0,0,0,-1.1761428141485646,1,0,1,0,0,0,0,2,0,0,1,2,0.50123950016103,-0.8918681638701044
0,0,0,0,-0.9924020376385531,0,0,0,2,0,0,0,0,0,0,1,2,-0.7760680331616588,-0.8711993847727116
0,0,0,0,-1.0403625995326966,1,0,1,0,0,0,0,2,2,0,1,0,0.8524823903735659,-0.7342087151115495
0,0,0,0,-0.9671566847419452,1,0,1,0,0,0,0,2,2,0,1,0,0.8769857650802612,-0.6638088861177827
0,0,1,0,-0.2298471709846485,1,2,1,0,0,2,0,2,2,0,1,2,1.2193796373389836,0.21105159968196432
1,0,0,0,-1.2677173657822811,1,0,1,0,0,0,0,0,0,0,1,1,0.1636583986367526,-0.9681958826382254
0,0,0,0,-1.0526769269484137,1,0,2,1,1,1,1,1,1,0,0,3,-1.4844390886908045,-0.9392195626676153
0,0,0,0,1.4664837865514548,1,2,1,2,2,2,2,2,2,1,1,0,1.7173955436683286,2.42093643087875
0,0,0,0,1.4515797594701805,1,2,1,0,2,2,2,2,2,1,0,2,1.4523476206407688,2.162441682601619
0,0,0,0,0.32285826000207074,0,1,0,0,2,0,0,0,0,0,1,2,-1.1416552950479262,-0.46068325215608
0,0,0,0,-1.1549202207072966,1,0,0,0,0,0,0,0,0,0,1,2,-0.6536461195024245,-0.933262061159555
0,1,0,0,0.4378132189615891,1,0,1,2,2,0,2,2,2,0,1,1,1.441329845716451,1.0297690591503723
1,0,0,0,-0.9597588104950284,1,2,1,0,0,0,0,2,2,0,1,2,1.0161776875267852,-0.6484618006332928
1,0,1,0,-0.38190082726501917,1,0,1,0,0,0,0,2,2,0,1,2,0.8334315937751587,-0.1080587084835493
1,1,0,0,-1.269303400806002,1,2,1,0,0,0,0,2,2,0,1,2,0.9717626351782166,-0.9565730368712392
0,0,1,0,1.1059750776462045,1,2,1,2,2,2,0,2,0,0,1,2,1.1904752396166385,1.585624397360278
1,0,0,0,-0.9875709406559392,1,0,0,0,0,0,2,0,0,0,0,3,-0.4453770074809277,-0.8164708433105217
0,1,0,0,-1.174264988412729,1,2,1,0,2,0,0,0,0,0,1,2,0.5482229248995744,-0.8864297887642154
1,0,1,0,-1.1145631287986442,1,2,1,0,2,0,0,0,0,0,1,2,0.6019948437317991,-0.8246905787214622
1,1,0,0,-0.007456872775922788,1,2,1,0,0,0,0,2,2,0,1,1,1.0329087611673093,0.33342056320724767
1,0,0,0,-1.2774445836787656,1,0,1,0,0,0,0,0,0,0,1,2,0.15249671409631763,-0.9751837983049707
0,0,0,0,-1.2774445836787656,1,0,1,0,0,0,0,0,0,0,1,2,0.18802309290296187,-0.9747122114779353
0,0,0,0,-1.2774445836787656,1,0,1,0,0,0,0,0,0,0,1,2,0.16172671105574557,-0.9750612768117632
0,0,0,0,-1.2774445836787656,1,0,1,0,2,0,0,0,0,0,1,2,0.2741033740157646,-0.9735695583845471
1,0,0,0,-1.2464567631428392,1,0,0,0,0,0,0,0,0,0,1,3,-0.651237837252622,-0.9685791660094065
0,0,1,0,0.39594459283747085,1,2,1,2,2,2,2,2,2,0,1,0,1.6281162047551019,1.0851484368877304
0,0,0,0,-1.0952452784519864,1,2,1,0,0,0,0,0,2,0,1,3,0.6813990573344831,-0.797952264312211
0,0,0,0,-1.057352600966286,1,2,1,0,2,2,1,2,2,0,1,1,1.4706037015332836,-0.6961280414288207
1,1,1,0,1.5032370396394117,1,2,1,0,2,2,0,2,2,0,1,2,1.270478418777323,2.0973890835430673
0,0,0,0,0.9149277358650232,1,0,1,2,2,2,0,2,2,1,1,0,1.378197609075687,1.6007873135057358
0,0,0,0,-1.1137810880652057,1,0,0,2,2,0,0,0,0,0,0,1,-0.30050291272056023,-0.873462618828563
0,0,0,0,-0.38503471228148384,1,2,2,1,1,1,1,1,1,1,0,1,-1.3377437049447614,-0.7297925955244253
0,0,0,0,-0.9664080456589286,1,2,1,2,0,0,0,0,0,0,1,2,0.4994936073979004,-0.7106656108904079
1,0,1,0,0.13323742596993943,1,2,1,0,0,0,0,2,0,0,1,2,0.6879100587859399,0.3333859132887912
0,1,0,0,-0.9121554470392389,1,2,1,0,0,2,0,0,2,0,1,2,0.8320193974958956,-0.6035950343872452
0,0,1,1,-1.2474491875911806,0,1,0,2,0,0,0,0,0,0,0,0,-1.1485124457996219,-0.9823792520274368
0,0,1,0,-0.975661287247562,1,0,0,0,0,0,0,0,2,0,0,1,0.03624434765916745,-0.7764631635043786
1,0,0,0,-1.2774445836787656,1,0,1,0,0,0,0,0,0,0,0,2,0.1892418978244212,-0.9746960327294956
0,0,0,0,-0.19554438089629472,1,2,1,0,0,2,0,0,2,0,0,0,0.7927193502438946,0.10738829023161586
0,0,0,0,-0.8067877879773883,0,0,0,2,0,2,2,2,2,0,0,2,0.7103907484822191,-0.4947418046763972
0,0,0,0,-1.2031126990252947,1,0,1,0,0,0,0,0,0,0,1,2,0.17257910379177735,-0.9217107327623696
1,0,0,0,-1.1313652402368286,1,2,0,0,0,0,0,0,0,0,0,2,-0.5407710610512986,-0.910342655690018
0,0,0,0,-1.2774445836787656,1,0,1,0,0,0,0,2,0,0,0,2,0.49381525442842605,-0.9706530430506961
1,0,1,0,-1.1148252265276706,1,1,2,1,1,1,1,1,1,0,1,0,-1.292177125834,-0.9463391935276224
0,0,0,0,0.791317116578791,1,2,1,0,2,2,0,2,2,0,1,0,1.3646545115019808,1.4040852831162567
0,0,0,0,-0.5797842997677065,1,0,0,0,2,0,2,0,0,0,0,2,-0.34622962849672745,-0.5794392567649853
0,0,0,0,-1.1433588312795648,1,0,1,0,0,2,0,2,0,0,1,2,0.7146135264930936,-0.8360624648607838
0,0,0,0,-1.1666433305471433,1,0,1,0,0,0,0,0,0,0,1,1,0.17591640366494507,-0.8961020062869376
0,0,0,0,-0.9972061174478867,1,0,1,0,0,2,0,2,2,0,1,2,1.0361815424724803,-0.6942420277460251
0,0,0,0,-0.2032193100704143,1,0,0,0,0,0,0,2,2,0,1,2,-0.001187889224539451,-0.2368095458939301
1,0,0,0,-1.2774445836787656,1,0,0,0,0,2,0,0,0,0,0,3,-0.469622114486282,-0.983441973054696
0,0,0,0,0.09120261106687938,1,2,1,0,0,2,0,2,2,0,1,1,1.1759307344098429,0.5335298800034427
1,0,0,0,-0.49316839788551103,1,0,1,0,0,2,0,2,2,0,1,1,1.0181593608147756,-0.19601407764864445
1,0,0,0,-0.7295617810814214,1,2,1,0,0,2,0,2,0,0,1,2,0.8450303650113561,-0.43990943617862316
1,0,0,0,-0.6499477931195575,1,0,1,2,0,0,2,2,2,0,0,1,1.172763727832025,-0.2677904675346635
0,0,0,0,-0.802816059688944,1,0,0,0,0,2,2,0,0,0,0,1,0.006340324150438725,-0.6890938370587865
0,0,0,0,-1.1828295129674706,1,0,0,0,0,0,0,0,2,0,0,2,-0.32522113517785867,-0.9193631305214709
0,0,1,0,-1.2297990705043296,1,0,1,0,0,0,0,0,0,0,1,2,0.1395264067903188,-0.9376810144887151
1,0,0,0,-1.1442962946558533,1,2,1,0,2,0,0,0,2,0,1,2,0.8382387358486341,-0.8273694819862518
0,0,1,0,-1.2774445836787656,1,0,1,0,0,0,0,0,0,0,1,2,0.1400745351910091,-0.9753486936906418
1,0,1,0,-0.931392521311183,1,0,1,0,2,2,2,2,0,0,1,3,0.9610971936702873,-0.6033000739120918
0,1,0,0,1.222043666449365,1,0,0,2,2,0,2,2,0,1,1,1,0.27794117288061904,0.9752302411387772
0,0,0,0,-1.140978201708911,1,2,1,0,2,0,0,0,0,0,0,0,0.44367728484649316,-0.8584932384726318
1,0,0,0,-1.25033452586521,1,2,1,0,0,0,0,0,0,0,1,1,0.2943364772869684,-0.9563238076618311
1,1,1,0,-1.2774445836787656,1,2,1,0,0,0,0,0,0,0,1,2,0.3142614326243283,-0.9730364893784943
0,0,0,0,-0.8201073668710133,0,1,0,0,0,0,2,0,0,0,0,0,-1.172467289678392,-0.8566212251895265
1,0,1,0,1.4014917463197263,1,2,0,2,0,2,0,2,2,2,1,1,0.6816127353992678,1.4869951447285423
0,0,1,0,-0.7494862598371792,1,0,1,0,0,0,0,2,2,0,0,2,0.7807707708238738,-0.430564550732732
0,0,0,0,-0.9939579227652103,1,2,1,2,0,0,0,2,2,0,1,2,1.1688567198110007,-0.6560191806443807
0,0,0,0,-0.21533056626384156,1,0,0,1,2,2,0,0,2,0,1,0,0.25521135720324895,-0.1622421357021022
1,0,0,0,-1.11330717114208,1,0,0,0,0,2,0,0,0,0,0,3,0.06958707273742559,-0.8370107580478943
0,1,0,0,-0.3562819217641881,1,2,1,0,0,0,0,0,0,0,1,2,0.3094902577572091,-0.24224322183139146
1,0,0,0,-0.9181769936431023,0,1,0,0,0,2,0,0,0,0,0,2,-1.1722499668925925,-0.8944715117564385
0,1,0,0,-0.6025750615074421,1,2,0,0,0,0,0,0,2,0,1,2,0.062459991586409414,-0.5277621264761192
0,0,0,0,-1.2774445836787656,1,0,0,0,0,0,0,0,0,0,1,2,-0.6414862989750474,-0.9857233450426824
0,0,0,0,0.0008318843623803529,0,1,0,0,0,2,0,2,2,0,1,2,-0.46569176996548,-0.2698342673547269
0,0,1,0,-0.6267935333408698,1,2,1,0,0,0,0,0,2,0,1,2,0.6876228091559097,-0.36613901099452395
1,0,0,0,-1.1796619593844357,1,0,0,0,0,0,0,2,0,0,0,1,-0.37328159840902464,-0.9148252257694078
0,0,1,0,1.5060950243644218,1,2,1,0,2,2,0,2,2,0,1,2,1.2905805566279271,2.225197690937981
0,1,0,0,-1.2774445836787656,0,1,0,0,0,0,0,0,0,0,0,2,-1.3026287893125643,-0.9944995305056995
0,0,1,0,-1.2774445836787656,1,0,1,0,0,0,0,0,0,0,1,3,0.16927349519449397,-0.9749610987439201
0,0,0,0,0.07797711980964322,1,2,1,0,2,2,0,2,2,0,1,2,1.3106485447495404,0.5537848647392023
0,0,0,0,-1.2056412417099913,1,2,0,0,0,0,0,0,0,0,1,3,-0.3730498091470778,-0.9430097109638546
0,0,1,0,1.1116695038155038,1,2,1,0,2,2,0,2,2,0,1,2,1.3478453367719685,1.8300784188739938
1,0,0,0,-1.2774445836787656,1,0,2,1,1,1,1,1,1,0,1,3,-1.4605510988173376,-0.9965958342484137
0,0,0,0,-0.8854565716245609,1,0,1,0,0,0,0,2,0,0,1,2,0.5237491039328435,-0.6212253400709202
1,0,0,0,-1.2774445836787656,1,0,1,0,0,0,0,0,0,0,1,2,0.15676548234849338,-0.9751271335126948
0,1,0,0,-1.2774445836787656,0,1,0,0,0,0,0,0,0,0,1,2,-1.3223038928876758,-0.9947607031885974
0,0,0,0,-1.1960038562387048,1,2,1,0,0,0,0,0,0,0,0,2,0.3519609430405734,-0.8986635999876333
1,1,0,0,-1.070312051989543,1,0,1,0,0,0,0,0,0,0,1,2,0.17578748062610022,-0.8227622451607649
1,0,0,0,-0.8708165477506715,1,2,1,0,0,0,0,0,0,0,1,2,0.3840776223853201,-0.6400523028383758
1,0,0,0,-0.6022662324333423,1,2,1,0,2,0,0,0,0,0,1,2,0.5292382436484877,-0.37987264715610114
0,0,0,0,-0.00526233411097389,1,2,1,0,0,0,0,2,0,0,0,2,0.6415474537531186,0.22963100661914668
1,0,1,0,-0.9520814557785657,1,2,1,0,0,2,0,2,2,0,0,2,1.1361476886339184,-0.5963436800032894
0,0,0,0,-1.2478437626621515,1,2,1,0,0,2,0,2,0,0,1,2,0.8617522020215991,-0.9329925144096599
0,0,0,0,0.1791709374351214,0,1,0,0,2,0,0,0,0,0,1,2,-1.1397006697303547,-0.5129233891428703
1,0,0,0,-1.2774445836787656,1,0,1,0,0,0,0,0,0,0,1,2,0.1647982475735214,-0.9750205043995671
0,0,1,0,0.7537424768926517,1,2,1,0,0,0,0,2,2,0,1,2,0.9952389981781598,1.1167577472135113
1,0,0,0,-0.7450513160989172,1,2,1,0,0,0,0,2,0,0,1,2,0.6612537853630621,-0.46111201407547514
0,1,0,0,-1.09164792743467,1,0,1,0,0,0,0,2,0,0,1,2,0.5111479448516796,-0.801632463442093
0,0,0,0,-1.2774445836787656,1,0,0,0,0,0,0,2,0,0,0,3,-0.36565175385360993,-0.9820618421738275
0,0,1,0,1.095108329580288,1,2,1,0,0,2,2,2,2,0,1,1,1.2611996721941179,1.666760124336818
1,0,0,0,1.1705255803441075,1,0,1,0,2,2,0,2,0,0,0,2,0.9232769531895997,1.5033809968569989
0,0,1,0,-0.6023476382167101,1,2,1,0,0,0,0,0,0,0,1,0,0.3122254135393391,-0.39884253839205525
1,0,0,0,-1.2774445836787656,1,0,2,1,1,1,1,1,1,0,0,3,-1.4818111506608778,-0.9968780459662493
0,0,0,0,0.6026272846750975,1,2,1,2,0,2,0,2,2,0,1,2,1.326821147668207,1.2020916460274633
1,0,0,0,-1.2774445836787656,1,0,2,1,1,1,1,1,1,0,0,3,-1.472853488007929,-0.9967591395127898
1,1,0,0,-0.7533092129903927,1,2,1,0,0,0,0,0,0,0,1,1,0.3142267965275136,-0.5431983540379656
0,0,1,0,-1.1960038562387048,1,2,1,0,0,0,0,0,0,0,1,1,0.34164828896731536,-0.908623072336244
1,0,0,0,-1.2774445836787656,1,0,2,1,1,1,1,1,1,0,1,3,-1.5049987724093898,-0.997185844771931
0,0,0,0,1.3543733179849191,0,1,0,0,0,0,0,2,2,0,1,2,-0.5679081922127267,0.3887528452945084
0,0,0,0,-0.8064902014112878,1,0,1,0,0,2,2,2,2,0,1,2,1.2034607266051747,-0.44029180547438085
1,0,0,0,0.9194869478333769,1,0,0,2,1,2,0,0,0,1,0,1,-0.12958438480410775,0.48661210095526797
1,0,0,0,-1.270973785293186,1,0,0,0,0,0,0,0,0,0,0,2,-0.6518450321939492,-0.9832738803847555
0,0,0,0,-0.8654278481810258,1,0,0,2,0,0,0,0,0,0,1,2,-0.49171775590444067,-0.7762880899694796
1,0,0,0,-1.2422358874200734,1,0,1,0,0,0,0,0,0,0,0,1,0.1960156470534675,-0.9479034254691696
0,0,1,0,-0.16787066631118758,1,0,1,2,0,0,0,2,2,0,0,2,0.9359288844380951,0.1476483044145015
1,1,0,0,0.6515677906789628,1,2,1,0,0,2,0,2,2,0,1,2,1.1471868820476199,1.1496385704511447
0,0,1,0,1.4172530857806223,1,2,1,0,0,0,0,2,0,0,0,2,0.6083302259177068,1.4753083511245433
0,0,0,0,-1.2774445836787656,1,0,2,1,1,1,1,1,1,0,1,3,-1.5003037357206637,-0.9971235215763443
0,1,0,0,-1.2006504342331528,1,0,0,0,0,0,0,0,0,0,0,2,-0.6566087982556752,-0.9517695533636635
0,0,1,0,0.9486738501845625,1,2,1,0,2,2,0,2,2,0,1,2,1.343240210922827,1.6452222223524462
1,0,0,0,-0.013989751714854087,0,1,0,1,2,2,0,0,0,0,0,0,-0.8746077675018048,-0.46459653489319624
1,0,0,0,-1.2467812864880834,1,0,0,0,0,0,0,0,0,0,0,3,-0.6351147340201997,-0.97396123094852
0,1,0,0,-1.2036385513952452,1,0,0,0,0,0,0,0,0,0,0,2,-0.6564868532708452,-0.9530969127323484
0,0,1,0,0.5547500368363885,1,2,1,0,0,2,2,2,2,1,1,2,1.3939103536339679,1.1276213999428895
1,0,0,0,-1.2774445836787656,1,0,0,0,0,0,0,0,0,0,1,2,-0.6658937832487403,-0.9860473366357235
0,0,0,0,-1.0119968181705767,1,0,1,0,0,0,0,2,0,0,1,0,0.5501660249526412,-0.7247347226018577
0,0,1,0,-0.8784273940626223,1,0,1,0,0,0,0,2,2,0,0,2,0.8040968291002304,-0.5560517226676418
1,0,0,0,1.5006325766189264,1,0,1,0,2,2,2,2,2,1,1,0,1.3462295604132575,2.2249496785161647
0,0,1,0,-1.2667976488347552,1,0,1,0,0,0,2,2,0,0,1,2,0.6680558675541546,-0.9572315616288408
0,0,0,0,-0.8274961607015292,1,2,0,1,0,0,0,2,0,0,1,0,0.3439239292557806,-0.6136217612883034
1,0,0,0,-1.1960038562387048,1,0,1,0,0,0,0,2,0,0,0,2,0.48069463542996976,-0.8880981847060138
0,0,1,0,0.4200543863978736,1,2,1,0,0,2,2,2,2,0,1,2,1.4167996600400377,0.9804713279892009
0,0,0,0,-1.2214846162371835,1,0,0,2,2,0,0,0,0,0,0,2,-0.3551972219058926,-0.9464687915013961
0,0,0,0,-1.0454921542874183,1,0,0,0,0,0,2,0,0,0,1,2,-0.40455888920573835,-0.8460414497467975
0,0,0,0,-1.0600834930900906,1,0,1,0,0,0,0,0,0,0,0,2,0.1967187139902237,-0.8010353640176067
1,0,0,0,-0.4128174218933411,1,2,1,0,2,0,0,0,0,0,1,2,0.5558713216938095,-0.18676522666197476
0,0,0,0,-1.2774445836787656,1,0,0,0,0,0,0,0,0,0,0,3,-0.6865012351096307,-0.9863208855636696
1,0,0,0,-1.2774445836787656,1,0,2,1,1,1,1,1,1,0,1,3,-1.5214239266388203,-0.9974038767421687
0,1,0,0,-1.1942265429300958,1,0,1,0,0,2,0,2,0,0,1,2,0.7326750219426631,-0.9064268376597551
0,0,1,0,-1.2500633711480544,1,0,1,0,0,0,2,2,0,0,1,2,0.705101917513332,-0.940340521943253
0,0,0,0,0.13631779188726667,0,1,0,0,0,0,2,0,0,0,0,0,-1.2003470655537398,-0.5907678716219931
0,0,0,0,1.2325175450734778,1,1,1,0,2,2,0,2,2,0,0,2,1.273713688475261,1.8771648817113709
1,0,0,0,1.4478057397591733,1,2,1,0,0,2,2,1,2,2,1,0,1.365689295390133,2.1706456868384567
0,0,0,0,-1.0267385218032903,1,2,1,0,0,0,0,0,0,0,1,2,0.30362159987785475,-0.7735759227491918
0,0,0,0,-1.2774445836787656,1,0,1,0,0,0,0,0,0,0,0,3,0.19693918165698804,-0.9745938568877318
1,0,0,0,-0.8824891821213033,1,2,1,0,0,0,0,2,2,0,1,2,1.020873816975042,-0.5580810262774357
0,0,0,0,-1.1552834925186746,1,0,0,0,0,0,0,0,0,0,0,3,-0.6320638175921062,-0.921189006269277
0,0,0,0,-1.0293144549707087,1,0,0,0,0,0,2,2,2,0,1,0,0.21652531720507773,-0.801364895474342
0,0,0,0,-0.7595894788376,1,0,1,0,1,0,0,0,2,0,1,0,0.6543795207821872,-0.4936120429020733
0,0,0,0,-1.1507053595743644,1,2,1,0,0,0,0,0,2,0,0,2,0.6893052318340119,-0.8544832665126678
1,1,0,0,-1.0166018606127138,1,0,1,0,0,0,0,0,0,0,1,2,0.16775047166794238,-0.7783520037618238
1,0,0,0,-1.2597446735468285,1,2,1,0,0,0,0,0,2,0,1,2,0.7171486846054398,-0.9524524178021321
0,0,0,0,-1.2337868554376792,1,0,2,1,1,1,1,1,1,0,0,2,-1.497547833297793,-0.987839639220286
1,0,0,0,-0.8542816022436958,1,2,2,1,1,1,1,1,1,0,0,0,-1.381003291309905,-0.8922767474178719
0,0,0,0,-0.8950203983562203,1,2,1,0,0,0,0,0,0,0,1,2,0.35473997725005435,-0.6463730784622094
1,0,0,0,0.8178794389229682,0,1,0,0,2,0,0,1,0,0,1,2,-0.950208029683957,-0.19016118460911802
0,1,0,0,-1.2774445836787656,0,1,0,0,0,0,0,0,0,0,0,2,-1.2999585033462329,-0.9944640844025943
0,1,0,0,0.008146004121105041,1,2,1,1,2,2,0,0,0,0,0,0,0.862645574754649,0.29188920225748627
0,0,0,0,-0.9333316992387329,1,2,1,0,0,0,0,0,0,0,1,2,0.34507587505404524,-0.6809830078441537
0,0,1,0,-0.016058015590729335,1,0,0,2,2,0,2,2,2,1,0,1,0.7303798029956473,0.1543370118053979
0,1,0,0,-1.1328120341745667,1,2,1,0,0,0,0,2,0,0,1,1,0.6230684839158921,-0.8260333922969112
0,0,0,0,-1.2774445836787656,1,2,1,0,0,0,0,0,0,0,1,2,0.3428742104612485,-0.9726566755734842
1,0,0,0,-1.1221830201499017,1,0,2,1,1,1,1,1,1,0,0,3,-1.4802577095132512,-0.9635819145944853
0,0,0,0,-1.0564895523898439,1,2,1,0,0,2,0,2,0,0,1,1,0.8250351394091403,-0.7492087859465308
0,0,0,0,-1.2717494211219595,0,0,0,0,2,0,0,0,0,0,1,3,-1.0256359111474445,-0.9868057226221372
0,1,0,0,-1.2774445836787656,1,0,1,0,0,0,0,0,0,0,1,2,0.1587824852219779,-0.9751003592672699
0,0,0,0,-1.1877374153119846,1,0,0,2,2,0,0,0,0,0,0,2,0.4251569851978204,-0.8927710459903271
0,0,0,0,-0.9924020376385531,0,0,0,2,0,0,0,0,0,0,1,2,-0.6839853944517004,-0.862435152496327
0,0,0,0,-1.0180808956363112,1,0,1,0,0,0,0,2,2,0,1,1,0.8419231225121377,-0.7052326226597253
0,0,0,0,-1.2774445836787656,1,0,0,0,0,0,0,0,0,0,0,2,-0.6472350757867861,-0.9857996558716227
1,0,0,0,-1.1264332454394341,1,0,0,2,0,0,0,0,0,0,1,2,-0.48403887705897797,-0.9027460427031151
0,0,0,0,-1.2774445836787656,1,0,2,1,1,1,1,1,1,0,0,2,-1.507740215726194,-0.9972222354370843
0,0,1,0,-0.20543229411025188,1,2,0,0,2,0,2,0,0,0,0,2,-0.14227237899012415,-0.24458312990773526
1,0,0,0,0.38896021560439054,1,2,1,0,0,2,2,2,2,1,1,2,1.2612915041199437,0.9011420479792379
0,0,1,0,0.27603829512265765,1,2,1,0,1,2,2,0,0,0,1,2,0.800427517266731,0.5157434826522604
0,1,0,0,-0.7073594915983407,1,0,1,0,2,0,0,0,0,0,1,1,0.33023852947816906,-0.5211355375315359
1,1,0,0,-0.7953423546691818,1,0,1,0,2,0,0,0,0,0,1,2,0.3585104744379313,-0.5894752077066402
0,0,0,0,-0.6283148283333292,1,2,1,0,0,0,0,0,0,0,1,0,0.30098308731719337,-0.47406804168000294
1,0,0,0,0.6014434425725279,0,1,0,0,2,2,0,2,2,1,1,2,-0.2839353000701475,0.16675646993208557
0,0,0,0,-0.3741762585592095,1,0,1,2,0,2,2,2,2,0,0,2,1.3202857704087463,0.04913639596868252
0,0,0,0,-0.75568720588283,1,2,1,0,0,0,0,0,0,0,1,2,0.3215679685767679,-0.5292295496252504
0,0,1,0,0.6282667126763937,1,2,1,0,2,0,0,2,2,0,1,2,1.1649675774148645,1.1089337261204633
0,0,0,0,-1.2774445836787656,1,0,0,0,2,0,0,0,0,0,0,2,-0.47073036852551714,-0.9834566843206192
0,0,0,0,-0.9504648846547152,1,2,0,1,0,0,0,0,2,0,0,0,-0.043396703368556375,-0.7445373138395914
0,0,0,0,-1.1230258917412752,1,2,1,0,0,2,0,2,2,0,1,2,1.186501125929034,-0.7885073989058731
0,0,0,0,-0.7219713669504251,1,2,0,0,0,2,0,0,0,0,1,2,0.346675822543409,-0.5455138048012825
1,0,0,0,-1.2774445836787656,0,1,0,0,0,0,0,0,0,0,1,2,-1.3616556572669305,-0.9952830692254755
0,0,0,0,-1.2774445836787656,1,0,0,0,0,0,2,0,0,0,0,2,-0.45294177791219536,-0.9832205537245226
1,0,0,0,-0.7485588033258236,1,0,1,0,2,2,0,0,0,0,1,2,0.49132732288573266,-0.5387058582051127
1,0,1,0,-0.5867221247495614,1,2,1,0,0,0,0,2,0,0,1,2,0.6834074401539525,-0.3390218138695317
1,0,0,0,-1.145378325355966,1,0,1,0,0,0,0,0,0,0,1,2,0.177109196535868,-0.8915013331866937
1,0,1,0,-0.7465010568183196,1,2,0,0,0,2,0,2,2,0,1,2,0.7956173105542972,-0.4513338053237876
1,0,0,0,-1.2774445836787656,1,0,2,1,1,1,1,1,1,0,0,3,-1.4956248805479992,-0.9970614131786085
0,0,0,0,1.1549056977228045,1,1,1,0,2,2,0,2,2,0,0,2,1.3412835551841582,1.8331517157860655
0,0,0,0,-1.086634903210563,1,2,1,0,0,0,0,2,0,0,1,2,0.6924415415406101,-0.7984083061896146
1,0,0,0,-1.1667726179665046,0,1,0,2,0,0,0,0,0,0,0,3,-1.1207883233372464,-0.9441143517895777
1,0,0,0,-1.2774445836787656,1,0,1,0,0,0,0,0,0,0,0,2,0.1737032442707526,-0.9749022970483462
0,0,0,0,-1.255098850178573,1,0,1,0,0,0,0,0,0,0,0,0,0.17324858121397307,-0.9638320822497968
0,0,1,0,-0.3105467076436441,1,0,1,0,2,2,0,2,2,0,0,2,1.122646404846185,0.09250476623947923
0,0,0,0,-0.5309685287209024,1,0,1,0,2,0,0,0,0,0,1,1,0.34002109457661567,-0.3610400488198666
1,0,0,0,-1.197110123512345,1,0,1,0,0,2,2,1,0,0,1,2,0.776304628513314,-0.8914814938077944
1,0,0,0,-1.1605938018633608,1,0,0,2,0,0,0,0,0,0,1,2,-0.5140277063828852,-0.9270708431337296
0,0,0,0,-1.201878766059035,1,2,1,0,0,0,0,2,0,0,1,2,0.6881947354479434,-0.8883300147697111
0,1,0,0,-0.7592275291524273,1,2,1,0,0,0,0,2,2,0,1,2,1.0042466507485057,-0.40926934306440454
1,0,0,0,-1.2774445836787656,1,0,1,0,0,0,0,0,2,0,1,2,0.5913086087285195,-0.9693588897157434
0,0,0,0,-1.175198297036298,1,0,0,0,0,0,2,0,0,0,1,2,-0.07628339108513754,-0.9291126798799926
0,0,0,0,-1.221610527152058,1,0,1,0,2,0,0,0,2,0,1,2,0.7069267704207429,-0.9168865810814277
1,0,1,0,-0.4946126468054197,1,2,0,0,0,2,0,2,2,0,1,2,0.9123396891328928,-0.16290622961811496
0,0,1,0,-1.0928310567836361,1,0,1,0,0,2,0,2,2,0,1,2,0.9852406660094439,-0.7641135968774417
0,0,0,0,-1.2774445836787656,1,0,0,0,2,0,0,0,0,0,0,2,0.04761720934173086,-0.9765759974124969
0,1,0,0,-1.1644206595634596,1,0,1,0,0,0,0,2,0,0,1,2,0.4797976582710398,-0.8834074651633042
1,0,0,0,-0.9095147866247809,1,0,1,0,2,0,0,0,0,0,1,2,0.2708296121673851,-0.6998262176604457
1,0,1,0,-1.1952369983106241,1,0,0,0,0,2,0,0,0,0,0,2,0.19921544737561325,-0.9218669355818455
0,0,0,0,-1.217314029166424,1,2,0,0,0,0,0,0,0,0,1,2,-0.49075705424624894,-0.9493609213349743
0,0,0,0,-1.2774445836787656,1,0,1,0,0,0,0,2,0,0,0,2,0.4981836120935097,-0.9705950562814325
1,0,0,0,-0.3661813483178847,1,2,1,0,2,0,0,0,0,0,1,2,0.5292262841445164,-0.18530834635650342
0,0,0,0,-0.9797635173147845,1,0,1,0,0,0,0,2,2,0,1,2,0.8446634356409922,-0.7009918903431874
0,0,0,0,-0.1091102270985892,1,0,0,0,0,0,0,2,2,0,1,2,-0.0009958597612883323,-0.17297620099037458
1,1,0,0,-1.0898761020293177,0,0,0,0,0,2,0,0,0,0,0,2,-0.6196970905205527,-0.9024777434700452
1,0,0,0,-1.2528482816279427,1,0,0,0,0,0,0,0,0,0,1,2,-0.6814240484472032,-0.972036380957441
0,0,0,0,-1.046182258695349,1,0,1,0,0,0,0,2,2,0,1,2,0.8230475235808984,-0.7320289474713464
0,0,0,0,1.10873153640558,1,2,1,0,0,2,2,2,2,1,1,2,1.3602710413446726,1.7873035296084703
0,0,0,0,0.9793428577375682,1,2,1,0,0,2,0,2,2,1,1,1,1.171440764048901,1.4767390435745638
0,0,0,0,0.37089519998376747,1,2,1,0,0,0,2,2,2,0,1,2,1.1666300897995767,0.7882475552798552
1,0,0,0,-0.17250675801522408,1,0,1,0,0,0,2,2,2,0,0,2,1.069498262941931,0.13817444942314772
1,0,0,0,-1.2496228706614916,1,2,1,0,0,0,0,2,0,0,1,2,0.683714664056106,-0.939239906102018
1,0,0,0,-1.1553146190414747,0,1,0,0,2,2,0,0,2,0,1,1,-0.7111634712497037,-0.932469048190307
0,0,0,0,-1.0929521690961947,1,0,1,0,0,0,0,2,2,0,0,2,0.8736627297341496,-0.8200128162375097
0,0,0,0,-1.1916216141918035,1,0,1,0,2,0,0,2,0,0,1,0,0.7275307204830065,-0.8873664699193863
0,0,1,0,0.017554915866926424,1,2,1,2,0,2,0,2,2,0,1,2,1.2942607890792805,0.5149842348367506
0,0,0,0,0.25151658086154066,1,2,1,0,2,2,0,2,2,0,1,0,1.2600483006764882,0.6562022504817923
0,0,1,0,-0.15208512749713735,0,1,0,1,2,2,0,2,2,0,0,1,-0.22526789187540516,-0.2680107034525135
1,0,0,0,0.1370545926424125,1,2,1,0,0,0,0,0,0,0,0,2,0.34723310740095614,0.16667526765117524
0,1,0,0,-0.3414542644423695,1,2,1,2,2,0,0,0,2,0,1,1,1.0039415696901652,0.01062912290450202
1,0,0,0,-1.0768660356988586,1,1,1,0,2,0,0,2,2,0,0,2,1.139681281854903,-0.743689686746129
0,0,0,0,-1.2774445836787656,1,0,1,0,0,0,0,0,0,0,0,3,0.16116603362955179,-0.9750687193966056
0,0,0,0,-0.9128008401647802,1,2,0,0,0,2,0,0,0,0,1,3,0.050650660395739344,-0.7588389349408238
0,1,0,0,0.6708576255738066,1,2,1,0,2,0,0,2,0,0,1,2,0.8635103144640258,0.9443065104794264
0,0,0,0,0.4496763499343528,1,2,1,0,2,0,0,2,0,0,1,1,0.8151376160644299,0.7023433354766655
0,0,0,0,0.4423428817959776,1,2,1,0,2,2,0,2,2,0,1,2,1.3790014962090882,1.05590801872026
0,0,1,0,-1.2774445836787656,1,0,1,0,0,0,0,0,0,0,1,3,0.1623177874876464,-0.9750534307022407
0,0,0,0,-1.2170001032402658,1,0,0,0,0,0,0,0,0,0,1,3,-0.6468276429835875,-0.9526899139084729
0,0,1,0,0.9661912694729688,1,2,1,0,2,0,0,2,2,0,0,2,1.1161292270447511,1.432119259146455
1,0,0,0,-0.6764181715413686,1,2,1,0,2,2,2,2,2,0,1,2,1.5772855102660737,-0.22301128343969223
1,0,0,0,-1.1514012909893003,1,0,1,0,0,0,0,2,0,0,1,2,0.5391409012276909,-0.8517828903068829
0,0,0,0,-0.8700878380570249,1,2,1,2,2,2,0,0,1,0,0,0,1.0734634147784308,-0.5139930633494932
0,0,1,0,0.1250746435490318,1,2,1,0,0,2,2,2,2,0,1,2,1.3276443402998659,0.6444056989975755
0,0,0,0,-1.2774445836787656,1,0,2,1,1,1,1,1,1,0,0,3,-1.4632931490907901,-0.9966322329704751
0,0,0,0,-1.1934527183150672,1,0,1,0,0,0,0,2,2,0,0,0,0.8244513384545882,-0.8790076942005152
0,0,0,0,-0.9989240144197302,1,2,0,0,0,2,0,0,0,0,1,3,0.1547731897416909,-0.8088733774418709
0,0,0,0,-1.0331224013585834,1,0,1,0,0,0,0,2,0,0,1,2,0.5316958516790022,-0.755215260112655
1,0,0,0,0.2535009881137331,1,2,1,0,0,0,0,0,0,0,0,2,0.3478973725330371,0.31166331571913575
1,0,0,0,0.26789252843816613,0,1,0,0,2,0,0,2,0,0,1,2,-0.8506328631091418,-0.3523013549648545
1,0,1,0,-0.8339834730729387,1,2,1,0,0,0,0,0,2,0,1,2,0.6793774283686772,-0.5692420209514576
1,0,0,0,-1.1960038562387048,1,0,0,0,0,2,0,0,0,0,1,2,-0.5095417278017076,-0.9313092960683333
0,0,0,0,-1.1329398325363775,1,0,1,0,0,2,0,0,0,0,1,0,0.3370975950418859,-0.8475920172060183
0,0,0,0,-0.9581486039353818,1,2,1,0,0,0,0,0,0,0,1,2,0.3323666629867188,-0.6998361649381616
0,0,0,0,-1.1175770073723943,0,1,0,0,0,2,0,2,2,0,1,2,-0.5471512454757348,-0.8966140302918932
0,0,0,0,-0.007424455134706812,1,2,1,0,0,0,0,2,0,0,1,2,0.7133567135972121,0.2235659999606196
0,0,0,0,-0.6602744661689781,1,2,0,0,0,2,2,2,1,0,0,0,0.5067050088576485,-0.4441676290873603
0,0,0,0,-1.2774445836787656,1,0,1,0,0,0,0,0,0,0,1,2,0.17652162996915363,-0.9748648850290659
0,0,0,0,-1.2400464930397694,1,0,1,0,0,2,0,0,0,0,0,1,0.416319367398705,-0.9438352059364176
0,0,1,0,0.8582890591955664,1,2,1,0,2,2,0,2,2,0,1,1,1.3337230780866622,1.5137112586459494
0,0,0,0,0.44440574699853674,1,2,1,0,0,0,0,0,2,0,1,2,0.5881751900908695,0.5957429352576422
0,0,1,0,-0.7453304780923826,1,0,1,0,0,0,0,0,0,0,1,2,0.1447790621002606,-0.5644822485800876
1,1,0,0,-0.5328097145960391,1,0,1,0,0,0,0,0,0,0,0,0,0.22027082978604717,-0.41031065611692796
0,0,0,0,-0.6470269819775261,1,0,1,0,0,0,2,2,0,0,0,2,0.6884076638274885,-0.3755522523650301
0,0,0,0,-1.0854237777937483,1,0,2,1,1,1,1,1,1,0,0,0,-1.4908985518161968,-0.9534454193828042
1,0,0,0,-1.257320073071767,1,0,0,0,0,0,0,0,0,0,0,3,-0.6726335851751511,-0.9795411503826461
0,0,0,0,-1.2145008074892734,1,0,1,0,0,0,0,0,2,0,0,0,0.5120156958863529,-0.9123878908080896
0,0,0,0,-0.7489959237681267,0,1,0,0,0,2,0,2,0,0,1,2,-0.7553977725000149,-0.7641956272699927
1,1,0,0,0.5886165121695711,1,0,1,1,0,0,0,0,2,0,0,2,0.659803982739835,0.7441055094852778
1,0,1,0,-1.2774445836787656,1,0,1,0,0,0,0,0,0,0,1,3,0.18852482254407407,-0.9747055513820452
1,0,0,0,-1.201293067590052,1,0,0,2,0,0,0,0,0,0,1,2,-0.5054240690274796,-0.9453999678718872
0,0,0,0,-1.2774445836787656,1,0,2,1,1,1,1,1,1,0,0,2,-1.5089552143509952,-0.9972383636597055
0,0,0,0,-1.2774445836787656,1,0,1,0,0,0,0,2,0,0,0,2,0.49708401126414165,-0.9706096526822914
1,0,0,0,-0.31775161387357115,1,2,1,0,2,2,0,2,2,0,1,2,1.3306798973741423,0.14328057404371078
0,0,0,0,0.08920239501597171,1,2,1,0,0,2,2,0,0,0,1,2,0.6988505686597217,0.3213133928291379
0,0,0,0,-0.4533574379521771,0,1,0,0,0,0,2,0,0,0,0,1,-1.1674418133737954,-0.7579656104503885
1,1,0,0,-1.2774445836787656,1,0,1,0,0,0,0,0,0,0,1,2,0.2130781897932653,-0.9743796232986596
1,0,0,0,-1.2367242199587352,1,0,1,0,0,0,0,0,0,0,0,1,0.18693023895580504,-0.944628843421863
0,0,0,0,-0.8941990618852224,1,0,1,0,0,0,0,2,0,0,1,2,0.49842112590490034,-0.6430775439335793
1,0,1,0,-1.092843889580953,1,0,1,0,0,0,0,2,0,0,1,1,0.5225867993916165,-0.8265534027827823
0,0,0,0,-1.2064251373007824,1,0,0,0,0,0,0,0,0,0,1,2,-0.6843394331616997,-0.955790216444743
0,0,0,0,-0.8679025525045039,1,2,1,0,0,0,2,2,2,0,1,2,1.1468041537690126,-0.5215202093281366
0,0,0,0,-1.1120105652267176,1,2,1,0,0,2,0,2,2,0,0,2,1.1883865421723325,-0.7765550714523465
0,0,1,0,0.53610068664891,1,2,1,2,0,2,2,2,2,1,1,1,1.515980705310449,1.2498966762266357
0,1,0,0,-1.2723030374772433,0,1,0,0,0,0,0,0,0,0,1,3,-1.3005937850048588,-0.9931884975263404
0,0,0,0,0.3684474091400828,1,1,2,1,1,1,1,1,1,2,0,3,-1.3935622921134356,-0.6278407503312078
0,1,0,0,-0.9079454028353917,1,2,1,2,0,0,0,2,2,0,1,2,1.1848008621387365,-0.5664261263701401
1,0,1,0,0.8440537217225047,1,2,1,0,2,2,0,2,0,0,1,2,1.0184577986652545,1.2347026758593072
1,0,0,0,-0.3872682076042052,1,2,1,0,0,2,2,2,2,0,1,2,1.310528739706888,0.07722209818453553
0,1,1,0,1.4721834927523278,1,2,1,2,2,0,0,0,2,0,1,1,1.1062098657406099,1.9725888922228405
0,0,0,0,-0.4156412036691146,1,2,1,0,0,0,0,2,0,0,1,2,0.6867018095184115,-0.15815161685129653
0,0,0,0,-0.6648223475925948,1,2,0,2,0,0,0,2,0,0,1,0,0.18935543040576652,-0.4674668603620449
0,1,0,0,-1.2774445836787656,1,0,1,0,0,0,0,0,0,0,1,2,0.17054264611375924,-0.9749442516889951
0,0,1,0,-1.1145631287986442,1,2,1,0,2,0,0,0,0,0,1,2,0.5188109076644994,-0.8368302830878946
0,0,0,0,-0.9225835974793142,1,2,1,0,0,2,0,0,0,0,1,2,0.4988642528515564,-0.6781678023529187
0,0,0,0,-1.167737792408917,1,0,2,1,1,1,1,1,1,0,0,3,-1.4811469426609218,-0.9734435212295025
1,0,0,0,-0.2362355360870041,1,0,1,0,2,0,2,2,2,0,0,2,1.1775310483674155,0.163975685724573
0,0,0,0,-0.6833965434148176,1,0,0,2,0,0,0,0,0,0,1,1,-0.532531310438572,-0.6760143703021473
0,0,0,0,-1.2107473509121849,1,0,1,0,2,1,2,0,2,0,1,1,0.9676844137049675,-0.8998523621377168
0,0,0,0,-0.8349265131160918,1,0,1,2,0,0,2,2,2,0,0,0,1.1361630523502768,-0.5154616886143009
0,0,0,0,-1.265067775668849,1,0,1,0,0,0,0,2,0,0,1,2,0.5142633629147395,-0.9615513902976509
1,0,1,0,0.35796855809680517,1,2,1,0,0,0,0,2,0,0,0,2,0.6820713803288536,0.5591036922117609
1,0,1,0,-0.0553093120786422,1,0,1,0,0,0,0,0,0,0,1,0,0.16999460967035446,-0.0020474360913140255
0,0,0,0,-1.1447942918631582,0,0,0,2,2,0,0,0,0,0,0,1,-0.9387821017927983,-0.9320356763794506
1,0,0,0,0.32017552878882716,1,2,1,0,2,2,0,2,2,0,1,1,1.3222950166234497,0.80715753723816
0,0,0,0,-1.2132328584960337,1,0,1,0,2,0,2,2,1,0,0,2,1.057789662466678,-0.8875442118582983
0,0,1,0,-0.1254814771737649,1,2,1,0,2,2,0,2,0,0,1,2,1.0317801648669391,0.21421790473155822
0,0,0,0,-0.693409439433719,1,2,1,2,0,0,0,2,2,0,1,2,1.1862712055520008,-0.3217432906284124
0,0,0,0,-1.1552834925186746,1,2,1,0,2,0,0,0,0,0,0,0,0.45714100651286554,-0.8698299618463097
0,0,0,0,-0.626912091475653,1,0,1,0,2,0,0,0,0,0,1,0,0.3365711557079234,-0.4387864540382838
1,0,0,0,-1.2774445836787656,1,0,0,0,0,0,0,0,0,0,0,1,-0.6388290502055457,-0.9856880719988783
1,0,0,0,-1.1960038562387048,1,0,0,0,0,2,0,0,0,0,1,2,-0.5151804346310161,-0.9312419313113166
1,0,0,0,-1.2774445836787656,1,0,2,1,1,1,1,1,1,0,0,3,-1.499896453753458,-0.9971181152045981
0,1,0,0,-1.2774445836787656,1,0,1,0,0,0,0,0,0,0,1,2,0.16463080906757338,-0.975022727023893
0,0,0,0,-1.1014178604844385,1,2,1,2,0,0,0,0,0,0,1,2,0.4805120268137595,-0.8352500926186764
0,0,0,0,0.0896564845598134,1,0,0,0,2,0,2,0,0,1,1,1,-0.3376220013999455,-0.20768616251586997
0,0,0,0,0.2561984875159168,1,2,1,0,2,0,0,2,2,0,1,2,1.1713744082966533,0.7424857740065605
1,0,0,0,-1.2689422921276852,1,0,0,0,0,0,0,0,0,0,1,2,-0.6352721702713963,-0.9819863435771186
1,0,1,0,1.3379620965385153,1,2,1,0,2,2,0,0,0,0,0,2,0.7406297415661263,1.5188982717966093
1,0,0,0,-1.2774445836787656,1,0,1,0,0,0,0,2,2,0,1,2,0.842492784296971,-0.9660246025652709
0,0,1,0,-1.151860972402283,1,2,1,0,0,0,0,0,2,0,1,2,0.7019785508192213,-0.835821389599339
1,1,0,0,-0.8735298094740148,1,0,1,0,0,0,0,2,2,0,1,2,0.8632169231001595,-0.5620760151600064
1,0,0,0,-1.059229799981075,0,1,0,0,2,0,0,0,0,0,1,2,-1.1665897989387692,-0.9244554859917762
1,0,1,0,-0.8376874565955392,1,2,1,0,0,0,0,0,0,0,1,0,0.30903892202399175,-0.5886560110622266
1,0,0,0,-1.2367242199587352,1,0,0,0,0,0,0,0,0,0,1,2,-0.6565211815149615,-0.9626889250373541
1,1,0,0,-1.075696666048778,1,0,1,0,0,0,0,0,0,0,1,2,0.16461490047625618,-0.8216558366429638
1,0,0,0,0.32155001582003595,1,2,1,0,2,0,0,2,2,0,1,2,1.2146815609578814,0.8251828645856014
0,0,0,0,1.2184523258834254,1,2,1,2,0,2,0,2,2,0,0,0,1.3350364605818286,1.863721600575376
0,0,1,0,0.7545774875692238,1,2,1,2,0,1,2,1,2,1,1,1,1.4248004643449796,1.4135354194201706
0,0,1,0,-1.1974703232254957,1,0,1,1,0,0,2,2,0,0,1,2,0.7802231503536672,-0.8865070634495262
0,0,1,0,0.0013770427771861993,1,2,1,2,0,2,0,2,2,0,1,2,1.2947692695809607,0.49552313054255775
1,0,0,0,-1.144153435900543,1,0,1,0,0,0,0,2,0,0,1,2,0.5360616765315371,-0.846394705618572
0,0,0,0,-1.1037105274039514,0,0,0,0,0,2,0,0,2,0,1,2,-0.6340626593827928,-0.8736002469983776
0,0,0,0,0.8886441088594906,0,1,0,0,2,1,0,2,2,0,1,2,-0.36341512664612985,0.26660896802107265
1,1,0,0,-0.5215507455295098,1,0,1,0,0,2,0,2,2,0,1,0,1.043331880678693,-0.19005205108930595
0,0,0,0,-0.656276108008621,1,0,0,2,0,0,0,0,0,0,0,2,-0.4888051932828485,-0.6631697284058757
0,0,0,0,-1.0824729276814244,1,2,1,0,2,2,0,0,0,0,1,2,0.6796165850682857,-0.7941779231232317
0,0,1,1,-0.8807865287083472,1,0,0,0,2,2,0,0,0,0,0,3,-0.2568558337601145,-0.7192123216387607
1,0,0,0,-0.36170950057611495,1,0,1,2,0,0,0,2,2,0,0,1,0.9811537418814447,-0.04441803714716827
0,0,0,0,-1.2367242199587352,1,0,1,0,0,0,0,2,0,0,1,2,0.5266190498970111,-0.9421023962099551
1,0,1,0,0.9030753929129207,1,2,1,2,0,2,0,2,2,0,0,0,1.3336571984817271,1.5023928739586996
0,0,0,0,-0.6737104840416321,1,0,0,0,2,0,1,0,0,0,1,3,-0.3627712761187153,-0.6417042555297781
0,0,0,0,0.3704349572484913,1,2,2,1,1,1,1,1,1,2,0,1,-1.3227638116407983,-0.5516001500574913
1,0,0,0,-1.0213699891477055,1,2,1,0,0,0,0,2,2,0,0,2,0.9926213783319646,-0.7065647913760482
1,0,0,0,-1.2287139148883512,1,0,1,0,0,0,0,0,0,0,0,2,0.17247922101331215,-0.9352019865762582
0,0,0,0,-0.919780247791117,1,2,1,0,0,2,0,0,0,0,1,2,0.540101217780877,-0.6835299313824942
1,0,0,0,1.4711634983790012,1,2,1,2,2,2,2,2,2,1,0,0,1.7255494530054087,2.537790149968638
1,0,0,0,-1.2774445836787656,1,0,0,0,0,0,0,0,0,0,0,3,-0.6605230796517148,-0.9859760444535944
0,0,0,0,-1.2754841898872133,1,2,1,0,0,0,0,2,2,0,1,2,0.9688573383083343,-0.9621860557296915
0,0,1,1,-0.7627176072057867,1,0,2,1,1,1,1,1,1,0,1,1,-1.4872128186505724,-0.8901742165052404
0,0,0,0,-1.2774445836787656,1,0,1,0,0,0,0,0,0,0,1,2,0.1588416394943251,-0.9750995740373496
0,0,1,0,1.5053453060978017,1,2,0,0,2,2,0,2,2,2,1,0,1.0896049541483375,2.0414549647135782
0,0,0,0,-1.2291321874760852,1,0,1,0,0,0,0,2,0,0,1,2,0.48989782700234796,-0.9274559423352564
0,0,1,0,-1.0375078828060753,1,2,1,0,0,0,0,2,0,0,1,2,0.7094281740105635,-0.7545994065728998
1,0,0,0,-1.1326433555625512,1,2,1,0,0,0,0,0,2,0,1,2,0.7013261022872387,-0.8332503213904732
0,1,0,0,-1.0116959556810128,1,2,1,0,0,2,0,0,0,0,1,2,0.5409179414268002,-0.7624728111058882
0,0,0,0,-0.6580961339454118,0,1,0,1,0,0,0,2,0,0,1,2,-0.8171443275834365,-0.720246906519253
0,1,0,0,-0.5299560869367422,1,2,1,0,0,0,0,2,2,0,1,2,0.9855335273826469,-0.19696232226978105
1,0,0,0,-0.24531763196427814,1,2,1,0,0,0,0,0,2,0,1,2,0.6386632772686823,0.0009094964854224046
1,0,0,0,-1.2774445836787656,1,0,1,0,0,0,0,2,0,0,1,2,0.4845703986307262,-0.9707757617841691
1,0,0,0,-0.13411603751525336,1,2,1,2,2,0,0,0,0,0,1,2,0.6557620636992059,0.08605969912465616
1,1,0,0,0.11879999789257938,1,2,1,0,0,2,0,2,2,0,1,2,1.2162697684125647,0.5525008643198891
1,1,0,0,-1.2172373143568016,0,1,0,0,0,0,0,0,0,0,1,3,-1.1489345636455177,-0.9750694396485012
0,0,0,0,-0.4430487933471325,1,2,1,0,0,0,2,2,0,0,1,2,0.8387131168927863,-0.14904354640440504
0,0,0,0,-0.4433953682814971,1,2,0,2,0,0,0,2,0,0,1,0,0.6984076172783044,-0.13991786659909466
1,1,0,0,0.009069336762827368,1,2,1,0,0,2,0,2,2,0,1,2,1.179056445100234,0.4496549406274639
1,0,0,0,-1.2367242199587352,1,0,0,0,0,0,0,0,0,0,0,3,-0.6331317634153686,-0.9703533268011525
1,0,0,0,-1.1985051922009196,0,0,0,0,0,0,2,0,0,0,0,0,-1.0966864402547376,-0.9509707302478979
1,0,0,0,-0.4223169455581282,1,2,0,2,0,0,0,0,0,0,0,2,-0.32905224084081425,-0.5033346853722527
0,0,0,0,-0.3133166331246142,1,0,1,0,2,0,0,0,2,0,0,2,0.6638309920089801,-0.0943639531181221
0,0,1,0,-0.4908433237726876,1,2,1,2,0,2,0,2,2,0,1,2,1.3025005853198142,-0.04972905113767437
1,1,0,0,-1.2774445836787656,1,2,1,0,0,0,0,0,0,0,1,2,0.32415934862198337,-0.9729051017460818
1,0,0,0,-1.2425694125196347,1,0,0,0,0,2,0,0,0,0,1,2,-0.5093675781766777,-0.961317251009254
1,1,0,0,-0.5937234619068841,1,2,1,0,2,0,0,2,2,0,1,2,1.2144429817924913,-0.2081045563075385
0,0,0,0,-1.2774445836787656,1,0,0,0,0,0,0,0,0,0,1,2,-0.6573688363395062,-0.9859341741688858
0,0,0,0,1.4935419719992977,1,2,1,2,2,2,2,2,2,1,0,1,1.6948442538042698,2.5274997234480825
0,0,0,0,-1.1836335031664666,1,0,1,0,2,1,2,0,2,0,1,1,0.9252679888173492,-0.8722924269344832
1,0,0,0,-0.8624618403437334,1,2,1,0,2,2,0,2,2,0,0,2,1.3794633590731638,-0.48591695830921655
1,1,1,0,-1.180185647613852,1,0,1,0,0,0,0,0,0,0,1,2,0.18142476730677212,-0.9049978091196184
0,0,1,0,0.9214550572028734,1,2,1,0,0,2,0,0,0,0,1,2,0.45918369917270374,0.9808312998633467
0,0,1,0,0.9760089393727178,1,2,1,0,2,0,0,2,2,0,0,1,1.167950199999043,1.484748228719559
0,0,0,0,-1.188725854166847,1,0,1,0,0,0,0,2,0,0,1,1,0.514473924116351,-0.8941852016188868
1,0,0,0,-1.2774445836787656,1,0,2,1,1,1,1,1,1,0,0,3,-1.4771973060468466,-0.9968168005363729
0,0,1,0,-0.11121131452178501,1,0,2,1,1,1,1,1,1,0,1,3,-1.500755525084347,-0.7549079571773898
0,0,0,0,-0.4409645514021019,0,1,0,0,0,0,2,0,0,0,0,1,-0.5853567213774051,-0.6433635428475347
0,0,0,0,-0.195850560245111,0,1,0,0,1,2,0,2,2,0,1,1,-0.37952007728711545,-0.3778235298438672
0,1,1,0,1.1728256447837093,1,2,1,0,2,0,0,2,2,0,1,1,1.198894625901631,1.698960636600741
1,0,1,0,-0.21791176521899855,1,0,1,0,0,0,0,0,0,0,1,2,0.19677542406052162,-0.1950052999061072
0,0,1,0,-0.7826584275898478,1,2,1,0,0,2,2,2,2,0,1,2,1.3148604921295302,-0.38963086587050844
1,0,0,0,-1.0549891875730275,1,2,1,0,2,2,0,0,0,0,1,2,0.8236201960276557,-0.7434570407448283
0,0,0,0,-0.9924020376385531,0,0,0,2,0,0,0,0,0,0,1,2,-0.7198419966690099,-0.8658479086344767
0,0,1,0,-0.4267782257104953,0,1,0,2,0,2,0,2,2,0,0,2,1.2218793867340314,-0.01278976466492908
0,1,0,0,-1.1470863964413585,1,0,1,0,0,2,0,2,0,0,1,2,0.6941992585329951,-0.8567320534706773
0,0,1,0,-1.1041221798053251,1,0,1,0,2,0,0,0,2,0,1,2,0.689170898560139,-0.8131098303836622
0,0,0,0,0.14929908385271273,1,0,1,2,0,2,2,2,0,1,1,2,1.157837977501982,0.5511675150334968
1,0,0,0,1.4319424815791038,1,2,0,2,2,2,1,0,2,1,0,1,0.3851396458941526,1.243975764423317
1,0,0,0,0.712359432075791,1,2,1,0,0,1,0,0,0,0,0,1,0.4954971053409818,0.8156048369337343
0,0,0,0,-0.8480924969265876,1,0,1,2,0,0,0,0,0,0,1,1,0.30647512962847745,-0.633627865564905
1,0,0,0,-1.2627097941102343,1,0,1,0,0,0,0,0,2,0,0,2,0.5003810157478426,-0.9544578679065456
1,0,0,0,0.47893272796613223,1,2,1,2,0,0,0,2,2,0,1,1,1.1430729677933882,0.9696503400374029
1,0,1,0,-0.9239731448400336,1,0,1,0,0,0,0,0,0,0,1,2,0.17772710489215834,-0.7238323840518298
1,0,1,0,1.1771809038869356,1,2,1,0,2,2,0,2,2,0,1,2,1.3456320023301929,1.78535276040058
0,0,1,0,0.7040443869396833,1,2,1,1,2,0,0,2,2,1,1,1,1.2630947586887764,1.2576804714282162
0,0,0,0,0.2523928575751523,1,0,0,2,2,2,0,0,0,0,0,1,0.6137507896011182,0.42497632964704835
0,0,0,0,-0.5579706073649989,0,1,0,0,0,2,0,2,0,0,1,2,-0.8412182815513739,-0.6915210649641441
0,0,1,0,0.3709988523367607,1,2,0,1,2,2,2,0,2,0,0,1,0.8163481454034469,0.6343375340397315
0,0,0,0,0.6364125111626608,1,2,1,0,2,2,0,2,2,0,1,0,1.3823902485783888,1.2399955310283561
1,0,0,0,-1.2774445836787656,1,0,1,0,0,0,0,0,0,0,1,2,0.17012967658785405,-0.9749497335589442
1,0,0,0,-1.2367242199587352,1,0,1,0,0,0,0,0,0,0,0,1,0.1758487805575586,-0.9456094987321787
1,1,0,0,-0.4391745717208475,1,2,1,0,0,0,0,2,2,0,1,2,1.0467085484132452,-0.10355712080999144
0,0,0,0,1.4338338209938386,1,2,1,0,2,2,2,2,2,0,1,2,1.4812961981387882,2.223691720612199
0,0,0,0,-0.9111855083428742,1,0,1,0,0,0,0,0,2,0,1,2,0.48158741725238,-0.6558495275223601
0,0,0,0,-1.0324982369645062,1,2,1,0,0,0,0,0,0,0,1,2,0.30228769330765054,-0.7795645412782747
0,0,1,0,0.7000121154300385,1,2,1,2,2,0,2,2,2,0,0,2,1.5201460866101453,1.4529607979890886
0,0,1,0,0.8415096370001411,1,2,1,0,2,0,0,2,2,0,1,1,1.1217842250956798,1.269714113042966
0,0,0,0,-1.1596823405180068,1,2,0,0,0,0,0,0,0,0,0,3,-0.46308624346176797,-0.9043003826756045
1,0,1,0,1.3831775870146867,1,2,0,2,0,2,0,2,2,2,1,1,1.0754927314607832,1.8219248030213708
1,0,0,0,-1.1799262903765995,1,0,0,0,0,2,0,0,0,0,0,2,-0.5109957733596575,-0.9252579259819133
0,0,1,0,0.2759736784941667,1,0,0,0,0,0,0,2,0,0,0,2,0.028829854387463216,0.10914094863654569
0,1,0,0,-1.2774445836787656,1,0,1,0,0,0,0,0,0,0,1,2,0.18590106361158673,-0.9747403798726326
0,0,0,0,-1.0309063273970553,1,0,0,2,0,0,2,0,0,0,0,2,-0.32712955350052986,-0.8249066492558796
1,0,0,0,-0.9507168371300287,1,2,1,0,2,2,0,2,0,0,1,2,0.9836708389317159,-0.6219220472429626
1,1,0,0,-0.9295588792102106,1,0,0,1,0,2,0,2,0,0,0,0,-0.02933862629118031,-0.7641076084740541
0,0,0,0,-0.6047676721204485,0,1,0,0,0,0,0,2,2,0,0,1,-0.6625074684780694,-0.6421635049836658
1,0,0,0,-1.2774445836787656,1,0,2,1,1,1,1,1,1,0,0,3,-1.5001076672100266,-0.9971209189095395
1,0,0,0,-1.2774445836787656,1,0,2,1,1,1,1,1,1,0,0,3,-1.4976269173617602,-0.997087988760481
1,0,1,0,0.7333633226405187,0,0,0,0,2,0,0,2,2,1,1,0,0.05626944188631988,0.46974791674431254
0,0,0,0,-0.9960238397240702,0,1,0,0,0,0,0,2,2,0,0,2,-0.6304806500075129,-0.841534152645012
1,1,1,0,0.48326792012610525,1,0,1,0,0,0,0,0,2,0,1,1,0.5193358178706978,0.5225037406042211
0,0,0,0,-0.9347377048037562,1,2,1,0,0,2,0,0,2,0,0,2,0.8445335167587741,-0.6386907435488751
1,0,1,0,-1.0738427650786138,1,0,1,0,2,0,0,0,2,0,1,1,0.6981701000692134,-0.7880718273012717
0,0,1,0,1.2498504753206725,1,2,1,0,2,2,0,2,2,1,1,2,1.4194689948800194,2.0283823110833725
0,0,0,0,-0.3665211864274566,1,2,1,0,0,0,2,0,0,0,1,2,0.5230774451333633,-0.17623910811272253
0,0,1,0,-0.7462843494592531,1,0,2,1,1,1,1,1,1,0,0,0,-1.4872770143167415,-0.8762900572879194
0,0,0,0,0.7039945990337011,1,0,1,2,2,0,2,2,2,0,1,1,1.3867161448481948,1.302478398955779
0,0,1,0,-0.8702409464784621,1,2,1,0,0,2,0,2,2,0,1,2,1.1555211093949749,-0.5205318926565268
0,0,1,0,-0.3413909935742931,1,2,1,0,0,2,0,2,0,0,0,2,0.769727442721011,-0.10504830605312276
0,0,0,0,-0.8394811521855976,1,2,1,0,2,2,0,0,2,0,1,2,1.003237351115838,-0.5121014480786286
0,0,0,0,-1.2774445836787656,1,0,0,0,0,0,0,0,0,0,1,2,-0.6719789604868914,-0.9861281129355346
1,0,0,0,-1.17842809797846,1,2,0,0,0,0,0,0,0,0,0,2,-0.4915133547607429,-0.9365298215392432
1,0,0,0,-1.2270535052930582,1,2,0,0,2,0,2,0,0,0,0,2,0.10520628423125669,-0.932721664417415
0,0,1,0,1.0075588929485815,1,2,1,0,2,2,0,0,0,0,0,2,0.6990155079749673,1.2260235758948128
0,0,0,0,-1.0720128127608903,1,2,1,2,0,0,0,0,0,0,1,2,0.4757814958149846,-0.8107113793664169
1,0,0,0,-0.8775218174467829,0,1,0,0,0,2,0,0,0,0,0,2,-0.510093046431566,-0.7653670431634899
1,0,0,0,-1.2774445836787656,1,0,0,0,0,0,0,0,2,0,1,2,-0.30121027936860356,-0.981206428492426
0,0,1,0,-1.0812541502474928,1,2,1,0,2,2,0,0,0,0,0,0,0.7499795557564779,-0.762475676303723
0,0,0,0,-0.9172080641923468,1,0,1,1,0,0,0,2,0,0,1,3,0.6551904502808283,-0.6455822996307911
0,0,0,0,-1.2774445836787656,1,0,1,0,2,0,0,0,0,0,1,2,0.33587417489172533,-0.9727495959519257
0,0,0,0,-1.2677491138848171,1,0,1,0,1,0,2,2,0,0,0,2,0.883548734922203,-0.9553637692436769
0,0,0,0,-1.2121374495021355,1,0,1,0,0,0,0,2,0,0,1,2,0.4911267918238949,-0.9118545467485688
0,0,0,0,-1.1248914559430427,1,0,0,2,2,0,0,0,0,0,0,2,-0.3078936491430364,-0.8729628471687381
0,0,0,0,-0.21652802999726017,1,2,1,0,0,2,0,2,2,0,1,0,1.1437897468918634,0.20662750435479732
0,0,0,0,-0.936051614991041,1,2,1,0,0,0,0,0,0,0,1,2,0.32787505133115963,-0.7010355904060549
1,0,0,0,-1.0359290680474202,0,1,0,0,0,0,0,2,2,0,0,2,-0.6309060212826672,-0.8605152386350398
0,0,0,0,-1.2774445836787656,1,0,2,1,1,1,1,1,1,0,1,3,-1.4936318066154002,-0.9970349565724614
0,0,0,0,-1.1047067647206963,1,2,1,0,0,0,0,2,0,0,1,2,0.6845154567005153,-0.790555632604339
0,0,0,0,-1.178944149842568,1,2,1,0,0,0,0,0,0,0,0,2,0.34998117247783983,-0.8812511536984784
0,0,1,0,0.9319709418795495,1,2,1,0,2,2,0,2,2,0,1,0,1.3153646147546456,1.5074415186665964
1,0,0,0,-1.1261289605054605,1,0,0,0,0,2,0,0,0,0,0,2,-0.4822901550362936,-0.9070081297926333
0,0,1,0,1.0745416340735179,1,2,1,0,2,0,0,2,2,0,0,2,1.2001429635099545,1.6401177987521713
1,0,0,0,0.30938271102583287,1,2,1,2,2,0,0,0,1,0,1,2,0.8527236475013716,0.5630897829111128
0,0,0,0,-1.2774445836787656,0,1,0,0,0,0,0,0,0,0,0,3,-1.3179999509754643,-0.9947035714915796
0,0,1,0,1.5592521977477483,1,2,1,0,2,2,2,2,2,1,1,2,1.4841658803224704,2.4437428272172386
0,0,0,0,-1.2381905549633667,1,0,0,0,0,0,0,0,2,0,0,2,-0.30371952672773295,-0.9612508259093498
1,1,1,0,0.5887077928958837,1,2,1,0,2,0,0,0,2,0,0,1,0.9721954967264115,0.9750251499544051
0,0,0,0,-1.2367242199587352,1,0,0,0,2,0,2,0,0,0,1,1,0.09858081765779125,-0.9463038922865963
0,0,1,0,0.021894145875487183,1,2,1,0,2,2,0,2,2,0,1,2,1.3175005910688975,0.4946015406114361
0,1,0,0,1.0585543096751686,1,2,1,0,2,0,0,0,0,0,1,1,0.5013314606001199,1.059424041105586
1,0,0,0,-1.2774445836787656,1,0,2,1,1,1,1,1,1,0,1,3,-1.5014235995401537,-0.9971383869536522
1,0,0,0,-0.4340449917316975,1,0,1,0,2,2,0,0,0,0,0,2,0.5970199814345264,-0.20367682013581961
0,1,0,0,-1.1702886601766955,1,2,1,0,2,2,0,2,2,0,1,2,1.3394568481997076,-0.8460566687322582
0,0,0,0,-1.1665234100966237,1,2,1,0,2,0,0,0,2,0,1,1,0.8537829938684453,-0.8586209647506726
1,0,0,0,-1.2774445836787656,1,0,2,1,1,1,1,1,1,0,1,3,-1.4834538604436742,-0.9968998517432587
1,1,1,0,-0.5156740834192085,1,0,1,0,2,0,0,0,0,0,1,2,0.3044890129850014,-0.37001120086899203
1,0,0,0,-1.090212571216526,0,0,0,0,0,2,0,2,2,0,1,2,0.1331412261438899,-0.8422149274030207
1,0,1,0,-0.4717236519908402,1,2,1,0,0,0,0,0,0,0,1,2,0.3378435266588238,-0.33768199681613525
0,0,0,0,-0.3416971623865087,1,2,1,0,2,2,0,2,2,0,1,0,1.372930818641486,0.163019355762027
1,1,1,0,0.674272690201344,1,2,1,0,2,0,0,0,2,0,0,1,0.8447411004853383,0.9995687713567808
0,0,0,0,-0.2773803524119912,1,0,1,0,0,0,0,0,0,0,1,1,0.18812678044742623,-0.2195202520487392
0,0,1,0,1.016290406277975,1,0,0,2,0,0,2,2,2,1,1,0,0.6268306493325523,1.0315846208192243
0,0,0,0,-0.2990157244291123,1,2,1,0,0,0,0,0,0,0,1,0,0.3458866855789728,-0.21490679382986488
0,0,0,0,0.315291745927553,1,2,1,0,0,0,2,2,2,0,1,2,1.162545573835706,0.7307392934373507
1,0,0,0,-0.9269909485972657,1,2,1,0,0,0,0,2,2,0,0,2,1.0088837157343873,-0.6114567076569001
1,0,0,0,-1.2774445836787656,0,1,0,0,0,0,0,0,2,0,0,2,-0.9610851375764433,-0.9899657870613444
0,0,0,0,-1.254696462105875,1,2,1,0,0,2,0,2,0,0,1,2,0.8472099606074602,-0.9407734175271206
0,0,0,0,0.4723297216884776,1,0,0,2,0,2,0,0,2,1,0,1,0.05921919615905251,0.28165629654947666
0,1,1,0,0.8866678026309536,1,2,1,0,2,0,0,0,2,0,0,0,0.8364301439914906,1.1892157816653808
0,1,0,0,-1.1500152888383104,1,0,1,0,2,0,0,0,0,0,1,2,0.2720744330225369,-0.879130932751661
0,0,0,0,-1.0636850028203153,1,0,1,0,0,2,0,2,0,0,1,2,0.6860559029112769,-0.7674668020121125
0,0,0,0,1.153451442780514,1,1,0,2,2,2,2,0,2,1,0,1,0.41189379629900985,1.0594834381448721
1,0,1,0,-0.20885242994543474,1,2,1,1,0,2,0,0,0,0,1,0,0.5682219307718691,-0.057041976493658664
0,0,0,0,-1.2241769113400105,1,0,1,0,0,0,0,0,2,0,1,2,0.49751280381724594,-0.9226303487177722
0,0,0,0,-0.9670294180851409,1,2,1,0,0,2,0,2,2,0,1,2,1.190204583981585,-0.6043974368136733
1,0,0,0,-1.2774445836787656,1,0,0,0,0,0,0,0,0,0,1,2,-0.6643445270651119,-0.9860267713872394
1,0,0,0,-0.8844275773864126,1,0,1,2,0,0,0,0,0,0,1,2,0.36003829483507394,-0.6421444927136529
1,1,0,0,-0.12273583716295774,1,2,1,0,2,0,0,2,2,0,1,2,1.1422466319509872,0.26692767202359297
0,0,0,0,-1.2692345578115642,1,0,1,0,0,0,0,0,2,0,0,1,0.5154654774758141,-0.9633651966032062
0,1,0,0,0.431677588879843,1,2,1,0,0,0,2,2,2,0,1,1,1.159173081864003,0.8875242077792498
0,1,0,0,-0.9980825812614299,1,0,1,0,0,0,0,2,0,0,1,2,0.5268988422950159,-0.7164221661464784
1,0,0,0,-1.229934932922774,1,0,0,2,0,0,0,0,0,0,1,2,-0.559304662895325,-0.9616106337240586
1,0,0,0,-1.2774445836787656,1,0,1,0,0,0,0,0,0,0,0,3,0.2082254449044886,-0.9744440399558418
0,0,0,0,-1.2774445836787656,1,0,2,1,1,1,1,1,1,0,1,3,-1.4941027060811731,-0.9970412074202082
1,0,1,0,-0.290391570530266,1,0,1,0,0,0,0,0,0,0,1,2,0.19486122488351604,-0.22740485230999438
1,0,0,0,-0.9806633436106847,1,0,0,0,0,0,0,0,0,0,1,0,-0.6361022903454987,-0.847985160172525
1,0,0,0,-0.93478116195129,1,2,0,0,0,0,0,0,0,0,0,2,-0.45368756052662523,-0.7939025828071247
1,0,0,0,-0.22594936626779585,1,2,1,0,2,2,0,2,2,0,1,1,1.3337140240525152,0.24601354450016896
0,0,0,0,-1.1679717534990108,1,0,2,1,1,1,1,1,1,0,0,3,-1.4812424221218488,-0.9734783752895643
1,1,0,0,-1.2774445836787656,1,2,1,0,0,0,0,0,0,0,1,2,0.34338004125921867,-0.9726499610377212
0,1,0,0,-0.8295205827584317,1,2,1,0,2,1,0,2,0,0,1,2,1.0703188507541446,-0.5355126790282803
0,1,1,0,1.0125370042051394,1,2,1,0,2,0,0,2,2,0,1,2,1.1892727010090558,1.5491760108676376
0,0,0,0,-1.166896463341398,1,2,1,0,0,0,0,2,0,0,1,2,0.6942425361504742,-0.8726901985466115
0,1,0,0,-1.014778481144678,1,2,1,0,2,2,0,2,2,0,1,2,1.3521495810440158,-0.6657421035739888
0,0,0,0,-0.08217716241276407,0,1,0,0,0,2,0,2,2,0,1,2,-0.46569176996548,-0.3165523035477681
0,0,0,0,-1.1175455499964484,1,2,1,0,2,0,0,0,0,0,0,0,0.4491063893973408,-0.8351900450816224
0,0,0,0,-1.2753720996003213,1,0,1,0,0,0,0,2,0,0,1,2,0.49461545107517774,-0.9687871399403235
1,0,1,0,0.9486090986332298,1,2,1,2,0,2,0,2,2,0,0,1,1.3701092608099104,1.6071224310951358
1,0,0,0,-1.2774445836787656,1,0,1,0,0,0,0,0,0,0,1,2,0.15249671409631763,-0.9751837983049707
0,0,0,0,-0.859036059700355,1,0,1,0,0,0,0,2,2,0,1,2,0.828775597270649,-0.5911595661649395
0,0,0,0,0.028365674522188404,1,0,1,0,2,0,0,0,0,0,1,0,0.30562037931512775,0.07763139475562134
0,0,0,0,-0.3045587289294165,1,0,0,2,2,0,0,0,0,0,0,1,-0.26523471518114494,-0.3492531807040707
1,0,0,0,-1.2774445836787656,1,0,2,1,1,1,1,1,1,0,0,3,-1.499219247967729,-0.9971091257905776
1,0,0,0,-0.960998232635243,0,0,0,0,0,0,2,0,0,0,0,0,-0.7012262005071399,-0.8176373518269093
1,0,0,0,-1.2774445836787656,0,1,0,0,0,0,0,0,0,0,1,2,-1.3306253840035822,-0.9948711649278283
0,0,0,0,-0.9410829152075653,1,0,1,0,0,0,0,0,0,0,1,1,0.20551837281040566,-0.7381614526479618
1,0,0,0,-1.2455968840198848,1,0,1,0,0,0,0,0,0,0,0,1,0.1951926739426864,-0.9504633693159015
0,1,0,0,-1.1470014357537228,1,2,1,0,0,0,0,2,2,0,1,2,1.0194775850897737,-0.8226999264727495
0,1,0,0,-0.5514831275605827,1,2,1,0,0,0,0,0,2,0,1,2,0.6688768236343569,-0.30208821312038475
1,0,0,0,-0.30807466705872966,1,0,0,0,2,0,2,0,0,0,1,1,-0.0780540119784805,-0.3086029214277542
0,0,1,0,-0.4236305215341021,1,2,1,0,0,2,0,2,0,0,0,2,0.8497584036752115,-0.0877878263746073
1,1,0,0,-0.9446401618643123,1,2,1,0,0,0,0,0,0,0,0,2,0.3683387481668938,-0.6958893060642707
0,0,1,0,-1.0331224013585834,1,0,1,0,0,0,0,0,0,0,1,2,0.14118445816446942,-0.7828221114240048
0,0,0,0,-0.9539030177730146,1,0,1,0,0,2,0,0,0,0,0,2,0.3250335125590621,-0.7093584323445434
0,0,0,0,-1.117493577338158,1,0,1,0,2,0,2,2,2,0,1,2,1.1414328320725775,-0.8029849844851215
1,1,1,0,-0.9176087304602065,1,2,1,2,0,0,0,0,0,0,1,2,0.4979145238032775,-0.6835581178534696
0,0,0,0,0.21491748762122587,1,2,1,0,0,2,0,2,2,0,1,0,1.1454088752583589,0.6461145953529942
1,0,1,0,1.3899309247956073,1,2,1,0,2,2,0,0,0,0,0,2,0.7491131277650862,1.5812828836261013
0,0,0,0,-1.1710824545022671,1,2,1,0,0,0,0,0,0,0,0,2,0.3377277389730071,-0.8784918150867495
0,0,0,0,-0.7529734069177327,1,0,2,1,1,1,1,1,1,0,0,0,-1.493878478393546,-0.8845743198816244
0,1,0,0,-1.2376751258148442,1,0,0,2,0,2,0,1,0,0,0,0,0.04622372503785357,-0.9644652124139322
1,1,1,0,0.1706585345829824,1,2,1,0,2,2,0,1,2,0,1,2,1.279962256638231,0.7190099981759694
1,0,0,0,-0.7903964933148305,1,2,1,0,0,2,0,2,0,0,1,1,0.8073098760740951,-0.4985087767717564
0,1,1,0,0.21541804405982282,1,0,1,2,0,0,0,0,0,0,1,0,0.3221232140942015,0.2530770946681461
0,0,0,0,-1.2367242199587352,1,0,1,0,0,0,0,0,0,0,0,2,0.1601429155631037,-0.9428618055345852
0,0,1,0,1.4460905648618363,1,1,1,2,2,0,0,0,2,1,1,1,1.0335473564827147,1.8711033635722025
1,0,1,0,-0.9235263194255023,1,0,1,0,0,0,0,0,0,0,1,2,0.17771668493003295,-0.7235206165986929
0,0,1,0,1.1624557883445097,1,2,1,0,2,2,0,2,2,0,1,2,1.3492802046746177,1.887676024603715
1,0,1,0,1.4055551787898273,1,2,0,2,0,2,0,2,2,2,1,1,0.5942210763740488,1.41268302228608
0,0,0,0,0.35136996512244845,1,2,1,0,2,2,0,2,2,0,1,2,1.3594501904427303,0.9375936896644181
1,0,1,0,-0.9924020376385531,1,0,1,2,0,0,0,0,0,0,0,2,0.32654157701075315,-0.7349401126460234
0,0,1,0,-0.6148519374086348,1,2,1,1,0,2,0,2,0,0,0,2,0.9813642152183053,-0.28777469739921124
0,0,0,0,-1.2774445836787656,1,0,1,0,0,0,0,0,0,0,1,2,0.17934075426440468,-0.9748274632054499
0,0,0,0,-1.1552834925186746,1,0,0,0,0,0,0,0,0,0,0,3,-0.6347429694460867,-0.9214481138916959
0,0,0,0,-1.2774445836787656,1,0,1,0,0,0,0,0,0,0,1,3,0.21184895581271615,-0.9743959404852698
0,0,0,0,0.9994713959687117,1,2,1,0,2,2,0,2,2,0,1,2,1.3563793982618115,1.6849899402152468
0,0,0,0,-0.8555185634350869,1,2,1,0,2,0,0,0,0,0,1,1,0.5165035901164643,-0.6022510565175955
0,0,0,0,1.0840833363302411,1,1,0,1,0,2,2,0,0,2,0,1,-0.14900599718466268,0.6288782928519028
0,0,0,0,-1.0363399332056276,1,0,2,1,1,1,1,1,1,0,1,3,-1.4939566479057205,-0.9502988795927336
1,1,0,0,-0.05818051186972717,1,0,1,0,0,0,0,0,2,0,0,2,0.561355449289735,0.13766469016736693
0,0,0,0,-0.7972727549869395,1,0,0,0,0,0,2,2,0,0,0,2,-0.07386257013065595,-0.6356067899493205
1,0,0,0,1.5535899871397396,1,1,1,0,2,2,2,2,2,1,1,0,1.4210013115529265,2.3422601375068637
0,0,0,0,-1.0333544795333112,1,2,1,0,0,0,0,0,0,0,1,0,0.25938250285189113,-0.76917969030201
1,0,0,0,-1.2318737202028311,1,0,2,1,1,1,1,1,1,0,0,0,-1.4767363992128015,-0.9892565301564709
0,0,0,0,-0.999976045809105,1,2,1,2,0,0,0,0,0,0,1,2,0.4673490848262038,-0.7507616756014796
0,0,0,0,-1.2774445836787656,0,1,0,0,0,0,0,2,0,0,1,2,-0.9900784059764068,-0.9903506516017059
1,0,0,0,-1.2446493733779453,1,0,0,2,0,1,0,0,0,0,1,3,-0.36348414629863135,-0.9613357832435964
0,1,0,0,-0.3025032849127618,1,2,1,1,2,0,0,2,2,0,1,2,1.261269151253334,0.16225840644537753
0,0,0,0,0.44007456857593197,1,2,1,0,0,0,0,2,0,0,0,2,0.6508994939311888,0.6488432287574087
0,0,0,0,0.14887881018368068,1,2,1,0,2,2,0,2,2,0,1,2,1.306051624393428,0.6354921414338991
0,0,1,0,0.35683995017120573,1,0,0,0,2,0,2,0,1,1,1,0,0.043989835692888446,0.19197506626586203
1,0,1,0,-1.1278735374743858,1,0,0,0,2,2,0,0,0,0,1,3,-0.3019732744728231,-0.89318626998365
1,0,0,0,-1.2774445836787656,1,0,1,0,0,0,0,0,0,0,1,2,0.1786473918070808,-0.974836667087529
0,0,1,0,0.23716253788097197,1,2,1,0,0,0,0,2,2,0,1,2,1.0714613080439672,0.6234028873334249
0,0,0,0,-0.8521931439881323,1,0,1,0,0,2,0,2,2,0,1,2,1.0201918156479763,-0.5575971882430163
0,0,0,0,-0.9109613101984924,1,2,1,2,0,0,0,2,2,0,0,2,1.125757821482732,-0.5694831287102642
0,0,0,0,1.135739586905164,1,2,1,0,0,2,0,2,2,1,1,0,1.2212876415056648,1.6520287357639636
0,0,1,0,-0.5308991197705891,1,0,1,2,0,0,1,0,0,0,0,0,0.4429032927550989,-0.3942564084236114
1,0,1,0,0.6771328748826912,0,1,0,0,2,0,0,2,2,0,1,0,0.20015865838453384,0.5252852535088054
0,0,0,0,-0.8724954090516783,1,0,1,0,2,0,0,2,2,0,0,2,1.005131470656884,-0.5141090383971927
1,0,0,0,0.7961516920078864,0,1,0,0,2,2,1,2,2,1,1,2,-0.16915918593251267,0.3563471015652413
1,0,0,0,0.026645614778726345,1,2,1,0,2,0,0,0,0,0,1,2,0.509592343007722,0.13708584135116514
0,0,0,0,-1.2191891094799985,1,2,1,0,0,2,0,0,2,0,0,2,0.8378568511799086,-0.9119170907158487
0,0,1,0,0.9116283799526924,1,2,1,0,2,0,0,2,2,1,0,1,1.2059029385630078,1.4051319877493762
1,0,0,0,-0.9916005950220124,1,2,1,0,0,2,0,2,0,0,1,2,0.8964836960506235,-0.6898190888846805
0,0,1,0,-1.0843627521759451,1,0,1,0,0,0,0,2,2,0,0,2,0.8000621066995578,-0.7688214134375397
1,0,0,0,-0.9811543919177736,1,2,1,0,0,0,0,0,2,0,0,0,0.6574638272811464,-0.7015414540789712
0,0,1,0,-1.2347326714628704,1,0,2,1,1,1,1,1,1,0,1,1,-1.4757392458941103,-0.9897172138751137
0,0,0,0,-0.05824918741740723,1,0,0,2,2,0,0,0,0,0,1,0,0.15670631364111864,-0.06920306502835417
0,0,0,0,-0.9222611036710678,1,0,1,0,0,2,0,2,2,0,1,2,1.0370990937001268,-0.6240537569686688
0,0,0,0,-0.9472873986379755,1,2,1,2,2,2,0,0,0,0,0,0,0.9064862740365267,-0.6178897601190289
1,0,1,0,-1.1182501699744514,1,2,1,0,0,2,0,0,0,0,1,0,0.5178817506118598,-0.8529184479951182
0,0,0,0,-1.2774445836787656,1,0,0,0,0,0,0,0,0,0,0,2,-0.6439634278415667,-0.9857562271258432
1,0,0,0,1.4100994218432374,1,2,1,2,2,2,2,2,2,1,0,0,1.7429434213758455,2.4250764431307474
0,0,0,0,-0.9781561894883601,1,0,0,0,0,0,0,2,2,0,1,0,0.7696820339986198,-0.6799979763957031
0,0,1,0,-0.6134370182646516,1,2,1,0,0,0,0,2,0,0,1,2,0.6657665539954163,-0.3578113265759242
0,1,0,0,-1.2452547373316458,0,1,0,0,0,0,0,0,0,0,1,3,-1.3310937371669063,-0.986838477385034
0,1,0,0,-1.2774445836787656,1,0,1,0,0,0,0,0,0,0,1,2,0.15955875580539908,-0.9750900548401468
0,0,0,0,-0.386440239608497,1,2,1,0,0,2,0,2,0,0,0,2,0.7870626505695684,-0.12763532474586736
1,0,0,0,0.1758973332258155,1,2,1,0,2,2,0,2,2,0,1,1,1.3317384784370194,0.6465680636814681
0,0,0,0,-1.2774445836787656,1,0,1,0,2,0,0,0,0,0,1,2,0.32010616763922295,-0.9729589047742334
1,0,0,0,-1.200561108823587,1,0,0,0,0,2,0,0,0,0,1,2,-0.4856333339674735,-0.9345080712850483
0,0,1,0,-1.2350314017190098,1,0,2,1,1,1,1,1,1,0,0,0,-1.4883696472854349,-0.9880306519643056
0,1,1,0,-0.3882779972618079,1,2,1,1,0,0,2,2,2,0,0,0,1.2441253803505956,0.0488679832551647
0,0,1,0,-0.26717749944287533,1,2,1,0,0,0,0,2,0,0,1,2,0.6318525329745903,-0.09807394468694397
1,0,0,0,0.17691184653118952,1,0,1,0,0,0,0,2,2,0,1,2,0.835109252540846,0.46085559427840184
1,0,0,0,-1.2718881891650586,1,0,0,0,0,0,0,0,0,0,0,2,-0.6382206468791081,-0.9834585973537074
1,1,0,0,-1.2774445836787656,1,2,1,0,0,0,0,0,0,0,1,2,0.3056629269523805,-0.9731506282843801
0,0,0,0,0.02036923622191847,1,0,0,0,0,0,0,2,2,0,1,2,0.3245706120238671,0.031631126816851506
0,1,0,0,-1.2658073733525486,1,0,1,0,0,1,0,0,0,0,1,0,0.30180930307857706,-0.9674334931794377
0,0,0,0,0.5453840111239832,1,2,1,0,2,2,0,2,2,0,1,0,1.3799755236782896,1.1123528453418174
0,1,1,0,-0.46495901585471194,1,2,1,0,0,0,0,2,2,0,1,2,0.9821255411599901,-0.1293916989684603
0,0,0,0,-0.5112766111637439,1,0,1,0,0,0,0,1,2,0,1,0,0.6890935800104544,-0.2459592285139172
0,0,0,0,-1.0187310514836068,1,2,1,0,0,2,0,0,0,0,1,2,0.5061221996050096,-0.7566947222813158
1,0,0,0,-0.26193556464383494,1,2,1,0,0,0,0,2,2,0,1,1,0.9835482561111205,0.0882006183364638
0,0,0,0,1.1204308448345297,1,1,1,0,0,2,0,2,2,1,1,2,1.1073209749681359,1.6468270814696098
1,0,1,0,0.49302191530949113,1,2,1,0,2,2,0,2,2,0,1,2,1.2766940661081456,0.992964606246689
0,0,0,0,-1.2766602827439963,1,0,1,0,0,0,0,2,0,0,1,2,0.49489091073264796,-0.9699186036920936
0,0,0,0,-0.838591150697401,1,2,1,2,0,0,0,2,2,0,0,2,1.1584272544548841,-0.4692690872612275
0,0,0,0,-1.2086302510521183,1,0,1,0,2,2,2,0,2,0,1,0,1.0258065099894502,-0.896792355518828
1,0,0,0,-1.2774445836787656,1,0,1,0,0,0,0,2,0,0,1,2,0.4868076180766234,-0.9707460643239914
0,0,0,0,-1.1840273536498114,1,0,1,0,0,0,0,0,2,0,1,2,0.5007898086586714,-0.8864275946614771
0,0,1,0,-0.6223392115609673,1,2,1,0,0,0,0,0,2,0,1,2,0.6849658820536104,-0.36508432287080317
1,1,0,0,-0.650505561949557,1,2,1,0,0,0,0,2,2,0,1,2,1.0192884522860044,-0.30813522469592486
1,0,0,0,-0.9479092537846563,1,0,0,2,0,0,0,0,0,0,0,2,0.2473134074130485,-0.714874604424094
0,1,0,0,-0.8134937953662342,1,2,1,0,2,0,0,0,0,0,1,2,0.47374590821522633,-0.5774427975644288
0,0,0,0,0.34922016885372564,1,2,1,0,0,2,0,0,0,0,1,2,0.4791141702380818,0.4687630517999619
0,0,0,0,-0.9608131815359442,0,1,0,0,0,0,0,0,2,0,1,2,-0.9991286070188055,-0.87834127250521
0,0,1,0,0.7165792571789285,1,2,1,0,2,2,0,2,2,0,1,2,1.3367101613230996,1.3713217070713575
1,1,0,0,-1.2749012877495192,0,1,0,0,0,0,0,0,0,0,1,2,-1.3195429249929802,-0.994088905448531
0,0,0,0,-1.1552834925186746,1,0,0,0,0,0,0,0,0,0,0,3,-0.6249180903322455,-0.9204979247249423
0,0,1,0,0.3401121374809444,1,0,1,0,0,2,0,0,2,0,1,2,0.8092625515754477,0.5968969290916377
0,1,0,0,-1.1760684891254471,1,0,1,0,0,0,0,2,0,0,1,2,0.4945334346773326,-0.8920835691893958
0,0,0,0,-0.9055470265787701,1,0,1,0,0,2,0,2,2,0,1,2,1.0301676584010981,-0.6032935473731151
1,0,0,0,-1.2337264929286638,0,1,0,0,0,0,0,0,0,0,0,2,-1.3205894510306433,-0.9805749016408635
1,0,1,0,0.338136921714979,1,2,0,0,0,2,0,2,2,0,1,2,0.29162922046865664,0.3131588483070853
0,0,0,0,1.020985530940735,1,0,0,0,0,2,2,0,0,2,0,1,-0.17250305305485966,0.5633751175116212
1,0,0,0,-1.2240081479447593,1,0,1,0,0,0,0,2,0,0,1,2,0.4966054700737912,-0.9285741020031104
1,0,0,0,0.14776814652229667,1,2,1,0,0,0,0,0,2,0,1,2,0.6657126043850758,0.34198009056061335
1,0,0,0,-1.2367242199587352,1,0,0,0,0,0,0,0,0,0,1,2,-0.6564115721303658,-0.9629744335356926
0,1,0,0,-1.1960038562387048,1,0,1,0,0,0,0,2,0,0,1,2,0.5175198121853576,-0.9047472095057989
0,1,0,0,0.4089199352800096,1,2,1,0,0,2,0,0,2,0,0,1,0.84169515494618,0.7160061669585701
0,0,1,0,-0.8357220153203865,1,0,0,1,2,0,0,2,0,0,1,2,0.23866923110982502,-0.6328863765087749
0,0,1,0,-0.9259846627122292,1,2,1,0,0,2,0,2,2,0,0,2,1.1652848320300264,-0.5973690463305383
0,0,0,0,0.3706503832104052,1,2,0,2,2,0,0,0,0,0,0,1,-0.17351694473175577,0.08221911992071393
0,1,0,0,-0.4607195414873895,0,1,0,0,2,0,0,2,0,0,1,2,-0.8541131717432712,-0.616828323408476
0,0,0,0,-1.1942711240969281,1,2,0,0,0,0,0,0,0,0,0,3,-0.46936892773738037,-0.9379906997689562
0,1,0,0,-0.6579771392325154,0,1,0,0,2,0,0,2,0,0,1,2,-0.8561256911208398,-0.7020972900045069
0,0,0,0,-1.2368129555079634,0,1,0,0,0,0,0,2,2,0,1,2,-0.6484858186882629,-0.9680973424996161
0,0,1,0,1.0016552836941852,1,2,1,0,2,0,0,2,2,0,0,1,1.1897419755363696,1.5318806572236645
0,1,0,0,-0.6584659439892557,1,2,1,0,0,0,0,0,0,0,1,0,0.3148312199268793,-0.46324210917748276
0,0,0,0,0.8996520406246512,1,2,1,2,2,0,0,0,2,0,1,0,0.9547586569504564,1.2258343160663319
0,0,0,0,-1.1471225661316917,1,2,1,0,0,0,0,2,0,0,1,2,0.6940284343811212,-0.85609088085492
0,0,0,0,-0.6251238679374702,1,2,0,0,0,0,2,2,0,0,1,2,0.6088180371758678,-0.3387267659001376
0,0,1,0,-1.0541763172023462,1,2,1,0,0,0,0,0,0,0,1,1,0.34664325617141645,-0.7981189130057988
0,1,0,0,0.5251102503870496,1,2,1,0,0,0,2,2,2,0,1,1,1.1605348620505676,1.0009605533263335
1,0,0,0,-0.9516797197932992,1,0,0,0,0,0,0,0,0,0,1,2,-0.6394682106983944,-0.8446149238300048
0,0,0,0,-0.8730326713006173,1,2,1,0,2,0,0,2,0,0,1,2,0.834357167122015,-0.5847294731298377
0,0,0,0,-1.268035035318776,1,2,1,0,0,2,0,2,0,0,1,2,0.818903925390953,-0.9559187112536389
0,0,0,0,-1.2774445836787656,1,0,1,0,0,0,0,0,2,0,1,2,0.5526654270298988,-0.9698718498331532
1,0,0,0,-1.085991595943993,1,0,1,0,0,2,0,2,2,0,1,2,0.9886621473860465,-0.7610350562145702
1,0,0,0,-0.28453203074913236,1,2,1,0,0,0,0,0,2,0,1,2,0.6436305257994954,-0.03713048198228877
1,0,0,0,-1.0016540393422355,1,2,1,0,2,0,0,2,2,0,1,1,1.1600363065306298,-0.6667919319674429
1,0,1,0,-0.9264255606574406,1,2,1,0,0,1,0,0,0,0,1,0,0.4686593788632494,-0.6896959611491882
1,0,1,0,0.9712438225494668,1,2,1,2,0,2,2,2,2,1,0,0,1.4943240472042028,1.6975417803657664
0,1,0,0,1.2942621489840387,1,0,0,2,2,0,2,2,0,2,0,1,0.20449015048082106,0.9942367170812922
0,0,0,0,-1.2533195204139393,1,0,1,0,2,2,0,0,0,0,0,0,0.5317058900239371,-0.9478541968153807
0,0,0,0,-1.2774445836787656,1,0,0,0,0,0,0,0,0,0,1,2,-0.6468276429835875,-0.9857942474976384
0,0,1,0,-0.5498539264432055,1,2,1,0,0,0,0,0,2,0,1,2,0.6317196747388819,-0.35952805293439666
0,0,1,0,0.9015751582004404,1,2,1,2,2,0,0,0,2,0,1,0,1.066015847814748,1.3310566668474428
1,0,0,0,-1.0964421798536848,1,0,0,0,0,0,0,0,0,0,0,2,-0.6630783906018637,-0.8972915073814554
1,0,1,0,-0.7681526438408665,1,2,1,0,0,0,0,0,0,0,1,0,0.33902464582959146,-0.5265614580611524
0,0,0,0,-1.2774445836787656,1,0,1,0,0,0,0,0,0,0,1,3,0.1995587126413102,-0.9745590845200794
0,0,0,1,-1.239668973134189,1,0,1,0,0,0,0,2,0,0,1,2,0.5249382782910599,-0.9442507466190977
0,0,0,0,-1.2385519450433153,1,0,1,0,0,0,0,2,0,0,1,2,0.49800131130312,-0.9348854775653834
0,0,0,0,0.31354256386791374,1,2,1,0,0,0,0,2,0,0,1,0,0.6900395088271181,0.483099772180382
0,0,1,0,-0.7240367236235302,1,0,2,1,1,1,1,1,1,0,0,0,-1.4876897075169122,-0.870816237923313
1,0,0,0,-0.8953120518908837,1,2,1,0,0,0,0,0,0,0,1,3,0.31675520525872325,-0.6368084799985929
1,0,1,0,1.5322096721575562,1,2,1,0,2,2,2,2,2,2,1,0,1.4536796155991654,2.304996790478463
1,0,1,0,-0.5204924765324871,1,2,1,0,0,0,0,2,2,0,1,2,0.991066822535282,-0.18687862664014687
1,0,1,0,1.0715754164302898,1,0,1,2,2,2,2,2,2,1,0,0,1.4927948761636138,1.874015491038064
1,0,1,0,1.0579326985481003,1,0,0,2,2,2,0,0,0,1,0,1,-0.09912740161205857,0.6153858613458388
1,1,0,0,-0.9139298994505312,1,2,1,0,0,0,0,0,2,0,1,2,0.7236017385115251,-0.631383245831797
1,0,0,0,0.5294865554657391,1,2,1,0,2,2,0,2,2,0,1,0,1.3048631510108604,1.0385066460874584
1,0,0,0,-1.217322902075267,1,0,0,0,0,0,0,0,0,0,0,2,-0.6522254844126384,-0.9563972149176488
0,0,0,0,-0.6591906479202763,1,0,0,0,0,0,2,2,0,0,0,2,0.030884501531257297,-0.49726279232052134
0,0,1,0,1.3158735993782822,1,2,1,0,2,2,0,2,2,0,1,2,1.3872927824573722,2.0978571718592995
0,0,0,0,-1.1494085169553507,1,2,2,1,1,1,1,1,1,0,0,3,-1.3527647962665197,-0.9617161675747792
1,0,1,0,-0.8904139622594598,1,2,1,0,2,0,0,0,0,0,1,0,0.5331917854360265,-0.6264751452796291
0,0,0,0,0.6142659122789045,1,0,1,2,2,0,2,2,2,0,1,1,1.4050252718863478,1.2103263404818914
0,1,1,0,-1.0292992072161096,1,2,1,0,0,0,0,0,2,0,1,2,0.6559667331417661,-0.7217862361347671
0,0,0,0,0.20744086375925477,1,2,1,0,0,2,0,0,2,0,1,0,0.8715795698008151,0.519154503595804
0,0,1,0,-1.1495265256001495,1,0,1,0,0,0,0,0,0,0,1,2,0.1400723935404807,-0.8741994892272109
0,0,0,0,0.7755864487464225,1,0,1,0,2,0,0,2,2,1,0,0,0.9875839063894708,1.09762574596079
1,0,1,0,1.5405015088000669,1,2,1,0,2,2,0,2,2,1,0,2,1.2925448528938484,2.1942786791386775
0,0,0,0,-0.7142066646789103,1,0,2,1,1,1,1,1,1,0,0,0,-1.4958312644697296,-0.8760970777275227
1,0,0,0,-0.17728356253096922,1,0,1,0,0,0,0,2,2,0,1,2,0.8491046021163783,0.10894144790990819
0,1,0,0,-1.2251444955372113,1,0,0,0,0,0,0,0,0,0,0,2,-0.6449061375526425,-0.9625080493191891
1,1,1,0,-0.6884132071725969,1,2,1,0,0,0,0,2,2,0,1,2,1.0051139774176765,-0.35803349273877527
0,0,0,0,-1.2774445836787656,1,0,2,1,1,1,1,1,1,0,0,3,-1.4926546727858352,-0.9970219858319087
0,0,0,0,-1.241258062707251,1,0,1,0,0,0,0,0,2,0,0,2,0.5236153378649446,-0.9394022516617634
0,1,0,0,0.042576588091081446,1,0,1,0,0,0,0,0,0,0,0,0,0.2049201931038695,0.028045714341567773
1,0,0,0,-1.200128850092023,1,0,0,2,0,0,0,0,0,0,1,2,-0.513305495810423,-0.9470917711434623
0,0,0,0,-1.2058747018490077,1,0,1,0,0,2,0,0,0,0,1,0,0.3405146736365362,-0.908819185645198
0,0,1,0,1.343937631984017,1,2,1,0,2,2,0,2,2,0,1,1,1.3159404290913648,2.014837440535623
0,0,1,0,-0.26235822761384886,1,2,1,0,1,2,0,0,2,0,1,2,0.9554459463279042,0.044502934799683945
1,0,0,0,-0.36867263964784086,1,2,1,0,2,2,0,2,2,0,1,2,1.3654283899807784,0.09815235125295567
0,1,1,0,-1.2774445836787656,1,2,1,0,0,0,0,0,0,0,1,2,0.321597966772669,-0.9729391022262804
0,0,0,0,1.072688559237506,1,1,1,2,2,2,0,2,2,1,1,2,1.473346969598633,1.80085228265529
0,0,0,0,-1.1001102333579933,1,2,1,0,0,0,0,2,0,0,1,2,0.6869540529534602,-0.7878738536625837
0,0,0,0,-1.2774445836787656,1,0,1,0,0,0,0,0,0,0,1,2,0.16406351073772138,-0.9750302574964135
0,0,0,0,-0.8220886042679116,1,2,1,0,0,0,0,2,0,0,1,2,0.6792863631489789,-0.5332712540581622
1,1,1,0,1.2211085076454875,1,2,1,0,0,0,0,2,2,0,1,0,1.0656523931375934,1.7283020187718805
0,0,0,0,-0.39323786813137607,1,0,1,0,2,2,0,2,2,0,1,1,1.1571729201098633,0.005488413668753717
0,0,0,0,-0.9027044744919461,1,2,1,0,2,0,0,2,0,0,1,2,0.8846389008225968,-0.5951687391522482
0,0,0,0,-0.7009754251109446,1,2,1,0,0,0,2,2,2,0,0,2,1.1226774470758976,-0.3228250460773334
0,1,0,0,-0.9905181474514353,1,2,1,0,0,0,0,0,0,0,1,3,0.32200000811326246,-0.7350633646172501
1,0,0,0,-1.178434981439055,1,0,1,0,0,2,2,0,0,0,1,2,0.519314951610917,-0.8858832981316684
1,0,0,0,-1.2774445836787656,1,0,1,0,0,0,0,0,0,0,1,2,0.16933707967014894,-0.9749602547062747
0,0,1,0,-0.9607482183975874,1,2,0,0,0,2,2,2,1,0,0,0,0.8613206986067692,-0.633657914800653
1,0,1,0,-1.1530710722990365,1,2,1,0,1,2,0,0,0,0,1,0,0.6571436835244509,-0.8423738779995326
0,0,0,0,-0.3112737768333673,1,0,0,2,2,2,0,0,2,0,1,0,0.3936000117689912,-0.21760842743926304
0,0,1,0,0.4146406500226698,1,0,1,0,0,2,0,0,2,0,1,2,0.7723299703710514,0.6500259503235859
1,0,0,0,-1.2774445836787656,1,0,1,1,0,0,0,0,2,0,1,3,0.6593280117146754,-0.9684559816370546
1,0,0,0,-1.1978165866292283,1,0,0,0,0,0,2,0,0,0,1,2,-0.06363168424008375,-0.9418829624701365
1,1,0,0,-1.0369380548710265,1,0,1,0,0,0,0,2,2,0,1,2,0.8222009051632655,-0.71134473477235
0,0,0,0,-1.1552834925186746,1,0,0,0,0,0,0,0,0,0,1,3,-0.6299876133793973,-0.9199586523404766
0,1,0,0,-1.2128601719400869,1,2,1,0,0,2,0,0,2,0,1,2,0.7935484357248545,-0.9017214852376315
0,0,0,0,-1.1222213613803846,1,0,1,0,0,0,0,2,0,0,1,1,0.5370909795062053,-0.8401206921804824
1,0,0,0,-0.927773860128752,0,1,0,0,2,0,0,0,0,0,1,2,-1.1646270988640757,-0.8799823060990762
0,0,0,0,-1.2765112918385262,1,0,1,0,0,2,0,2,0,0,1,2,0.687696915126048,-0.9672353302819525
0,0,1,0,-1.176937006391899,1,2,1,0,0,2,0,2,2,0,1,2,1.1871025769001722,-0.8571891432451181
1,0,1,0,-0.4374916654320386,1,2,1,2,0,0,0,2,2,0,1,1,1.152528405782883,-0.06973503204097281
1,0,0,0,-1.161536863901873,1,0,0,0,0,0,0,0,0,0,1,2,-0.6362462175545491,-0.9358335335065862
1,1,1,0,0.7985233787393071,1,2,1,0,2,2,0,2,2,0,1,2,1.296258128308869,1.366175218697007
0,0,1,0,-1.2513930761565806,1,0,0,0,0,0,0,0,0,0,1,1,-0.6569228167822591,-0.9757812270675466
0,0,0,0,1.1832457861503964,1,2,0,2,2,2,2,0,2,0,0,1,0.471611966683701,1.1152000019751938
0,0,0,0,-0.5119845452980831,1,0,0,2,0,0,0,0,0,0,1,1,-0.5250128542997788,-0.588323451786474
1,0,0,0,-1.2774445836787656,1,0,2,1,1,1,1,1,1,0,0,3,-1.4838526104378622,-0.9969051448592716
1,0,0,1,-1.2774445836787656,1,0,2,1,1,1,1,1,1,0,0,3,-1.4920727732236834,-0.9970142615386544
0,0,0,0,-0.6270120775541475,1,2,1,0,2,0,0,2,2,0,1,2,1.172076707925091,-0.2879826985542389
0,0,0,0,-0.9771361307536635,0,1,0,0,0,0,0,0,2,0,0,2,-0.9882169445041148,-0.8911844533623448
1,0,0,0,-0.784751334695687,1,2,1,0,2,0,0,2,2,0,1,2,1.1929001351078834,-0.4230212087806738
1,0,0,0,-0.9816555947055222,1,0,0,0,0,0,0,0,0,0,1,0,-0.6600603848229603,-0.8477543815926217
1,0,1,0,-1.255503484489932,1,2,1,0,0,0,0,0,0,0,1,0,0.3260899834179912,-0.9536978604223684
0,0,0,0,-1.1661911982638842,1,2,1,0,0,0,0,0,2,0,1,2,0.7013940779354165,-0.8492289366046559
1,0,0,0,-1.0023472208544764,1,2,1,0,0,0,0,0,0,0,1,0,0.2643827877589321,-0.7358426848909381
0,0,0,0,-0.363503450681044,1,2,1,2,2,0,0,0,2,0,1,1,0.9993159231981114,-0.026820399162119174
1,0,1,0,-0.7688945070143893,1,2,1,0,0,0,0,0,2,0,1,2,0.6603339642443714,-0.5240344634593486
0,0,0,0,-0.2554048952135972,0,1,0,0,2,0,0,0,2,0,1,0,-0.8080577233371119,-0.5264690185676573
0,0,1,0,0.577519255863601,1,2,1,0,0,2,2,2,2,1,1,2,1.3886448232447433,1.1524787088735797
1,0,0,0,-0.8295205827584317,1,0,0,1,0,0,2,0,0,0,0,0,0.5302724926640566,-0.6240418413883534
0,0,1,0,0.3649667461183853,1,2,1,0,0,2,2,2,2,1,1,2,1.2850584912695975,0.8766889200085203
1,1,1,0,-0.25802206314429743,1,0,1,0,0,0,0,0,2,0,0,2,0.4759111529798278,-0.101821912295335
1,0,0,0,-0.19182017782859817,1,0,1,0,0,2,0,2,0,0,1,2,0.6560029771106444,0.04131455728920552
0,0,1,0,-0.3056860861594881,0,1,0,2,1,2,0,2,2,0,1,1,-0.20778001510804056,-0.34801315358155993
0,0,0,0,-1.2774445836787656,1,0,0,0,0,0,0,2,0,0,0,3,-0.3595266174068047,-0.9819805354445988
0,1,0,0,-0.7093640448444728,1,2,1,0,2,0,0,0,0,0,1,2,0.5110615189669075,-0.4712562109791283
0,1,0,0,0.520947190695175,1,2,1,0,0,2,0,2,2,0,1,2,1.1338189248638875,1.015216292099266
0,0,0,0,-0.9387517318486401,1,0,0,2,0,0,2,0,0,0,0,3,-0.2849540941983848,-0.7826452702185626
0,0,0,0,-1.273154085721378,0,1,0,0,0,0,0,0,2,0,1,2,-0.9768280786921018,-0.9888940957809799
1,0,0,0,-0.6414693156428677,1,2,1,0,0,0,2,1,0,0,1,2,0.7686323972279301,-0.39825879806747094
0,0,0,0,-1.224984602501818,1,0,1,0,0,2,0,2,0,0,1,2,0.717567814979234,-0.9295733289687566
0,0,1,0,1.5008660817893618,1,2,1,0,2,2,2,2,2,1,0,2,1.4882809865340823,2.3422300268151783
0,0,0,0,1.3856466537127863,0,1,0,0,0,0,0,2,2,0,1,2,-0.5820747229439183,0.3967847992045032
0,0,0,0,-0.05407454485160277,1,2,1,0,0,0,0,2,0,0,1,1,0.7232934029090461,0.18295569913461818
1,0,0,0,1.430508608100925,1,2,1,0,2,0,2,2,2,1,1,0,1.3165941788082791,2.1069013290141667
0,0,0,0,0.0949054830893661,1,2,1,0,0,0,0,0,2,0,1,2,0.6470232337641995,0.2883575695276992
0,0,1,0,1.2595850469079755,0,1,0,0,2,2,0,2,2,1,1,2,-0.25595229810015063,0.5792627398540396
0,0,0,0,-1.1789922952460627,1,0,1,0,2,0,2,2,2,0,1,2,1.110060818294632,-0.8528745748706037
0,0,0,0,-1.200325162830068,1,0,2,1,1,1,1,1,1,0,0,3,-1.4693244648911714,-0.9807951270240591
1,0,0,0,-1.2774445836787656,0,0,0,0,2,0,0,0,0,0,0,3,-0.7062334239023788,-0.986582816011292
0,0,0,0,-0.6129133014780939,1,2,1,0,2,0,0,2,0,0,1,1,0.8402109298127856,-0.35669684497895054
1,0,0,0,-1.1960038562387048,1,0,0,0,0,0,0,2,0,0,0,1,-0.36757388809724456,-0.9245026119149778
1,0,0,0,-1.0704824327280218,0,1,0,0,1,0,0,2,2,0,1,2,-0.5824160243488965,-0.8770803062851049
0,0,0,0,-1.22675828587976,1,0,1,0,2,0,0,2,0,0,0,2,0.6449415031861235,-0.921850813343345
0,0,0,0,-1.2774445836787656,1,0,2,1,1,1,1,1,1,0,0,3,-1.4860466942118216,-0.996934269724793
0,0,0,0,1.009086248307711,1,0,1,2,2,0,2,2,2,1,1,1,1.3532713630481223,1.6794085913842534
1,0,0,0,0.930556727445052,1,2,1,2,0,2,2,2,2,1,1,1,1.499901322729165,1.6629049657601875
0,0,1,0,0.8072385027251869,1,2,1,0,0,2,2,2,2,0,1,0,1.333054603256507,1.4123130319406834
0,0,0,0,-1.2432841551301412,1,0,0,0,0,0,0,2,0,0,1,0,-0.2244631278984358,-0.948506284059663
0,1,0,0,-0.8662066617784232,1,2,1,2,2,0,0,0,2,0,1,1,0.9971788964613577,-0.535199762116298
1,0,0,0,-1.2774445836787656,1,0,2,1,1,1,1,1,1,0,1,3,-1.4398232396612034,-0.9963206870012405
0,0,0,0,-0.8862134227287412,1,2,1,0,0,2,0,2,2,0,1,2,1.1941497211609573,-0.519389271974776
0,0,0,0,-0.7434338423197029,1,0,1,1,0,2,2,0,2,0,1,2,0.9804844040647159,-0.41945846409902066
1,1,0,0,-1.2774445836787656,1,2,1,0,0,0,0,0,0,0,1,2,0.31693316653448395,-0.9730010240549883
0,0,0,0,-0.8962756841436426,1,0,1,0,0,0,0,2,2,0,1,0,0.8151791421481913,-0.6028894446150559
1,0,0,0,-1.164070636492129,1,2,1,0,0,0,0,0,0,0,1,2,0.39249231728413536,-0.8808412549995427
1,0,1,0,-0.5059206560041273,1,2,1,0,0,0,0,0,2,0,1,2,0.6429814047618828,-0.3023091809938543
0,1,1,0,0.36849978358524776,0,1,0,0,2,0,0,1,0,0,1,2,-0.9518919672649855,-0.3269007877981124
1,0,0,0,-1.0653021499085156,1,0,0,0,0,2,0,0,0,0,0,2,-0.5121567441932144,-0.8736228213790548
0,0,0,0,-1.2540879436284997,1,0,1,2,0,0,0,2,2,0,1,1,1.0573483911735204,-0.9393346332760217
0,0,0,0,-1.041713834186871,1,2,1,0,2,0,0,2,0,0,1,1,0.8827333497456041,-0.7424473723793813
0,0,0,0,-1.2774445836787656,1,0,0,0,0,0,2,0,0,0,1,2,-0.3724449025655235,-0.9821520162797803
0,0,0,0,-1.1262665521033497,1,0,1,0,0,0,0,0,2,0,1,2,0.4983399962428694,-0.8358695992713163
0,0,0,0,-0.46303730927815856,1,2,1,0,0,0,0,2,2,0,1,2,1.0452095238176555,-0.094342163228028
0,0,0,0,-0.22682456644256624,1,2,2,1,1,1,1,1,1,2,0,1,-1.3290539137982567,-0.6841613269053074
0,0,0,0,-1.2774445836787656,1,0,1,0,0,0,0,2,0,0,1,2,0.512544732213524,-0.9704044228620533
1,0,0,0,-1.2774445836787656,1,0,2,1,1,1,1,1,1,0,0,3,-1.4770797594029759,-0.9968152401902112
1,0,0,0,-0.21641521817485992,1,0,0,0,2,0,0,0,0,0,1,0,-0.2687672211712018,-0.34403282929410917
0,0,0,0,-1.1898290846303292,0,1,0,0,0,0,0,2,2,0,1,2,-0.6476692445817647,-0.9438666755542319
0,1,0,0,0.44298213477777043,1,2,1,0,0,2,2,2,2,1,1,2,1.4213526819183746,1.006864716507202
0,0,0,0,-1.2774445836787656,1,0,1,0,0,0,0,0,2,0,0,1,0.505775069956426,-0.970494285202409
1,0,0,0,-0.7446489007194141,1,2,1,2,2,0,0,0,2,0,1,1,0.9927853939099812,-0.41319641135445584
0,1,0,0,-1.2742964710355207,1,0,1,0,0,0,0,2,2,0,1,2,0.8156821915589176,-0.9630703042705416
0,0,0,0,-1.216672666367822,1,0,1,0,0,2,0,0,0,0,1,2,0.3344760807262635,-0.9252486724956407
0,0,0,0,-1.2774445836787656,1,0,2,1,1,1,1,1,1,0,1,3,-1.480649363598186,-0.9968626240883943
0,0,0,0,-1.2774445836787656,1,0,1,0,0,0,0,0,0,0,1,2,0.1930803068666258,-0.9746450806425709
0,0,0,0,0.5463036707731382,1,2,1,0,2,2,0,0,0,0,1,0,0.6739115832354904,0.7263801242553735
1,0,0,0,-0.6741978889838731,0,0,0,0,0,2,0,2,0,0,1,2,-0.06611813546456535,-0.6055830926841678
0,0,1,0,1.2821731375617162,1,2,1,0,0,0,0,2,2,0,1,0,0.9647588172734061,1.6342190136390984
0,0,0,0,-0.18769320177757784,1,2,1,0,2,0,0,0,2,0,1,2,0.8371900609171216,0.1426843646843041
0,0,0,0,-1.2774445836787656,1,0,1,0,0,0,0,0,0,0,1,2,0.15213871475844823,-0.9751885504856741
0,0,0,0,-0.8458701488166924,1,2,1,2,0,0,0,0,0,0,1,2,0.45238465120592547,-0.6179832707666006
1,0,0,0,-1.2774445836787656,1,2,1,0,0,0,0,2,2,0,1,2,0.9596872671726951,-0.964468931084476
0,0,1,0,0.3146353271818399,1,0,0,0,0,0,0,2,0,0,0,2,-0.048832027318171545,0.10611571961342768
1,0,0,0,-1.1097321227036616,1,0,0,0,0,0,0,0,0,0,0,0,-0.6286379954872002,-0.9099911271601894
0,0,0,0,-1.1329694353696087,0,1,0,0,2,0,0,0,0,0,0,2,-1.1982148816942302,-0.9531079072268785
1,0,1,0,1.115810155952015,1,2,1,0,2,2,0,2,0,0,1,2,1.1129443782325277,1.5789829629217995
0,0,0,0,-0.5076413815389669,1,2,1,0,2,0,0,0,0,0,1,0,0.5098538485482484,-0.30936145894421746
0,0,0,0,-1.2259802357151783,0,1,0,0,0,0,0,0,2,0,1,2,-0.998809725766645,-0.9742541844532538
0,0,0,1,-1.2062287570592312,1,0,0,2,0,0,2,0,0,0,1,2,-0.30066881186527383,-0.9427936166008813
0,0,0,0,1.5301901677678016,1,2,1,2,2,2,2,2,2,1,0,1,1.6883632687725687,2.577172329913238
0,0,0,0,-0.7452874118206124,1,2,1,0,0,2,0,2,2,0,1,0,1.2086294497069143,-0.38706287897115493
1,0,0,0,-1.2774445836787656,1,2,0,0,0,0,0,0,0,0,1,2,0.16549254304921196,-0.9750112881323482
0,0,1,0,-1.0282275192670165,1,2,1,0,0,0,0,0,2,0,1,2,0.6590813222360752,-0.7141374210782719
1,0,1,0,-0.9109613101984924,1,2,1,0,0,0,0,0,2,0,1,2,0.6933058132921195,-0.6282779030975975
0,0,0,0,0.09275301039356101,1,2,0,0,2,0,2,0,0,0,0,1,0.6670339969522575,0.26605563797265785
1,0,1,0,-1.2774445836787656,1,0,1,1,0,0,0,2,2,0,1,2,0.9635679287725061,-0.9644174181255951
1,0,1,0,-0.9756255280466257,1,0,1,0,0,0,0,0,0,0,1,2,0.17893163771235054,-0.7598722587703814
1,0,0,0,-1.2578157610398102,1,0,1,0,0,0,2,0,0,0,1,2,0.4334752092897829,-0.9560143468417581
0,0,0,1,-1.1516767449798206,1,2,1,0,0,2,1,2,2,0,1,2,1.26246231102545,-0.8099410196243992
0,0,0,0,-0.7642794313951683,1,2,0,0,0,0,2,0,2,0,1,2,0.3462226355179747,-0.5359473442301768
1,0,0,0,0.594038543498391,1,0,1,2,0,0,0,0,2,0,0,2,0.6896328034925788,0.7761706631749956
1,1,0,0,-1.2774445836787656,1,2,1,0,0,0,0,0,0,0,1,2,0.3349732951261441,-0.972761554475267
0,0,0,0,-1.1195003731418276,1,0,1,0,0,2,0,0,0,0,0,3,0.3280596823113459,-0.8388347677422545
1,0,0,0,-1.2763937720449698,1,2,1,0,0,0,0,0,0,0,1,2,0.33832845618207275,-0.9717384789311966
0,0,0,0,1.228054627045618,1,2,1,0,0,2,2,2,2,2,1,2,1.3979059411289347,1.9047950341667366
1,1,1,0,-0.8237558095044685,1,0,1,0,0,0,0,0,2,0,0,2,0.5199256665574525,-0.5816497638676884
0,0,0,0,-0.8460431790511536,1,0,1,0,0,2,0,2,2,0,1,2,1.032165934602261,-0.5499452038053941
0,0,0,0,-1.068435359220822,1,0,1,0,0,0,0,2,0,0,1,2,0.47610577693967243,-0.8016823867538092
1,0,0,0,-0.4540941451483659,1,2,1,0,2,0,0,0,0,0,1,2,0.5626657161986337,-0.20020361504984818
1,0,0,0,-1.1468963064567679,0,1,0,2,0,0,0,0,0,0,0,2,-1.1538918673594036,-0.952921414587435
0,0,0,0,-0.2985313504698861,1,2,1,0,0,0,0,0,2,0,1,2,0.6343349741898829,-0.07750158772552954
0,0,0,0,-1.1639024834170668,1,0,1,0,0,0,0,0,2,0,1,2,0.5024323995358769,-0.8682810503564885
0,1,1,0,-0.5584472149266709,1,2,1,0,0,0,2,2,2,0,0,0,1.1662536073029586,-0.16737130175753567
1,0,0,0,-0.7135872271814501,1,2,1,0,2,2,0,2,0,0,1,2,0.9766932861292301,-0.3774166180999245
0,0,1,1,-0.4390812957236019,1,2,1,0,0,2,2,2,2,0,1,2,1.3274323457674069,0.03309933229412637
0,0,1,1,-1.2774445836787656,1,0,2,1,1,1,1,1,1,0,0,2,-1.4805628273781608,-0.9968614753830436
0,0,0,0,-0.7159786121348013,1,0,1,0,0,0,0,2,2,0,0,0,0.8212935628690597,-0.4068752046589108
0,0,0,0,0.35563585837655093,0,1,0,0,0,2,0,2,2,0,1,0,-0.4954220924207765,-0.10334144291621383
0,0,0,0,-1.265667348575399,1,0,1,0,0,0,0,2,2,0,0,2,0.858156025224997,-0.9565223066191677
0,0,0,0,-1.2774445836787656,1,0,1,0,0,0,0,0,2,0,1,2,0.5425981404427913,-0.9700054857368942
0,1,0,0,-0.9970666107561533,1,0,1,0,0,2,0,2,2,0,1,2,0.9155625296658706,-0.6876853882014989
0,0,0,0,-1.2599502638110402,1,0,0,0,0,0,0,2,0,0,0,3,-0.3181488083234953,-0.971575121891104
0,1,0,0,-0.7516111653435794,1,2,1,0,0,0,0,0,0,0,1,2,0.3171875523187526,-0.5250962820056181
1,0,0,0,0.030100683667393102,1,0,1,0,0,0,2,2,2,0,0,2,1.107119503436504,0.3879485751433951
1,0,1,0,1.3286586944031769,1,2,0,2,2,2,0,0,1,1,0,1,0.27693564768233603,1.0657465657656842
0,0,0,0,-1.2398028847117168,1,0,1,0,0,0,0,2,0,0,1,2,0.4978992096714827,-0.9360354707118763
0,0,0,0,-0.9516816739185228,1,2,1,0,0,0,0,0,2,0,1,2,0.6403826032254643,-0.6627955085958461
0,0,0,0,-1.2459018271676523,1,2,1,0,0,2,0,0,0,0,0,2,0.4824924885345151,-0.9387985925407775
0,0,0,0,-0.3391794348216346,1,2,1,0,0,0,0,0,0,0,1,0,0.33145841181647623,-0.24381505224947064
1,0,0,0,-1.0096026795138409,1,2,1,0,2,2,0,1,0,0,1,2,0.9310490854315322,-0.6861695583768019
0,0,0,0,-0.15180731371992626,1,2,1,0,0,0,0,0,2,0,1,2,0.6302117756118344,0.07263506122881391
1,0,0,0,-0.5495797861518855,1,2,1,2,0,0,0,2,2,0,1,2,1.1610484756674258,-0.20285531606408636
0,0,0,0,-1.0223272374078483,1,0,1,0,0,0,0,2,2,0,0,2,0.8176560645270264,-0.6996964818427321
0,1,0,0,-1.207972606214131,1,0,1,0,0,0,0,0,0,0,1,2,0.18812711766959647,-0.9241676324633671
0,0,0,0,-1.2774445836787656,0,1,0,0,0,0,0,0,2,0,0,2,-0.9767126436365315,-0.990173230832562
0,1,0,0,-0.7996893000854,1,0,1,0,0,2,0,2,2,0,1,0,1.0151523688310276,-0.47124097372970575
0,0,0,0,-0.9018534439527294,1,2,1,0,0,2,0,2,2,0,0,0,1.1055264776450908,-0.5492469886695395
1,0,1,0,-1.1136513637519447,1,0,0,0,2,2,0,0,0,0,1,3,-0.3052622448958686,-0.8851684801442942
0,0,0,0,0.9166150449139834,1,2,1,2,2,0,0,0,2,0,1,0,0.9544125270652272,1.2454502904478433
0,0,1,0,-0.576936820673381,1,2,0,2,0,0,2,2,1,0,1,1,0.6749081111582195,-0.31620721846411715
0,0,1,0,-0.07679428288300982,1,1,1,0,0,2,0,0,2,0,1,2,0.8015346244506182,0.23373298372057827
1,0,1,0,-0.76650673726458,1,2,1,0,0,2,0,2,2,0,1,2,1.1826343143667115,-0.40198229622521287
0,0,0,0,-0.9321282557348933,1,0,1,0,0,0,0,0,0,0,1,2,0.17566212528675362,-0.7236236784293612
0,0,0,0,-1.2367242199587352,0,1,0,0,0,0,0,2,2,0,0,2,-0.6508627606518741,-0.9674964670671385
0,0,0,0,0.3281646634257599,1,0,1,0,2,0,0,0,0,0,1,1,0.3044106225449251,0.31020697377594936
1,0,0,0,0.5095722556471064,1,0,1,2,0,0,0,0,2,0,0,2,0.686259440245382,0.6967393546489852
0,0,0,0,-1.2774445836787656,1,0,2,1,1,1,1,1,1,0,0,3,-1.4577845790646555,-0.9965591107118213
0,0,1,0,-0.8330330194705686,0,1,0,0,2,0,0,0,0,0,0,2,-1.181665654396653,-0.8703750692866914
0,0,0,0,-0.38017591609895973,1,2,1,0,2,2,2,2,2,0,1,1,1.5117471845528088,0.12072889481120397
0,0,1,0,-1.1874808276406605,1,0,1,0,0,0,2,2,0,0,1,2,0.6834312253981848,-0.8742716292755173
1,0,0,0,-0.8677946281287862,1,0,0,0,0,0,2,1,0,0,1,2,-0.2122116723539686,-0.7149525043520469
0,0,1,1,-1.2774445836787656,1,0,2,1,1,1,1,1,1,0,0,3,-1.4710090501145472,-0.9967346559419047
1,0,1,0,1.0629402243133856,1,2,1,0,2,2,0,2,2,0,1,0,1.3193809438392607,1.7023402008873783
1,1,0,0,-1.2774445836787656,1,0,1,0,0,0,0,0,0,0,1,2,0.16498713499661266,-0.9750179970564741
1,1,0,0,-1.2163886157356705,1,2,1,0,0,0,0,2,2,0,1,2,0.9792256764879497,-0.9007341700644033
0,0,0,0,-1.2236782433792064,1,2,1,0,0,2,0,0,2,0,0,2,0.8257655561784603,-0.9157010738964756
1,0,1,0,1.4508197855632678,1,2,0,0,2,2,2,0,2,1,1,0,0.4535272940646084,1.4077840662808838
0,0,0,0,-1.107400882870704,1,0,0,2,2,0,0,0,0,0,0,2,-0.07427269701539169,-0.8513979144412231
0,0,0,0,-0.9909838510271293,1,0,0,0,0,0,0,2,2,0,1,0,0.7233002406649435,-0.6952441605397073
0,0,1,0,1.2206291054889327,0,1,0,0,2,2,0,2,2,1,0,2,-0.27311306727689444,0.5442154335966234
0,0,0,0,-1.2774445836787656,1,0,2,1,1,1,1,1,1,0,0,3,-1.4955620203429212,-0.9970605787551278
1,0,0,0,-1.1674364039001013,1,0,1,0,0,0,0,2,0,0,1,2,0.5213662727950263,-0.8741940002188268
1,0,0,0,1.5711932550916472,0,1,0,0,1,0,0,2,2,1,0,2,-0.5182042149954434,0.5402309504177676
0,0,0,0,-1.1552834925186746,1,0,0,0,0,0,0,0,0,0,0,3,-0.6448995455754042,-0.9193203011223801
0,0,1,0,-0.8158130937324976,1,2,1,0,2,0,0,2,2,0,1,2,1.2109957638912228,-0.4563518827020999
0,0,0,0,-0.895795271187526,1,2,1,2,0,0,2,2,0,0,1,0,1.0945919035672604,-0.501217571065131
0,0,1,0,-0.42638727400892007,1,0,1,0,0,0,0,0,0,0,1,2,0.15116644009353447,-0.322012821859195
0,0,1,1,-1.0864453072520053,0,1,0,2,0,0,0,0,0,0,0,0,-1.1132569481459025,-0.9201026395688474
0,0,0,0,0.10015515932444674,1,2,0,0,2,0,2,0,0,0,0,1,0.6668265868483401,0.27057333433589226
0,0,1,0,-0.5922255745225483,1,2,1,2,0,2,0,2,2,0,1,2,1.3087066959033746,-0.1899699982268704
0,0,0,0,-1.039076332528122,1,2,1,0,2,0,0,2,2,0,1,2,1.1569987140642894,-0.7160202143293124
1,0,0,0,0.5299327402378491,0,1,0,0,0,0,0,2,2,0,1,2,-0.6573605304231162,-0.10060706106661074
1,0,0,0,-0.9580948094299635,0,1,0,0,0,0,0,2,2,0,1,2,-0.6361758918975364,-0.822972711551338
1,1,0,0,0.8801087613186467,0,1,0,0,2,2,0,1,2,0,1,2,-0.40260564167287116,0.23593176634961527
0,0,0,0,-0.37252095072634006,1,2,1,0,0,2,0,2,2,0,1,2,1.131086198511886,0.022277319495112358
1,0,0,0,-1.2774445836787656,1,2,1,0,0,0,0,0,0,0,1,2,0.33870407093238497,-0.9727120311412278
1,0,0,0,-1.2774445836787656,1,0,2,1,1,1,1,1,1,0,0,3,-1.4867388087143907,-0.996943457041181
0,0,0,0,-1.1952360221388654,1,0,0,0,2,0,0,2,2,0,1,1,0.9917458008021943,-0.8705441293067561
0,0,0,0,-0.999142179954785,1,2,0,0,0,0,0,0,2,0,1,2,0.3095447601769362,-0.7141389781569999
0,0,0,0,-1.1251317646101198,1,2,1,0,0,0,0,0,0,0,0,2,0.3568343190901178,-0.8319354025022196
1,0,0,0,-1.0635805632723967,1,2,1,0,2,0,0,2,2,0,0,2,1.1899882443264824,-0.7212011040366575
1,0,0,0,-1.2774445836787656,1,0,1,0,0,0,0,0,0,0,0,2,0.165008666696595,-0.9750177112388249
1,0,1,0,-1.2774445836787656,1,0,1,0,0,0,0,2,2,0,0,2,0.8144546212195092,-0.9663967887774814
1,0,0,0,-1.1082830677916107,1,0,0,0,0,0,0,0,0,0,1,0,-0.6497092980045424,-0.9069399650658138
0,0,0,0,-0.9539810099176342,1,0,0,0,0,2,2,2,2,0,1,3,0.2874060315012481,-0.7192548222802665
1,0,0,0,-1.2774445836787656,1,0,0,0,0,2,0,0,0,0,0,3,-0.46544518379677013,-0.9833865273392367
0,0,0,0,-0.9263448670123798,1,0,0,0,0,0,0,0,0,0,1,0,-0.6751152214615196,-0.817255474995286
0,0,0,0,0.43334466962230045,1,2,1,2,0,2,0,1,2,0,0,2,1.3094150703602598,0.961292005237478
1,1,1,0,0.5687267334259141,1,2,1,0,0,2,0,2,2,0,1,2,1.210401832748065,1.0810417872039988
1,0,0,0,-1.2774445836787656,1,0,1,0,0,0,0,2,0,0,1,2,0.47176047772725094,-0.9709458041627163
1,0,0,0,-0.2841648940082159,1,2,1,0,2,2,0,2,2,0,1,2,1.3727549741037803,0.1946153659658248
0,0,1,0,1.5517281811998085,1,2,1,2,2,0,0,2,2,0,1,1,1.3392863121492888,2.2991789259417583
0,1,1,0,-0.4863742340720048,1,2,1,0,0,0,2,2,2,0,0,0,1.1753716264597236,-0.09116215598831806
1,0,0,0,-1.243307539645444,1,0,2,1,1,1,1,1,1,0,0,3,-1.4771390064974874,-0.9920633739359155
0,0,0,0,0.4428238776908237,1,0,0,2,2,0,0,0,0,0,1,1,-0.21177117329623266,0.13100858571203608
1,1,0,0,-0.06499707200941524,1,2,1,0,0,2,0,2,2,0,1,2,1.1349233681169235,0.29940173399178827
0,0,0,0,-0.14777940036960535,1,2,1,0,0,2,2,2,2,0,1,2,1.2882554063163847,0.3080239253320292
1,0,1,0,-1.251358500400081,1,0,1,0,0,2,0,0,0,0,0,2,0.3844211926802065,-0.9507949824976395
1,1,1,0,-0.381572325182439,1,2,1,0,0,0,0,2,2,0,1,2,0.9889343175324896,-0.0567807113817467
0,0,0,0,0.7860435805527011,1,2,1,2,2,0,2,2,2,1,1,1,1.5364306339574854,1.578235484060494
1,0,0,0,-1.2774445836787656,1,0,0,0,0,0,0,0,0,0,0,2,-0.6383761292899401,-0.9856820598033023
0,0,1,0,0.882988883282144,1,2,1,0,2,2,0,2,2,0,1,2,1.342814869357474,1.5419631833404215
0,0,0,0,-1.0327626498244604,1,0,1,0,2,0,0,2,2,0,1,2,1.0066567018189825,-0.6904453510438191
0,0,0,0,-1.2367242199587352,1,0,0,2,2,0,0,0,0,0,0,3,-0.3298266744148817,-0.9597874818221559
1,0,0,0,-0.9946103361288392,1,0,1,2,0,0,0,0,0,0,0,2,0.3404900565263186,-0.7283026109362332
0,0,0,0,-1.2774445836787656,1,0,1,0,0,0,0,0,0,0,1,2,0.1720838764637838,-0.9749237929776117
0,0,0,0,-1.1960038562387048,1,2,1,0,0,0,0,0,0,0,1,1,0.3411503596019312,-0.8877420114680543
0,0,0,0,-1.2774445836787656,1,0,2,1,1,1,1,1,1,0,1,3,-1.5092489545708716,-0.9972422628473775
0,0,0,0,-1.2178892093651852,1,2,1,0,0,2,0,2,2,0,1,2,1.1719834900720933,-0.8949481365689063
0,0,0,0,0.05273608604642896,1,2,1,0,0,0,0,0,2,0,1,2,0.6281331345832004,0.23957488680271846
1,1,1,0,0.7121540114436629,1,2,1,0,0,2,0,2,2,0,1,2,1.1798249049039273,1.2197044630777056
0,0,0,0,-0.6434825388232329,1,2,1,0,0,2,0,0,2,0,0,2,0.8382973169484417,-0.32966467144741163
1,0,0,0,1.0021841610650573,1,0,0,2,1,0,2,2,2,1,1,0,1.0748990791946078,1.3855132844663842
0,0,0,0,-0.8663562532076401,1,0,1,0,0,0,0,1,2,0,0,0,0.7920681511410806,-0.547778178451426
0,0,0,0,-1.259987681456686,0,1,0,0,0,0,0,0,2,0,1,0,-0.9886854130738226,-0.9851214635911774
0,0,0,0,-1.1900648393123923,1,0,1,1,0,2,0,2,2,0,1,1,1.1335311806541946,-0.8731212981759375
0,0,0,0,-0.8717972668403858,1,0,1,0,0,0,0,0,2,0,0,0,0.48040536260205646,-0.6110472240483293
0,0,0,0,-1.2774445836787656,1,0,2,1,1,1,1,1,1,0,0,3,-1.4792402299869991,-0.9968439188650957
0,0,0,0,0.18577964455010612,1,2,1,0,0,2,0,2,2,0,1,0,1.1436912652383655,0.6165113960578381
0,0,0,0,0.9386484213516637,1,2,1,2,0,2,0,2,2,1,1,0,1.3166409847147993,1.5308893743995569
0,0,0,0,-0.3732763223012622,1,0,0,2,0,0,0,0,0,0,1,0,-0.5154917536317025,-0.49911784615270977
0,1,1,0,0.9916659544205579,1,2,1,0,0,2,0,2,2,0,0,0,1.205084161568949,1.5426837801152185
1,0,0,0,-1.236998878183998,1,0,1,0,0,0,0,2,0,0,1,2,0.5147012073617149,-0.9421990776952122
0,0,0,0,-1.2774445836787656,1,0,1,0,0,0,0,0,0,0,0,3,0.20378852071563439,-0.9745029368958144
0,0,0,0,-0.7631906593822595,1,2,1,0,0,0,2,2,0,0,0,2,0.8426127972180287,-0.46385712798041756
0,1,0,0,-0.7203618754638248,1,2,1,0,0,0,0,2,2,0,1,2,0.980689350117484,-0.3890776275088267
1,0,0,0,-0.9851792810940798,1,0,1,0,0,0,0,2,2,0,1,2,0.8222009051632655,-0.6749569666110599
1,0,0,0,-1.2774445836787656,1,0,1,0,0,0,0,0,0,0,1,3,0.22060204102347322,-0.9742797496484896
0,0,0,0,-0.9550033792715023,1,2,1,0,0,2,0,2,2,0,0,1,1.122946258524073,-0.6034938160297226
0,0,0,0,-0.9169559266388203,1,2,1,0,0,0,0,0,0,0,1,2,0.3305029492541663,-0.6592316188060727
0,0,0,0,-0.6871049228269219,1,2,1,0,0,0,0,2,0,0,1,0,0.763755825588565,-0.38859256546106785
1,0,1,0,0.5607960468920082,1,2,0,1,0,2,2,2,2,1,0,2,0.8676497621419743,0.8093996332903779
1,0,0,0,1.3520769011302403,1,2,1,0,2,0,2,2,2,1,1,1,1.317081441549285,2.035198334798103
0,0,0,0,-1.0430170554539429,1,0,0,2,0,0,2,0,0,0,0,2,-0.33058922301261834,-0.8314035736304043
0,0,0,0,-0.3377543401461057,1,2,1,2,2,0,0,0,2,0,1,1,0.9977980713052044,0.00015208132227320648
0,1,1,0,1.4508197855632678,1,2,1,1,2,0,0,0,2,0,1,0,0.9736863211623044,1.8261723524450097
0,1,0,0,-0.9072834332396391,1,2,1,0,0,0,0,2,0,0,1,2,0.6654213776959873,-0.6427992691083537
0,0,0,0,-0.19716692862688784,1,0,0,0,2,0,2,0,0,1,1,1,-0.3274435177966537,-0.35992356706907225
0,0,0,0,-0.8122054223479438,1,2,1,0,0,0,0,0,0,0,1,3,0.3348671692130126,-0.5807011576420071
1,0,0,0,-1.0157073765391595,1,0,0,0,0,0,0,0,0,0,1,3,-0.652084774065073,-0.8265539739409336
1,0,0,0,0.48449857276095565,1,2,1,2,2,0,0,0,1,0,1,2,0.9304940980149102,0.7514455211643501
0,0,0,0,-0.7921967334180765,1,2,1,2,0,0,0,0,0,0,0,2,0.5298921758096321,-0.5617174745441598
1,0,0,0,-1.214492144122923,1,0,0,0,0,0,0,0,0,0,1,3,-0.6544026030000055,-0.9475779056398513
0,0,1,0,-0.9575267077815234,1,0,2,1,1,1,1,1,1,0,0,0,-1.4833584710298593,-0.9282642553505684
1,0,0,0,1.5539137847626554,1,2,1,0,2,2,0,2,2,1,1,0,1.367301837187844,2.3746740263758093
0,0,0,0,-1.2438593142505527,1,2,1,0,0,0,0,2,2,0,1,2,1.0300813907578823,-0.9348609087334736
0,0,0,0,-1.2068541754843176,1,2,1,0,0,0,0,0,0,0,1,2,0.319116630741255,-0.9209459385741586
0,0,1,0,-0.27278266198514406,1,0,1,0,0,0,0,0,0,0,1,2,0.15903098901237162,-0.2126864597787752
1,0,0,0,-1.263323339526604,1,0,1,0,2,0,0,0,0,0,1,2,0.3505127984869493,-0.9609264920224666
0,1,0,0,-0.9354812717385266,1,2,1,0,2,0,0,0,0,0,1,2,0.5049341614136665,-0.6799065149449303
0,0,0,0,0.19078103937120955,1,0,1,0,0,0,0,0,0,0,0,0,0.1777278958524159,0.1472198632092456
1,1,0,0,0.5671336321378422,1,2,1,2,0,0,0,2,2,0,0,2,1.1900985301964615,1.0807387294133908
0,0,0,0,-0.9516816739185228,0,0,0,0,0,2,2,2,2,0,0,3,0.03917733910946042,-0.7421784642394204
0,0,0,0,-0.7830822631168404,1,0,1,2,0,0,0,2,2,0,0,2,0.9808075156033399,-0.4514045517574735
0,0,0,0,-1.0322050718097684,1,0,0,0,0,0,0,0,0,0,1,0,-0.6796315680673027,-0.8680600547592751
0,0,0,0,-0.8151442424009682,1,2,1,0,2,2,0,0,0,0,1,2,0.6554345070649843,-0.5791880516641523
0,0,0,0,-0.6537015723157017,1,2,1,0,0,2,0,0,2,0,0,2,0.7915270186481949,-0.362536578323636
0,0,1,0,-1.11238281853929,1,0,1,0,2,0,0,0,2,0,1,2,0.6392776632057762,-0.8244583685826796
1,0,1,0,-0.7652393131470496,1,2,1,0,0,0,0,0,0,0,1,2,0.33951071019120127,-0.5585188162113229
0,0,0,0,-1.2774445836787656,1,2,1,0,0,0,0,0,2,0,0,3,0.6924746100763972,-0.9680159846637212
0,0,0,0,-0.5423771334487801,1,2,1,0,0,2,0,0,0,0,1,1,0.5104660096861126,-0.3615482480905592
1,1,0,0,-1.1107086586100559,1,2,1,0,0,0,0,0,0,0,0,2,0.33514722157383464,-0.8311198407197121
0,0,0,0,-1.0947038375157079,1,0,1,1,0,2,0,2,2,0,1,1,1.0627026039227154,-0.7789878662909618
0,0,1,0,-0.7137883826547886,0,1,0,2,0,0,2,2,2,0,1,2,-0.17435108029677743,-0.6003865006849083
0,0,0,0,-0.683288450643722,1,0,2,1,1,1,1,1,1,0,0,0,-1.4861825244218534,-0.8667531347438432
0,0,0,0,-0.3456329831452614,1,2,1,0,2,0,0,2,2,0,1,2,1.1776313397399234,0.010207969954713299
0,0,1,0,0.16062140678959103,1,2,1,2,0,2,0,2,2,1,1,3,1.3586174602161334,0.7232184843750387
0,0,0,0,-1.2774445836787656,1,0,1,0,0,0,0,0,2,0,1,2,0.5671740817451153,-0.9696792579993798
1,0,0,0,-1.1805800993247315,1,0,1,0,0,0,0,2,0,0,1,2,0.5297159943369709,-0.8792745622734257
0,0,0,0,-0.30579695074130003,1,2,1,0,2,2,0,0,2,0,1,2,0.9691422566744816,8.583186328227355e-05
0,0,1,0,-0.2608156546091113,0,1,0,2,1,2,0,2,2,0,0,1,-0.21098217790060247,-0.3220819842460499
1,0,0,0,0.49523253904926445,0,1,0,0,2,2,0,2,2,1,1,2,-0.34654422814997465,0.06333716261614741
0,0,0,0,-0.7152499686237593,0,1,0,0,0,0,0,0,0,0,1,1,-1.3173512321875733,-0.845083007953011
1,0,0,0,-1.0145346779440831,1,2,2,1,1,1,1,1,1,0,0,0,-1.3290246654507958,-0.9263151971718
1,0,0,0,-1.2774445836787656,1,0,2,1,1,1,1,1,1,0,0,3,-1.497353425661894,-0.9970843583571781
0,0,0,0,-1.2774445836787656,1,0,1,0,0,0,0,0,0,0,1,2,0.17469542929377588,-0.9748891265141527
0,0,1,0,1.2611635405792065,1,2,1,0,0,2,2,2,2,0,1,1,1.326425495419773,1.9118561625184027
0,0,0,0,-1.1027808057619346,0,1,0,0,0,0,0,0,2,0,1,0,-0.6814718193358495,-0.860559094735661
1,0,1,0,-0.4968766430439485,1,2,1,0,0,0,0,0,2,0,1,2,0.6763431165666703,-0.25330278827002983
1,0,0,0,-1.0427814953884267,1,0,0,0,0,0,0,0,2,0,0,1,-0.35516488883716796,-0.843275720421808
0,0,0,0,-0.724686869502684,1,0,1,0,0,0,0,0,0,0,1,2,0.17460391557956295,-0.5727030990264562
1,0,0,0,-1.1861833601287946,1,2,1,0,0,0,0,2,0,0,1,2,0.6892923652829248,-0.877624640748436
1,0,0,0,-1.1896360786111762,1,0,0,0,0,0,2,0,0,0,0,2,-0.4858042940960652,-0.9437711277310384
0,0,1,0,-1.0853451450212799,1,0,1,0,2,0,0,0,2,0,1,1,0.6249164739742681,-0.8042339553230939
0,0,0,0,-1.2194087735837038,1,2,1,0,0,2,0,0,2,0,0,2,0.8372651950745743,-0.9121022501012604
1,1,0,0,-0.9516816739185228,1,2,1,0,0,0,0,0,2,0,1,2,0.6728025195408514,-0.6757132546426493
0,0,0,0,0.09049353733386636,1,2,1,0,2,0,0,2,2,0,1,2,1.147602476862557,0.5200948562992078
1,1,0,0,0.5867272136246829,1,2,1,0,2,2,0,0,0,0,1,1,0.6433231271989529,0.6754978856942238
1,0,0,0,1.165779608380407,1,2,1,2,0,2,1,2,2,2,1,1,1.556713033095918,2.0278165143360076
1,1,1,0,0.6025363610749266,1,2,1,0,2,2,0,2,2,0,1,2,1.324057566600112,1.1936623455312745
0,0,0,0,-0.04555634059113789,1,0,0,0,0,0,0,2,2,0,1,2,0.45199873870434887,0.032709021629982724
0,0,0,0,0.32177326867278055,1,2,1,0,0,2,2,0,0,0,1,2,0.6720117672804605,0.46686328016250495
0,0,1,1,-1.165308380356921,0,1,0,2,0,0,0,0,0,0,0,0,-1.1602081034421023,-0.953614565295436
1,0,0,0,0.018857466235110865,1,2,1,0,0,0,0,0,2,0,1,2,0.6708186787365114,0.22834971104468565
0,0,0,0,-1.2083909387454617,1,2,1,0,0,2,0,2,0,0,0,2,0.8772552278066369,-0.8910506470809574
1,0,1,0,0.5194472401055406,1,2,1,0,2,2,1,2,2,0,1,0,1.4587621060316742,1.106692671193643
0,0,1,0,1.206684240651717,1,2,1,0,2,2,0,2,2,0,1,2,1.3505297937553706,1.9378362791222625
1,0,0,0,-1.2367842345301483,1,2,1,0,0,0,0,2,0,0,1,3,0.7340178996571011,-0.9368475055273376
0,0,0,0,-1.1011057288394617,1,0,1,0,0,0,0,0,0,0,1,2,0.1656159141621621,-0.8467052669889186
0,0,0,0,-1.117263255412902,1,0,1,0,0,0,0,0,2,0,1,2,0.5067900514255554,-0.8261680682867093
0,0,0,0,-1.214270480677504,1,0,1,0,0,0,0,0,2,0,1,2,0.51195749428054,-0.9123189360790729
1,0,0,0,-0.47277871919592485,0,0,0,0,0,2,2,0,2,0,1,2,-0.4928066511238029,-0.5015742923270754
1,1,0,0,-1.0239322639697037,1,2,1,0,0,2,0,0,0,0,1,1,0.5364236705768748,-0.7748254680390738
0,0,0,0,-0.9109613101984924,1,2,1,0,2,0,0,0,0,0,1,0,0.5349095763787796,-0.6440242146480774
0,0,0,0,1.579282011201192,1,2,1,2,2,2,2,2,2,1,0,0,1.7311734303271986,2.7219118585870206
1,0,0,0,-1.2774445836787656,1,0,0,0,0,0,0,0,0,0,0,3,-0.6425513862281462,-0.985737483300931
1,0,0,0,0.20860833280706248,1,0,1,0,1,0,2,2,2,0,0,2,1.1402657647121606,0.6080125156776333
0,0,0,0,-0.510320384095764,1,0,1,0,2,2,2,0,0,0,0,2,0.6327560471443273,-0.27778969223359384
0,0,0,0,-0.4785870697813884,1,2,1,0,2,0,0,0,0,0,1,1,0.48947451344727966,-0.33536626315101303
0,0,0,0,-0.3334808312943808,1,0,1,0,2,2,0,2,2,0,1,1,1.1491203393830502,0.061898469185239814
0,0,0,0,-1.2774445836787656,1,0,2,1,1,1,1,1,1,0,0,3,-1.470113152156559,-0.996722763548434
0,0,0,0,-0.2482464532870772,1,0,1,2,2,0,0,0,0,0,1,0,0.5146734785684142,-0.06393752928462076
1,0,0,0,-1.2774445836787656,1,0,1,0,0,0,0,2,0,0,1,2,0.47424285987037773,-0.9709128523461311
0,0,0,0,-0.34950821697346623,1,2,1,0,0,2,0,2,2,0,1,2,1.1305643538460788,0.04728088990619128
1,0,1,0,-1.1259541544846718,1,0,1,0,0,0,0,0,0,0,1,2,0.18243729908009038,-0.8647623824606987
0,1,0,0,-1.2774445836787656,1,0,1,0,0,0,0,0,0,0,1,2,0.17189794943794875,-0.9749262610235854
1,0,0,0,-1.2274364547998922,1,2,1,0,2,0,0,0,0,0,0,2,0.4686850506565891,-0.9255467636747977
1,0,0,0,-1.1966943611075391,1,2,1,0,0,0,0,0,0,0,1,0,0.27425876688454903,-0.9055160556693153
0,0,0,0,-0.7456964841149628,1,0,0,0,0,1,0,0,2,0,1,2,-0.1873604360732891,-0.6360661108464616
0,0,1,0,0.2880485612738347,1,2,1,0,0,0,0,2,2,0,1,2,1.0650236703799538,0.687166067184886
1,1,0,0,-1.2367242199587352,1,0,0,0,0,0,0,0,0,0,1,2,-0.6797354264596034,-0.9647695814817249
0,0,0,0,-1.1757236455897735,1,0,2,1,1,1,1,1,1,0,0,3,-1.4785668324359584,-0.9758401492700068
1,0,0,0,-0.22265854451329464,1,2,1,0,2,2,0,2,2,0,1,2,1.3657267709718828,0.260721028877564
0,0,0,0,-1.070538873680463,1,2,1,0,2,2,0,0,0,0,0,0,0.7475845444334449,-0.7608849585085858
0,0,0,0,-1.2774445836787656,1,0,1,0,2,0,0,0,0,0,1,1,0.3176497986583722,-0.9729915112850183
1,0,0,0,-0.9551365767441712,1,2,1,0,0,0,0,0,2,0,1,2,0.6767683758249932,-0.6787978075249588
1,1,1,0,-1.1876960229957427,1,2,1,0,0,0,0,0,0,0,0,2,0.3262722690901742,-0.8971127048802192
0,0,0,0,-1.2774445836787656,1,2,1,0,0,0,0,0,0,0,1,3,0.32994564693055095,-0.9728282928465745
0,0,0,0,-0.7315115465779521,1,2,1,0,0,0,0,0,0,0,1,3,0.3636592676689453,-0.5240601340202343
0,1,0,0,-0.5676171482974639,1,2,1,0,2,0,0,0,2,0,0,2,0.8269498168940647,-0.29593457191742045
0,0,1,0,0.5299319866279973,1,2,1,0,0,0,0,2,2,0,1,2,1.0413599954245307,0.9370593151608856
1,0,0,0,-1.2774445836787656,1,0,1,0,0,0,0,0,0,0,1,2,0.1614453317679859,-0.9750650119170559
0,0,0,0,-1.257648560640396,1,0,1,0,0,2,0,0,0,0,1,3,0.514412443895641,-0.950540313010957
1,0,0,0,-1.2174501180707429,1,0,0,0,0,0,0,0,2,0,0,2,0.08020625318552338,-0.9455930587455712
0,0,1,0,0.04942705886807342,1,2,1,0,0,2,2,2,2,0,1,2,1.3205879380307173,0.5527334057870146
1,0,0,0,-0.7264787595474784,1,2,1,0,0,0,0,0,2,0,0,0,0.6901285033826239,-0.4323548108745309
1,0,0,0,-1.2774445836787656,1,0,1,0,0,0,0,0,0,0,1,2,0.1716364295386922,-0.9749297325099469
1,0,0,0,-1.2774445836787656,1,0,2,1,1,1,1,1,1,0,0,3,-1.4971645305278214,-0.9970818509117274
0,0,0,0,-1.219269302834696,1,0,0,0,0,0,0,0,2,0,1,2,-0.31067039383225925,-0.9369433088249287
0,0,0,0,-1.0394521902817826,1,0,1,0,0,0,0,2,2,0,0,0,0.8265462576557793,-0.7191735448949761
1,0,1,0,0.3685579744652251,0,0,0,2,2,2,0,0,0,1,0,1,-0.6977401726394037,-0.18412042573249787
0,0,1,0,0.3172518864423455,1,0,2,1,1,1,1,1,1,0,1,3,-1.5041756592776234,-0.6445128620828964
1,1,0,0,-1.2774445836787656,1,2,1,0,0,0,0,0,0,0,1,2,0.31432715137720457,-0.9730356170098716
0,0,1,0,-0.2845562510823878,1,2,1,0,0,0,0,2,2,0,1,2,0.9756534767536353,0.05065235590855932
1,1,1,0,0.9175342417095405,1,2,1,2,0,2,0,2,2,0,1,0,1.3192136427982712,1.5233575418898289
0,0,0,0,-1.269588440712041,1,0,1,0,0,0,0,0,2,0,0,2,0.5407747461829632,-0.9633309803596771
0,0,0,0,-0.8613216562196572,1,0,1,0,0,2,0,2,2,0,1,2,1.012927395817171,-0.5658098002964411
0,1,0,0,-1.0398499213139747,1,2,1,0,0,0,0,2,2,0,1,2,0.9931761023102332,-0.7234469246074914
0,0,0,0,0.051548537002893496,1,0,1,2,2,1,0,0,0,0,1,0,0.5909046090081286,0.2404483350458366
0,0,0,0,1.3917359563470963,1,2,1,2,2,2,0,2,0,0,1,1,1.2676184141584623,2.010098575017898
1,0,0,0,-1.2367242199587352,1,0,0,2,0,0,0,0,0,0,1,2,-0.5568240186501566,-0.9650779188755444
0,1,0,0,-1.2367242199587352,1,2,1,0,0,2,0,0,0,0,0,2,0.4647230974852754,-0.9367290852957645
0,1,0,0,-1.2367242199587352,1,2,1,0,0,0,0,2,2,0,1,2,0.970401906413927,-0.9269234315542947
0,0,0,0,-0.7073594915983407,1,0,2,1,1,1,1,1,1,0,0,0,-1.5025442662537687,-0.8765999673341628
0,0,0,0,0.9408454427186008,1,2,1,0,0,2,0,2,2,1,1,1,1.1712661997688312,1.4422171925008427
1,0,0,0,-1.2774445836787656,1,0,2,1,1,1,1,1,1,0,0,3,-1.4694047236793444,-0.996713359675904
1,0,0,0,-0.35996596811074194,1,0,1,0,0,0,0,2,2,0,1,2,0.8578776943748792,-0.06206994203386412
0,0,0,0,-1.1893649980196328,1,0,2,1,1,1,1,1,1,0,0,3,-1.4899729997298043,-0.9766654070696696
0,0,0,0,0.5406488915492808,1,2,1,0,2,2,0,2,2,0,1,0,1.3780431225929826,1.1050028385417958
0,0,0,0,-1.2150971406108493,1,2,1,0,0,0,0,2,0,0,1,2,0.6942425361504742,-0.9092853280078811
0,0,0,0,-0.8074988205752717,1,0,2,1,1,1,1,1,1,0,0,0,-1.4825815403169058,-0.8935075181382502
1,0,1,0,0.5467647038844473,1,2,1,1,2,2,0,2,0,0,1,2,1.189377606091769,0.9875287809130044
1,0,0,0,-1.2774445836787656,1,0,0,0,0,2,0,0,0,0,0,2,-0.5150818654165997,-0.9840454181684164
1,0,0,0,-1.2774445836787656,0,1,0,0,0,0,0,0,2,0,0,0,-0.9806021731985031,-0.9902248615071876
1,0,0,0,-1.1688555089842938,1,0,0,0,0,0,0,0,0,0,1,2,-0.6361798456171467,-0.938978402830625
0,0,1,0,-1.1705698887278666,1,2,1,0,0,0,0,0,0,0,1,1,0.3326133365100947,-0.8846044814685152
1,0,1,0,-1.1883359413368335,1,2,1,0,0,0,0,2,0,0,1,2,0.6609894380906569,-0.8955622512319624
0,0,0,0,-0.6928961817700643,1,0,1,0,0,0,0,0,2,0,0,0,0.5465514326481584,-0.469451031551563
1,0,1,0,0.4521791279192722,1,2,1,0,2,2,0,1,0,0,1,0,0.8965817762814416,0.7547740051800855
0,0,0,0,0.406039612296938,1,2,1,2,2,0,0,0,2,0,1,2,0.9696931467075659,0.6935118879399123
0,1,0,0,-0.8882733978985814,1,2,1,0,0,0,0,2,2,0,1,2,1.0326675358238462,-0.5578643794276068
1,0,0,0,-0.6805127799683325,1,2,1,0,0,0,0,0,0,0,0,1,0.3615544520331057,-0.478236390690174
1,0,0,0,-1.2774445836787656,1,0,0,0,0,0,0,0,0,0,0,2,-0.6326442363219749,-0.9856059730951022
1,0,1,0,0.9997713285274853,1,2,1,0,2,0,0,2,1,0,1,0,1.0211023289492451,1.3731167162577425
0,0,0,0,0.20114129166860023,1,0,1,2,0,2,2,2,0,1,1,2,1.1000094134460383,0.5822285312857125
0,0,0,0,-1.2423175499339525,1,0,0,0,2,0,2,0,0,0,1,1,-0.3001791263053294,-0.9630389678008298
0,0,0,0,0.45085290969469505,1,2,1,0,0,0,2,2,2,0,1,0,1.186651542628175,0.9704615702632431
1,0,0,0,0.8237264678321675,0,1,0,0,2,2,0,2,2,0,0,2,-0.3104804913904548,0.2677252977441469
0,0,0,0,-1.2774445836787656,1,0,2,1,1,1,1,1,1,0,0,3,-1.5050582051090735,-0.9971866336977716
0,0,0,0,-0.9580013874653022,1,0,1,0,2,0,0,0,2,0,1,2,0.711891946837819,-0.6763293366722429
0,0,0,0,1.6029742727011194,1,2,1,2,2,2,2,2,2,1,0,0,1.7529282434856621,2.793426451435538
0,0,1,0,-0.607976581143524,0,1,0,0,0,0,0,0,0,0,1,2,-1.3442740141279572,-0.8200755283250977
0,0,1,0,1.094849926286917,1,2,1,0,0,2,2,2,2,0,1,1,1.261098172413214,1.666378723337251
1,0,0,0,0.8245233146488704,1,0,1,0,2,2,2,2,2,1,0,0,1.3862644060513125,1.4818492591709955
0,0,1,0,1.5611701171664787,1,2,1,0,2,2,2,2,2,1,1,1,1.465683301535406,2.385221677811772
0,1,0,0,-1.2774445836787656,1,0,1,0,0,0,0,0,0,0,1,2,0.16204012855282451,-0.9750571164225553
0,1,1,0,1.2087098163205618,1,2,1,2,0,2,0,2,2,0,0,0,1.338052343662176,1.8450573591511892
0,0,1,0,-0.2035080591772414,1,2,1,0,0,2,0,2,2,0,1,0,1.1757566763271068,0.22945840476596202
0,0,0,0,0.09669621479112625,1,2,1,0,0,0,2,2,2,0,0,0,1.1521064873367286,0.4542718521653212
0,0,0,0,-0.46826577590764096,1,2,1,0,0,2,0,0,2,0,1,2,0.8224042361494827,-0.170322879811175
0,0,0,0,-1.1377543573442868,1,0,0,2,0,0,0,0,0,0,1,3,-0.135707384249243,-0.9025667836143827
0,0,0,0,-1.2774445836787656,1,0,1,0,0,0,0,0,2,0,1,2,0.5587684691114341,-0.9697908363905461
0,0,1,0,-0.8702409464784621,1,2,1,0,0,2,0,2,2,0,1,2,1.1547163694376592,-0.536395163613862
0,0,1,0,-1.1106029035488802,1,0,1,2,0,1,0,0,2,0,0,2,0.800299738783108,-0.8019778930087316
0,0,1,1,-1.1402129023856682,1,0,0,0,0,0,0,0,0,0,1,0,-0.6728013645890231,-0.921848484316147
1,0,0,0,-1.0310116287647095,1,2,1,0,0,0,0,0,2,0,1,2,0.7320331642769028,-0.7314219464227004
1,0,0,0,-1.2774445836787656,1,0,2,1,1,1,1,1,1,0,1,3,-1.4828739204332626,-0.9968921534616279
0,1,0,0,0.12379628986236575,1,2,1,0,0,0,2,2,2,0,0,2,1.1476183324837173,0.5311153093604071
0,0,0,0,-1.086819563398707,1,2,1,0,0,2,0,0,0,0,1,2,0.47763977857355266,-0.8149523060765537
0,0,0,0,0.9118773229561004,1,0,1,2,2,2,0,2,2,1,1,0,1.37802332689396,1.5983013256650653
0,0,0,0,-0.5815750526811996,1,0,0,0,0,2,2,2,2,0,1,3,0.28307100255030515,-0.42539466146948957
0,0,1,0,-0.6807670315093509,1,0,0,1,2,2,0,0,0,0,0,3,-0.17555031701632215,-0.5631918586579692
1,0,1,0,-0.6093981646542818,1,2,1,0,0,2,0,2,2,0,1,2,1.2072936092859352,-0.2375275387707546
0,0,0,0,0.024685271425861674,1,2,1,0,0,2,0,2,2,0,1,2,1.176798290615655,0.4646123728008981
0,0,1,0,0.24106542195117794,1,2,1,0,0,2,2,0,0,0,1,2,0.6635645749916494,0.3898073839662464
1,0,0,0,-0.7359679518488585,0,0,0,0,0,2,0,2,0,0,1,2,0.2998230326816951,-0.569081359262064
0,1,0,0,-1.0505829522057604,1,2,1,0,2,2,0,2,2,0,1,2,1.3492272219506183,-0.7072575057829443
0,0,0,0,-0.5335270082512168,1,2,0,2,2,0,1,2,0,0,0,2,0.6664493224971821,-0.29028956112568255
0,0,0,0,-0.11070248845233033,1,2,1,0,2,0,2,0,0,0,0,1,0.6841781423830483,0.08546708185731328
0,0,0,0,-1.2774445836787656,1,0,1,0,0,0,0,0,0,0,1,3,0.17687556752043002,-0.9748601867656238
0,0,0,0,1.375536594348775,1,2,1,2,0,0,2,0,2,1,1,1,1.0151786634687001,1.781349619938748
1,1,1,0,-0.22828012287493338,1,0,1,0,0,0,0,0,2,0,0,1,0.4946819265348283,-0.08523220826125433
0,0,0,0,-1.0715806911607626,1,2,1,0,0,0,0,2,2,0,1,0,0.9605913845006983,-0.7664836412497318
1,1,1,0,1.0880223258192487,1,2,1,0,2,2,0,2,2,0,1,2,1.2884200795419674,1.6697550997564858
0,0,0,0,-0.21989092306272506,1,2,1,0,0,2,0,0,2,0,1,2,0.817641488605726,0.10267301077992794
0,0,1,0,0.3022487021411495,1,2,1,0,2,2,0,2,0,0,1,0,1.0389726015700553,0.6596671040539804
0,0,0,0,-1.2693415514029105,1,0,1,0,0,2,0,2,2,0,0,2,0.9946468628273492,-0.9550632595512146
1,1,0,0,-1.1145631287986442,1,0,1,0,0,0,0,2,2,0,1,2,0.8486179716597223,-0.8001852545445202
1,0,0,0,-1.0942794848009845,1,2,1,0,0,2,0,2,0,0,1,2,0.904939337839668,-0.7905905606906587
0,0,0,0,-0.2310989507371305,1,0,0,2,0,0,0,0,0,0,1,0,0.2605063792880847,-0.1867378828763103
0,0,1,0,1.2404404015520654,1,0,1,0,2,2,0,2,2,0,1,2,1.2255693015465772,1.8524016000689414
1,1,1,0,-0.11316190088419378,1,2,1,0,2,2,0,2,2,0,0,2,1.3613665576861813,0.3818852646093703
0,0,1,0,-0.62591876415828,1,2,1,1,0,2,0,2,0,0,0,2,0.8967518969588868,-0.3246429847890171
1,0,0,0,-1.2774445836787656,1,0,0,0,0,0,0,0,0,0,1,3,-0.6547125268080651,-0.9858989135927834
1,0,0,0,-1.2015013127446919,1,0,2,1,1,1,1,1,1,0,1,3,-1.4934467088316483,-0.9812552348261944
1,0,0,0,-1.1944808336524968,1,0,1,0,0,2,2,0,0,0,1,2,0.5144037204778764,-0.9003735332693834
0,1,1,0,0.15196953479200304,1,2,1,0,0,0,0,2,2,0,1,2,0.9260816728402839,0.48370337517233863
0,0,0,0,-1.2774445836787656,1,0,1,0,0,0,0,0,0,0,1,3,0.20122485301873386,-0.9745369677189762
0,1,0,0,-1.1859728608029134,1,2,1,0,0,0,0,2,2,0,1,2,0.9712961423600639,-0.8744601420874667
0,0,1,0,-1.1388487129047418,1,0,2,1,1,1,1,1,1,0,0,3,-1.4894784047662535,-0.9632458430262535
0,0,0,0,-0.8208204753004497,1,2,1,2,0,0,0,2,2,0,1,2,1.1929756257959054,-0.45682117835113406
1,0,0,0,-1.2774445836787656,1,0,0,0,0,0,0,0,0,0,1,2,-0.7118647820350706,-0.9866575681927106
0,0,0,0,1.5322605130033284,1,2,1,2,2,2,2,2,2,1,0,0,1.6620958311235459,2.4771632253139293
0,0,0,0,-0.9702344137296557,1,0,0,0,0,2,2,0,0,0,0,1,0.2207049520920119,-0.7830701629935666
0,0,0,0,-1.2774445836787656,1,0,2,1,1,1,1,1,1,0,0,3,-1.4700779091237264,-0.9967222957228186
1,0,0,0,-1.2021146047700337,1,0,0,0,0,0,0,0,0,0,1,3,-0.6383641754969119,-0.9398312425535311
1,0,0,0,-1.269083351730922,1,0,0,0,0,0,0,0,0,0,1,3,-0.6383103702443539,-0.98102036303199
0,1,0,0,-1.05002943479758,1,0,1,0,0,0,0,2,0,0,1,2,0.5026014673199454,-0.7719496949862131
1,0,0,0,0.37022074440612107,1,2,1,0,0,2,2,2,2,0,0,0,1.3635305942811193,0.9400379163647264
1,0,0,0,0.7931921555620867,1,2,1,0,0,0,0,2,0,0,0,0,0.6785189924344184,0.9538753039349733
1,1,0,0,-1.2634675657387544,1,2,1,0,0,0,0,2,2,0,1,2,0.970051429946087,-0.9487488614451368
0,0,0,0,-1.07640510767218,1,0,0,0,0,2,2,2,2,0,1,2,1.142799064053033,-0.76760775066563
0,0,0,0,-1.0808019727850162,1,2,1,0,0,0,0,0,2,0,1,2,0.6385330105196539,-0.7769856363586407
1,0,0,0,-1.2774445836787656,1,0,1,0,0,0,0,0,0,0,0,2,0.18624313287282007,-0.9747358391521047
1,0,0,0,-1.2774445836787656,1,0,2,1,1,1,1,1,1,0,0,3,-1.482585929444383,-0.9968883305908139
0,0,0,0,-0.8951367972743632,1,2,1,0,0,0,2,2,2,0,1,1,1.123503933331835,-0.5234953741592617
0,0,1,0,-0.9032585174708032,1,0,1,0,0,0,0,2,2,0,0,2,0.809670295405885,-0.580916974865172
1,1,1,0,0.77679995908347,1,2,1,1,0,2,0,2,2,0,1,2,1.3009774381697894,1.4147997627536555
1,1,1,0,1.5405213000235525,1,2,1,0,2,2,1,2,2,2,1,0,1.3937241185327818,2.288645598311
0,0,0,0,-1.2774445836787656,1,0,2,1,1,1,1,1,1,0,0,2,-1.4985255510429312,-0.9970999174686861
0,0,0,0,0.5858164778555924,1,2,1,0,2,0,0,2,0,0,1,1,0.8009508762751104,0.8207390940272425
0,1,1,0,0.22875971133498726,1,0,1,2,0,0,0,0,0,0,1,0,0.32136095175463786,0.2656052157794452
0,0,1,0,1.6130859278861174,0,1,0,0,2,1,0,2,2,2,0,2,-0.3534635332547304,0.7285412208984752
0,0,1,0,-0.3394516312376427,1,0,1,0,2,2,0,2,2,0,1,1,1.1469829195303458,0.06817364423171515
0,0,1,0,-1.246940676034103,1,0,0,0,0,0,0,0,0,0,0,1,-0.669258934364529,-0.9742107762992565
0,0,0,0,-1.0520316365515345,1,0,0,0,2,0,2,0,0,0,1,1,-0.3351599344320736,-0.8559080670007744
0,0,0,0,-1.2008858047493405,1,2,1,0,0,2,0,2,0,0,1,2,0.8960746664174042,-0.8868315361057074
0,0,0,0,-0.23540473758587538,1,0,1,0,2,0,0,0,0,0,1,1,0.3228804277299786,-0.12895957165727717
1,1,0,0,0.23945532185459373,1,2,1,0,0,2,0,2,2,0,1,2,1.1942181064069208,0.71716102475451
0,0,1,0,-0.608007249090647,1,2,1,0,0,0,0,0,0,0,1,0,0.34146125052737164,-0.44066234191855397
1,1,0,0,-1.261061489814315,1,2,1,0,0,0,0,2,2,0,1,2,0.9628238049446084,-0.9488603808389537
1,0,0,0,-1.206560335139348,0,1,0,0,0,2,0,2,2,0,1,2,-0.47720597097182305,-0.9444341199348927
0,0,0,0,-1.110225084934146,1,2,1,0,0,0,0,0,0,0,0,2,0.35510735066699667,-0.8207852764596754
1,0,0,0,-1.2046289019894716,1,2,1,0,0,0,0,0,0,0,1,2,0.3220981505936799,-0.911732135344018
0,1,0,0,-0.42862162297737505,1,2,1,0,0,0,0,2,2,0,1,2,1.0488922807134033,-0.09427707850335855
0,0,0,0,-1.20050457552447,1,0,0,0,0,0,0,2,0,0,0,3,-0.3223924217707727,-0.9381402500221945
1,1,0,0,-1.067500706945907,1,0,1,0,0,0,0,0,0,0,1,2,0.18120446681838587,-0.8152051217691009
1,1,0,0,-0.6523455258470465,1,2,1,0,0,0,0,2,0,0,1,2,0.7413719200255338,-0.4210601082662772
0,0,1,0,-0.4965784166299793,0,1,0,2,0,0,2,2,2,0,1,2,0.3131872428758171,-0.32951574947444434
0,0,0,0,-1.2295911629021141,0,1,0,0,0,0,0,2,0,0,1,2,-0.9649529116905694,-0.9751760483113545
1,0,0,0,-1.1960038562387048,0,1,0,0,2,0,0,0,0,0,1,2,-1.0966183288432565,-0.9668711767266713
0,0,0,0,0.6625783323136815,1,2,2,1,1,1,1,1,1,1,0,2,-1.3290935319245898,-0.5010302097011295
1,0,0,0,0.10704778280226633,1,2,1,0,0,0,0,0,0,0,0,1,0.3498775583497675,0.14642323608201294
0,0,1,0,0.8907648629084518,1,2,1,0,2,2,2,2,2,1,0,2,1.5147353400904202,1.60627648644973
1,0,0,0,-1.2537076226238129,1,0,0,0,0,0,0,0,0,0,1,3,-0.6470951337974823,-0.972566040612031
1,0,1,0,-1.184687103077327,1,0,1,0,0,0,0,0,0,0,1,2,0.1393878867211534,-0.9007773722486723
1,0,0,0,0.29403016006119276,1,2,0,0,2,0,0,0,0,0,1,1,0.0399495478026175,0.08803114112419569
0,0,1,0,-0.3305123191515389,1,2,1,0,0,2,0,2,2,0,1,2,1.2046661773639638,0.061687324763036844
0,0,0,0,1.1086116014491154,1,0,1,1,2,2,0,2,2,0,1,2,1.301997510798446,1.7298619446092902
1,0,0,0,-0.7237688168181154,1,0,0,2,0,2,0,2,0,0,0,1,0.6964173948037488,-0.42872169035448915
0,0,0,0,-1.2060144517903177,0,0,0,0,0,0,2,0,0,0,0,0,-1.03624969566965,-0.956476468500744
1,0,0,0,-1.141945964865576,1,2,1,0,2,0,0,0,2,0,1,2,0.8377591513560032,-0.8239445012709788
0,0,1,0,-1.276508298500488,1,0,0,0,0,0,0,0,0,0,1,0,-0.6782107371160535,-0.985846153440388
1,0,0,0,-0.24206811660452895,1,2,1,0,0,0,0,2,2,0,1,0,0.9982449805185395,0.09913612406738215
0,0,0,0,-0.9910468733440695,1,2,1,0,2,2,0,2,0,0,1,2,0.9728963716910622,-0.6634068535972535
1,0,0,0,-1.1185437425100466,1,0,1,0,0,0,0,2,2,0,1,2,0.8146707418349006,-0.8184125005005303
0,0,0,0,-1.2736728403191704,1,2,1,0,0,0,0,2,2,0,1,2,0.9933973714288206,-0.9598634625187157
1,1,0,0,-1.0827728485008847,1,0,1,0,0,0,0,0,0,0,0,1,0.16258563094321407,-0.828751737569894
0,0,0,0,-1.2217708318635774,1,0,1,0,0,2,0,2,0,0,1,2,0.6988135673018651,-0.913265433305747
1,0,0,0,-0.8932878183276703,1,0,1,0,2,0,0,0,0,0,1,2,0.2933451656234707,-0.6758984295741489
0,0,1,0,0.43766966493499215,1,0,1,0,0,0,0,0,0,0,0,0,0.18550102240683328,0.34447706077929713
0,1,1,0,-0.5124245882116875,1,0,1,0,2,2,0,2,2,0,1,2,1.1141054638692938,-0.1410970478127317
0,1,0,0,-1.2774445836787656,1,0,1,0,0,0,0,0,0,0,1,2,0.16681681616454755,-0.9749937093703812
0,0,1,0,0.389878196326083,1,2,1,0,2,2,0,2,0,0,1,0,1.0139394996816073,0.739014692302791
0,0,0,0,-0.9924020376385531,1,0,1,0,0,2,0,2,2,0,1,2,0.9372686025774928,-0.6751620515122376
0,0,0,0,-1.1514693577191972,1,0,1,0,0,0,0,0,2,0,1,2,0.49252246841237945,-0.8608235328045717
0,0,0,0,-0.9369282075520834,1,0,1,0,0,0,0,0,2,0,1,2,0.4878907706236073,-0.6754149305541653
1,0,1,0,0.8695800111381115,1,0,1,0,2,0,0,2,2,1,0,0,1.0287367997238757,1.2215848446410102
0,0,0,0,-0.5909207205103926,1,2,2,1,1,1,1,1,1,0,0,1,-1.3144002712941512,-0.7925827861172711
0,1,0,0,-1.1257276124916764,1,2,1,0,0,0,0,2,0,0,1,1,0.6184426428378577,-0.8194170386511569
1,0,1,0,-0.5764897965694064,0,1,0,1,0,0,0,0,2,0,0,2,-0.8537687190425676,-0.6860636318834434
0,0,1,0,0.14116938308465365,1,2,1,0,0,0,0,2,2,0,1,2,1.0847253999254405,0.4945293349404779
1,1,0,0,-0.7411141462165747,1,2,1,0,0,2,0,2,2,0,1,2,1.144829968145739,-0.38249034840029883
0,0,1,0,-1.0364807451118352,1,0,1,0,0,0,0,0,0,0,1,2,0.14084129277473328,-0.7848000740430826
1,1,0,0,0.22894439688904392,1,2,1,0,0,2,0,2,2,0,1,2,1.1970062851675356,0.7024918397511055
0,0,0,0,-0.710223829295674,1,2,1,2,0,0,0,2,2,0,1,2,1.1856612546013479,-0.3366441721190535
1,0,0,0,-1.1255904609739955,1,2,0,0,0,0,0,0,0,0,0,2,-0.556089519646181,-0.9093071787604503
0,0,0,0,-1.216165304015193,0,1,0,0,0,0,0,2,0,0,1,2,-0.9553645049394437,-0.9708849236137455
0,0,0,0,-1.1247475028175036,0,1,0,0,0,1,0,0,2,0,0,2,-0.8488437299548872,-0.9176473118745382
1,0,0,0,0.2545849271173746,1,2,1,0,0,1,2,2,2,0,0,0,1.2391908703658647,0.6842602100917639
0,0,0,0,-0.8940869297131702,1,2,1,0,2,0,0,0,2,0,1,2,0.8128039923583417,-0.5813669151135672
1,0,0,0,1.4114700132380231,1,2,1,0,2,0,2,2,2,1,1,0,1.3398043019761434,2.124671348073197
1,0,1,0,0.8148887801003708,1,2,1,0,0,2,2,2,2,1,1,1,1.3819526241042097,1.4605206034292442
0,0,1,0,0.8499276019595446,1,2,1,0,2,0,0,2,2,0,1,1,1.1175962108084632,1.2789390211307599
0,0,0,0,-1.2241110536929225,1,0,1,2,0,0,0,2,2,0,1,2,1.019700320683486,-0.9099428407996344
0,0,0,0,-0.8677202742744068,0,1,0,0,2,0,0,0,0,0,1,2,-1.1188294253148008,-0.875088407301257
0,0,0,0,-1.0986895425518204,1,0,2,1,1,1,1,1,1,0,0,0,-1.4917106150960624,-0.9555689905600088
0,0,0,0,-0.4871904201454435,1,2,1,2,0,0,0,2,2,0,1,2,1.1963993951824057,-0.14295577200923176
1,0,0,0,-1.2747045310953955,1,0,1,0,0,0,0,0,2,0,1,2,0.48365712816803613,-0.9677924690666211
1,0,0,1,-1.2774445836787656,1,0,2,1,1,1,1,1,1,0,0,3,-1.5050503061506388,-0.9971865288448462
1,0,0,0,0.6609940197065676,0,1,0,0,2,0,0,0,0,0,0,0,-1.073808710890302,-0.3021272735661514
0,0,0,0,-1.2055147982152905,1,0,1,0,0,0,0,0,0,0,1,0,0.1896628530115339,-0.9280724622345458
0,0,0,0,-0.9237502146313636,1,0,1,0,0,2,0,2,2,0,1,1,1.0638712409354503,-0.6250785520792363
1,0,0,0,-0.3282360865015092,1,2,1,0,2,2,0,2,2,0,1,2,1.3777908979661353,0.14724862384888962
1,0,1,0,-1.0686022926855232,1,0,0,0,2,2,0,0,0,0,1,2,0.12538995749999632,-0.799647223454893
0,0,0,0,-0.13946359060997823,1,0,2,1,1,1,1,1,1,0,1,3,-1.5025393335747173,-0.7343725209227944
0,0,0,0,-0.36521846751659504,1,2,1,2,2,0,0,0,2,0,1,2,1.0068487182849573,-0.019969574946308896
0,0,0,0,-0.8960522466556113,1,0,1,0,2,0,0,2,2,0,1,2,1.0052619148062762,-0.5399386829355906
1,0,1,0,-0.7412022746762061,1,2,0,0,0,2,0,2,2,0,1,2,0.8514080467284764,-0.4365623634078946
0,0,1,0,-0.560018340301973,1,0,2,1,1,1,1,1,1,0,1,3,-1.4990747044355572,-0.8371269433123181
0,0,0,0,-0.7090946409348671,1,0,1,2,0,0,2,2,2,0,1,0,1.1431075605045011,-0.3676718967707974
0,1,1,0,-0.26372524905174277,1,0,1,1,0,2,0,2,2,0,1,2,1.1135326560095498,0.12435602268665243
0,0,0,0,-0.33850976222769635,1,2,1,0,0,2,0,0,2,0,1,2,0.8066456529456244,-0.004574316589552541
1,0,0,0,-0.36801483581932015,1,2,1,0,2,2,0,2,2,0,1,2,1.3644888164721594,0.09857248469013644
0,0,0,0,-1.0097173928430372,1,0,1,0,2,0,0,2,0,0,1,2,0.6336333717731204,-0.7204379696573388
0,0,0,0,-0.9332701619365227,1,2,1,0,0,2,0,0,2,0,1,2,0.7945573052723615,-0.6310595011786656
0,1,0,0,1.1887014456003533,1,2,1,0,2,0,0,0,0,0,1,1,0.5097410209644913,1.1597860005927292
0,0,0,0,-0.6062167826971695,1,2,2,1,1,1,1,1,1,0,0,0,-1.3090483753215043,-0.7991561533768236
1,0,0,0,0.17175563076360104,1,0,0,0,1,0,2,0,2,1,1,3,-0.009132036054117831,0.07781137473669998
0,0,0,0,-1.0909783286030825,1,0,1,0,0,0,0,0,2,0,1,2,0.49221388874382205,-0.8080812407423553
0,0,1,0,-0.3822925077848986,1,2,1,0,0,2,2,2,2,0,0,2,1.3029195014777988,0.08394391988271774
1,0,0,0,-1.004562956375135,1,2,1,0,2,0,0,2,2,0,1,1,1.1604518014341834,-0.6706708287212491
1,0,0,0,-1.2774445836787656,1,0,2,1,1,1,1,1,1,0,1,3,-1.5043883619880423,-0.9971777420177673
0,1,0,0,-0.7930315187583244,1,2,1,0,2,0,0,2,0,0,1,2,0.8774518783134564,-0.48949473995953247
0,0,0,0,-1.1603212606405804,0,1,0,2,0,0,2,0,0,0,0,2,-0.7991488021428506,-0.9114939949320339
0,0,0,0,-1.0350233001295708,0,1,0,0,0,2,0,2,2,0,1,2,-0.5273048362143027,-0.8560754387044186
0,0,1,0,0.2885829994254255,0,1,0,2,2,2,0,2,2,0,0,1,-0.19185233918647007,0.028107534869144746
1,0,0,0,-0.5825214442841447,1,2,0,0,0,2,2,2,2,0,1,1,0.5904836280769337,-0.36892455253058687
1,0,1,0,-0.48051816152316595,1,0,1,2,0,0,0,2,2,0,0,1,0.9968679384637742,-0.176253080375008
0,0,0,0,0.9613182596674271,1,2,1,0,2,2,0,2,2,0,1,2,1.353070712667481,1.6451205570183778
0,0,0,0,-1.2774445836787656,1,0,1,0,0,0,0,0,0,0,1,2,0.17630343025700462,-0.9748677814714664
1,1,1,0,-0.41506524279454626,1,0,1,0,0,0,0,0,2,0,1,1,0.5188785613623489,-0.24241253955926748
0,1,1,0,-1.0360904830627924,1,2,1,0,0,0,0,0,2,0,1,2,0.6571984927935909,-0.7259301527534255
0,0,0,0,0.1905840223875885,1,2,1,0,0,2,0,2,2,0,1,0,1.1455507516609018,0.6223061834707834
1,0,0,0,-1.2079480422675621,1,2,1,0,2,0,0,0,0,0,1,2,0.5674510314581108,-0.9002412447573879
1,0,0,0,-1.1165321728537754,1,2,1,0,0,0,0,2,0,0,1,2,0.6775654193160869,-0.8305262222318917
0,1,0,0,-0.9994235315315612,1,0,1,0,0,2,0,2,0,0,1,2,0.7604851033464275,-0.7141883224721244
1,0,1,0,1.1591078316316272,1,2,1,0,2,0,0,2,0,0,1,0,0.962579661463675,1.490409646374774
0,0,0,0,-0.9988966205797677,1,0,1,0,0,2,0,2,2,0,1,1,0.9914895959216486,-0.6837764540641581
0,0,0,0,-0.7888002190384014,1,0,1,0,2,2,0,0,0,0,1,2,0.49687906792965536,-0.5665266786131282
0,0,1,0,-0.838131955756196,1,1,1,0,2,2,0,0,0,0,1,2,0.6452440211965332,-0.6067079080076808
0,0,0,0,-1.004598883347549,0,1,0,0,0,0,0,2,2,0,1,2,-0.644429570395142,-0.8483110822899249
0,0,0,0,-0.11052610717139384,1,2,1,0,0,0,2,0,0,0,1,1,0.4975680896000287,0.02176582587302276
0,0,1,1,-1.2774445836787656,1,0,2,1,1,1,1,1,1,0,0,0,-1.4834979588124673,-0.9969004371170151
0,0,1,0,1.1146119908387513,1,2,1,2,2,2,0,2,1,0,1,2,1.4492170736381063,1.8199072206316036
1,0,1,0,1.0044370928406923,1,2,0,0,0,2,2,0,2,1,1,0,0.8325371707296124,1.2380212145925287
0,0,0,0,-0.2189640598785795,1,2,0,0,2,0,2,0,0,0,0,1,-0.06392228156822181,-0.22935943956281035
1,1,1,0,0.6457654150333939,1,2,1,0,2,2,2,2,2,1,1,2,1.5577751999615679,1.372188994829848
0,1,0,0,-1.2774445836787656,0,1,0,0,0,0,0,0,0,0,0,2,-1.3178417652745782,-0.9947014716915079
1,0,0,0,-1.1552764798852813,0,1,0,2,0,1,1,0,0,0,0,3,-0.9085459319622122,-0.9285636279798352
0,1,1,0,-1.2774445836787656,1,2,1,0,0,0,0,0,0,0,1,2,0.30749268959700765,-0.9731263395167435
0,0,0,0,-0.7669922729048513,1,2,1,0,0,2,0,0,0,0,1,2,0.5831608703069221,-0.5355774816513671
0,0,0,0,1.0755584182206606,1,0,1,0,0,2,0,2,2,1,1,2,1.0714286203905594,1.554552346828764
0,0,0,0,-1.0137181662309855,1,0,0,0,0,0,2,2,0,0,1,2,0.3924326593201427,-0.7579141175078972
0,0,0,0,-6.006855415408019e-06,0,1,0,0,0,0,2,0,0,0,0,1,-1.1958848193840785,-0.6278628980819614
0,0,0,0,-1.228144148103901,1,0,2,1,1,1,1,1,1,0,0,2,-1.5025641325064276,-0.9893226938136547
0,0,1,0,-1.0613092068610646,1,2,1,0,0,0,0,2,0,0,1,2,0.6385209799929721,-0.7861245467232048
0,0,0,0,-1.2669128859117136,1,2,0,0,0,0,0,0,0,0,0,3,-0.4851461393873735,-0.9764708262440155
0,0,0,0,-1.0331224013585834,1,0,1,0,0,0,0,2,0,0,1,2,0.4953909270459317,-0.7485381501142987
0,0,1,0,-0.24935096855261085,1,0,1,0,0,0,0,0,0,0,1,2,0.16057569539560124,-0.19584221109014394
0,0,0,0,-1.2774445836787656,1,0,2,1,1,1,1,1,1,0,0,3,-1.4614236229146842,-0.9966074163708929
0,0,0,0,0.14730929696910344,1,2,1,0,0,2,0,2,2,0,1,2,1.1671642249865624,0.6016610217900881
0,0,0,0,-1.2726494198204281,0,1,0,0,0,0,0,2,0,0,1,2,-0.9628610364158643,-0.9885022066722143
1,0,0,0,-1.2774445836787656,1,0,2,1,1,1,1,1,1,0,1,3,-1.5234518721316712,-0.997430796242903
1,1,0,0,0.11540099228711881,1,2,1,0,0,2,0,2,2,0,1,2,1.2166859084075956,0.5479389976372281
1,0,0,0,-1.181491751418466,0,0,0,2,0,0,0,0,0,0,0,3,-0.8872841905717596,-0.9364778429376894
0,0,0,0,-1.259257696077532,1,0,1,0,0,0,0,0,0,0,0,2,0.18923363226601556,-0.9595729385419443
1,0,1,0,-0.5252658536529796,1,2,1,0,0,2,0,2,2,0,1,2,1.206912116235212,-0.14761546159513353
0,0,0,0,-1.1985028372960533,1,0,0,0,0,0,2,0,0,0,1,2,-0.31551372211992984,-0.9084913135035173
1,0,0,0,-1.0618675635045884,1,0,0,2,0,0,0,0,0,0,1,2,-0.4655944102797779,-0.8659575534093702
0,0,0,0,-0.979246948819076,1,2,1,0,0,0,0,0,2,0,1,2,0.6521360983418423,-0.6628310033309331
1,1,0,0,-1.2774445836787656,1,0,1,0,0,0,0,0,0,0,1,2,0.16300622285016136,-0.9750442922237599
0,0,1,0,-1.2141817146121145,0,1,0,0,2,0,0,0,0,0,0,2,-1.1533844389716235,-0.9750776309491405
0,1,0,0,-0.9619287150852703,1,2,1,0,0,0,0,0,2,0,1,2,0.6505957747590984,-0.685931104118387
1,0,0,0,-1.186102390528971,1,0,0,0,0,2,0,0,0,0,0,2,-0.4994227540355512,-0.9375964943439249
1,1,0,0,0.15891849316836176,1,2,1,0,0,0,0,2,2,0,1,0,1.033073858525902,0.5255362922575001
0,0,0,0,0.38056959124005857,1,0,0,0,0,0,0,2,0,0,0,2,-0.29234707321640363,0.06228933869948369
0,0,0,0,-0.7656317916888369,1,2,1,0,0,0,0,2,0,0,1,0,0.7352512503751597,-0.46908492175027083
0,0,0,0,-1.1103390539371294,1,0,1,0,0,2,0,0,0,0,0,2,0.32331703633967196,-0.8426691127945911
0,0,0,0,-0.8286514197624886,1,2,1,0,0,2,0,0,2,0,0,2,0.8218875365222856,-0.5356835643910036
0,0,0,0,-1.2774445836787656,1,0,1,0,2,0,0,0,0,0,1,2,0.33526908506629294,-0.9727576280790502
1,0,1,0,1.2615781620567543,1,2,1,0,2,2,0,2,2,0,1,1,1.2904315559440165,1.9348506049183263
1,1,0,0,-1.1145631287986442,1,0,1,0,0,0,0,2,2,0,1,2,0.8326383374192206,-0.7970648868795966
0,0,0,0,-0.9925642785799531,1,0,1,0,2,0,0,2,0,0,1,2,0.6245662410194119,-0.7059209074907311
1,0,0,0,-1.1018405517248173,1,0,0,0,0,2,0,0,0,0,0,3,0.10663330793855108,-0.8267893593181002
1,1,0,0,-1.2774445836787656,1,2,1,0,0,0,0,0,0,0,1,2,0.3276408223105588,-0.972858887716244
0,0,0,0,-0.7012785771980765,1,2,1,0,2,2,0,0,2,0,1,2,0.9871774637384703,-0.3968132862350596
0,1,1,0,-1.1960038562387048,1,0,1,0,0,0,2,2,0,0,1,3,0.6596770363930969,-0.8873554615252721
0,0,0,0,-1.12817258085393,1,2,1,0,0,2,0,2,2,0,1,2,1.1857134899884205,-0.7942822062749884
0,0,1,0,-0.636823902751084,1,0,1,2,0,0,2,2,0,0,0,2,0.898048383579108,-0.32213648027596875
0,0,0,0,0.3725155729114992,1,2,1,0,2,0,0,2,0,0,1,1,0.822439712744196,0.6395646267563158
0,0,0,0,-0.9020725055714636,1,0,1,0,0,0,0,0,2,0,0,0,0.5069692945168937,-0.6276612187249839
1,0,0,0,-1.2577736475870058,0,1,0,0,0,0,0,0,2,0,1,2,-0.9766099632101304,-0.9832879672257694
1,0,0,0,-0.7201485324961325,1,2,1,0,0,2,0,2,0,0,1,2,0.8403554073505051,-0.4332137887865666
0,0,0,0,-0.9795329183055249,1,2,0,1,0,0,2,0,2,0,0,2,0.19551537633345425,-0.7488737469295874
0,0,0,0,-1.1869492230320988,1,2,1,0,2,0,0,0,2,0,1,1,0.8698272983615501,-0.8875824930766676
0,0,1,0,1.5322605130033284,1,2,0,2,0,2,2,0,0,2,0,0,0.47489122405261414,1.4800321170786481
0,0,0,0,-1.2774445836787656,1,0,2,1,1,1,1,1,1,0,1,3,-1.4807560278234828,-0.9968640399783684
0,0,0,0,-1.2774445836787656,1,0,1,0,0,0,0,0,0,0,0,2,0.1443174084616056,-0.9752923726354032
1,0,0,0,-0.43172044364608614,1,2,1,2,0,0,0,2,2,0,1,0,1.2123051681711134,0.0018612524456122891
1,0,0,0,0.9003091424467722,1,2,1,0,2,2,0,2,2,0,1,0,1.2850434354488898,1.4798049764805004
0,1,0,0,1.3503053652260522,1,1,0,2,2,1,2,2,0,2,0,1,0.41490539463062037,1.1987408901687469
1,0,0,0,-1.046043931299016,1,2,0,0,0,0,0,0,2,0,0,0,0.49220173624855645,-0.766157586605647
0,1,0,0,-1.2774445836787656,1,0,1,0,0,0,0,0,0,0,1,2,0.1804194635798931,-0.9748131441242355
1,0,0,0,-1.0141792090077364,0,1,0,0,0,0,0,2,2,0,1,2,-0.5720894104204262,-0.8401158640229467
0,0,0,0,-1.1552834925186746,0,1,0,0,0,0,0,0,0,0,1,2,-1.3427425043482428,-0.9657259400554151
1,0,0,0,-1.2298648831211108,0,1,0,0,2,0,0,0,0,0,1,2,-1.1444492173434915,-0.9795509720499898
1,0,0,0,-1.1146694225490033,0,1,0,2,0,0,0,0,0,0,0,2,-1.151073628130913,-0.943107504912764
1,0,0,0,-1.1145631287986442,1,0,2,1,1,1,1,1,1,0,0,3,-1.4787385594362046,-0.9530801110086461
1,0,0,0,-0.7822567302137113,1,0,1,0,0,0,0,0,0,0,0,3,0.1859996937109328,-0.5996747713099736
0,0,0,0,-1.1076425134940697,0,1,0,0,0,0,0,0,2,0,1,0,-0.6898048783915288,-0.8641683890451294
1,1,0,0,-0.7423166834497368,1,0,1,0,2,0,0,0,0,0,1,2,0.3114932780691732,-0.5610294021505833
1,0,0,0,-1.2367242199587352,1,0,0,2,0,0,0,0,0,0,1,2,-0.5396471702336908,-0.9652902042002589
0,0,0,0,-1.1935691663427683,1,2,1,0,2,0,0,2,0,0,1,2,0.8519145319017017,-0.887529420945176
0,0,1,0,-0.954039565976887,1,0,1,0,0,0,0,0,0,0,1,2,0.1419399245904347,-0.7223325085607694
1,0,0,0,-1.251732975547044,1,2,1,0,0,0,0,2,0,0,1,3,0.7071753591888199,-0.9484601415606846
0,0,0,0,-1.2176876155055587,1,2,1,0,0,2,0,0,2,0,0,2,0.8419010626014147,-0.9106514506007043
1,1,0,0,-0.9156602219993606,1,2,1,0,0,0,0,0,2,0,1,2,0.7167397778221393,-0.6312260111245525
1,0,0,0,-0.9207124212695366,1,2,1,0,2,0,0,2,2,0,1,2,1.1743613337850098,-0.5796037543873644
0,0,0,0,-1.2774445836787656,1,0,1,0,1,0,0,2,0,0,0,2,0.6308709527536078,-0.9688337283873001
0,0,0,0,-1.0719501270888552,1,0,1,0,0,2,0,0,0,0,0,2,0.37504234472980064,-0.8087611624432944
0,0,0,0,-1.1727332228038447,1,0,1,0,0,0,0,0,0,0,0,2,0.18786919979705916,-0.8950730246346198
0,0,0,0,1.1846474968201959,1,2,1,2,2,2,0,2,1,0,1,1,1.4348366693227066,1.8985199640681911
1,0,0,0,-1.148157773172377,1,0,1,0,0,0,0,0,0,0,1,2,0.16647658838574844,-0.8857528115372469
0,0,0,0,-1.261487927475446,1,0,0,0,2,0,0,0,0,0,0,3,-0.48269036931367987,-0.9723608484351965
0,0,0,0,-1.1450259242322682,1,2,0,0,0,0,0,0,2,0,1,0,0.5946365188263832,-0.8553469962182514
0,0,0,0,-1.2774445836787656,1,0,0,0,0,0,0,0,0,0,1,2,-0.6444509165124671,-0.9857626981832165
1,0,0,0,-1.2173175132284988,1,0,1,0,0,0,0,2,2,0,1,2,0.7982734642752031,-0.9053324167100861
0,1,0,0,-1.2603716891385839,0,1,0,0,0,0,0,0,0,0,0,2,-1.3257496390482493,-0.9915693717961049
1,0,0,0,-1.2767065661353068,0,1,0,0,0,0,0,0,0,0,1,2,-1.3394355703283725,-0.9947378383980539
0,0,0,0,-1.1552834925186746,0,1,0,0,0,0,0,0,0,0,1,2,-1.3411745678335545,-0.9667093645249202
1,0,0,0,0.7894059902296391,1,2,1,0,0,0,0,1,0,0,0,0,0.6644178115923642,0.929848827152594
1,0,0,0,-1.0419507892109856,1,0,0,0,0,0,2,2,0,0,1,2,0.22915127265119992,-0.8192238623525826
0,0,1,0,-0.7876133311555761,1,0,0,0,0,0,2,0,0,0,1,2,-0.44513286132138563,-0.715376554805862
1,1,0,0,0.1373090024730553,1,2,1,0,0,2,0,2,2,0,1,2,1.1649208039842929,0.5494784056158107
1,0,0,0,0.21921310446040154,1,2,1,0,0,0,0,0,0,0,0,2,0.34807132909155764,0.26491363467507695
0,1,0,0,-1.1037167746322547,1,2,1,0,0,0,0,0,0,0,1,2,0.3340099701046168,-0.8301788944699461
1,0,0,0,-0.4703514187483927,1,0,0,0,0,1,0,2,0,0,1,0,-0.15837187695402943,-0.46510767914602175
0,0,0,0,-1.2774445836787656,1,0,2,1,1,1,1,1,1,0,0,3,-1.5007082455456353,-0.9971288911499194
0,0,0,0,-0.8193898210349382,1,0,1,0,2,0,0,0,2,0,1,2,0.675609929134527,-0.5496299164808798
1,1,0,0,-1.2774445836787656,1,2,1,0,0,0,0,0,0,0,1,2,0.32197224576823963,-0.9729341339449673
1,0,0,0,-1.2628983220241379,1,0,2,1,1,1,1,1,1,0,1,3,-1.5038989780903884,-0.9941492503340157
0,0,0,0,-1.2583051373795004,1,0,2,1,1,1,1,1,1,0,0,3,-1.4886772781286064,-0.993018876881046
0,0,0,0,0.04867118830835193,1,0,1,0,2,0,0,0,2,0,1,2,0.6995882023137386,0.23255040321650267
1,0,0,0,-1.1824183866128974,1,2,1,0,0,0,2,0,0,0,0,0,0.5075786174800939,-0.882833708192556
0,0,1,0,1.2217544895483072,1,2,1,1,2,2,0,2,0,0,1,2,1.1562047986502606,1.692879463688959
0,0,0,0,-0.9228612387950249,0,1,0,0,1,0,0,0,2,0,1,1,-0.8946504513233289,-0.8459579064793856
0,0,0,0,-1.2774445836787656,1,0,1,0,2,0,0,0,0,0,1,2,0.37644540560237955,-0.9722110423868723
1,0,0,0,-1.2426297306310459,1,0,1,0,0,0,0,2,0,0,1,2,0.516214482567966,-0.946101753885977
0,0,0,0,-1.1960038562387048,1,2,1,0,0,0,0,0,0,0,1,1,0.31730443655738644,-0.9120042644608233
1,0,0,0,-0.3896098528440139,0,0,0,2,0,0,0,0,0,0,0,1,-0.841368336626509,-0.6362442313609925
0,1,0,0,0.64079022786368,1,2,1,0,2,0,0,2,0,0,1,2,0.7762731485940702,0.8516823185944863
1,0,0,0,-1.2525166394002698,1,2,1,0,0,0,0,2,0,0,1,2,0.6813527714942719,-0.9422763865330954
1,0,0,0,-0.8695206725782879,1,2,1,0,0,0,0,2,2,0,1,2,1.0255311689463984,-0.543679087108033
0,0,0,0,-1.086564547808188,1,0,0,0,0,0,2,2,0,0,1,2,0.6128489169313607,-0.7868739839948773
0,1,0,0,-0.790921389102523,1,0,1,0,0,0,1,2,2,0,1,2,0.9654165934145328,-0.4665267819502257
0,0,0,0,-0.8920584652089681,1,2,0,0,0,0,2,2,0,0,0,2,0.7847057994143117,-0.5945056480848889
1,0,0,0,-1.2009981903972324,0,1,0,0,0,0,0,0,0,0,0,2,-1.3286032981575306,-0.976816212691212
1,0,0,0,-1.0288080539744224,1,0,1,0,2,0,0,0,0,0,0,2,0.34379487379048335,-0.7731520509532781
0,1,0,0,-1.2774445836787656,1,0,1,0,0,0,0,0,0,0,1,2,0.16537846151007066,-0.9750128024817659
0,0,0,0,-0.3369751028728768,1,0,0,2,0,0,0,0,0,0,1,0,-0.47835094331049377,-0.46164287314459307
0,0,0,0,-1.1634151123134506,0,1,0,0,0,0,0,0,0,0,1,3,-1.3445636899457247,-0.9654878187035228
0,0,0,0,-0.918557452155898,1,0,2,1,1,1,1,1,1,0,0,0,-1.4906190454687884,-0.9202946368725244
0,0,0,0,-0.7782558529271223,1,0,1,0,0,0,0,0,0,0,1,1,0.2049961998921117,-0.6236949636632849
0,0,0,0,-0.5443252772165027,1,0,1,0,0,0,2,2,2,0,1,2,1.0060613554881295,-0.2378103526012243
1,0,0,0,-0.6354608039116189,1,0,1,0,0,1,2,2,2,0,1,2,1.1811626113733447,-0.27099787505939177
0,1,0,0,-0.24038740599535316,1,0,1,0,2,0,0,2,2,0,1,2,1.0716052472097652,0.17690467694282308
0,0,0,0,-0.2992379698067877,1,2,2,1,1,1,1,1,1,2,0,1,-1.329849621831022,-0.7003772184468271
0,0,0,0,-0.6929299982139173,1,2,1,0,2,0,0,2,0,0,1,0,0.8351551053772924,-0.4243337442015426
0,1,0,0,-1.140718808135532,1,0,1,0,0,2,0,2,0,0,1,2,0.6890020362205087,-0.8500193902688661
1,0,0,0,-1.2774445836787656,1,0,1,0,0,0,0,0,0,0,1,2,0.1661568704387379,-0.975002469669666
0,0,1,0,1.2757646142580599,1,2,1,0,2,2,0,2,2,0,1,2,1.397148066328135,2.044105880048493
0,0,0,0,-0.6051567983394295,1,0,1,1,0,2,2,2,2,0,1,2,1.3255326381565324,-0.2148707349156781
1,0,0,0,-1.2395222659081957,1,2,1,0,0,0,0,0,0,0,1,2,0.387393168715784,-0.9367516470543015
0,0,0,0,-0.8003143656955722,0,1,0,0,0,0,0,2,2,0,1,1,-0.6568705576175129,-0.7433132470240925
0,0,0,0,-1.0738427650786138,1,0,1,0,0,0,0,2,2,0,0,2,0.8476054827078698,-0.7798604858156195
1,0,1,0,1.163368049105678,1,2,0,2,2,2,2,2,0,0,0,1,1.1434886665614656,1.6185450833583535
1,0,1,0,-0.614368537900711,1,2,1,0,0,0,0,0,2,0,1,2,0.6448840335198825,-0.40857036417492665
0,0,0,0,-1.2774445836787656,1,0,2,1,1,1,1,1,1,0,0,3,-1.476886623391811,-0.996812676450203
0,0,1,1,-1.2757417228384442,1,0,0,0,0,0,0,0,0,0,1,0,-0.6783322922794772,-0.9854146894757597
0,0,0,0,-0.8774351758475274,1,0,1,0,0,2,0,2,0,0,1,2,0.6392199724532873,-0.6184937757828921
0,0,1,0,0.8712189240138052,1,2,1,2,0,1,2,1,2,1,1,1,1.3462582528009586,1.4808709821420636
0,0,0,0,-0.8583562283828533,1,2,1,0,2,0,2,0,0,0,1,2,0.6867378432297969,-0.5929264815702273
0,0,1,0,-0.9904547376820598,1,2,1,0,0,0,0,0,2,0,1,1,0.6793305127386096,-0.7270495688139028
0,0,0,0,-1.244685269228126,1,0,0,2,0,0,0,0,0,0,1,1,-0.5585395495077101,-0.9687746943086386
0,1,1,0,1.4785736159912468,1,2,1,2,2,0,0,0,2,0,1,1,1.1210743693835996,1.99488669415075
0,1,0,0,-0.658793022357432,1,2,1,0,0,0,0,0,0,0,1,2,0.3219474675093616,-0.48620915834914025
1,0,1,0,-0.87836017887742,1,0,1,0,0,0,0,2,0,0,1,0,0.4919400276825662,-0.6309708429720853
0,0,0,0,-1.183806268837234,1,0,0,0,0,0,0,0,0,0,1,3,-0.6534237210181891,-0.9345978176045179
0,0,0,0,-1.2774445836787656,1,0,0,0,0,0,0,0,0,0,0,2,-0.6489029935169414,-0.9858217962657901
0,0,0,0,0.256452450289148,1,1,2,1,1,1,1,1,1,2,0,3,-1.3754560354078256,-0.6446090638196653
0,0,0,0,1.1472666499731836,1,2,1,2,2,2,2,2,2,0,1,0,1.7418658944438312,2.0857902540771844
1,0,0,0,-1.1793489743645822,1,0,1,0,0,0,0,2,2,0,1,2,0.8030169553210285,-0.866573396341664
0,0,1,0,1.1373508125102416,1,2,1,0,0,2,2,2,2,1,1,1,1.3379424451886501,1.7899788774279948
0,0,0,0,-0.7423657898986931,1,1,1,0,2,0,0,0,2,0,1,0,0.8454121348295431,-0.4496774015415999
1,0,1,0,0.2570872522400467,1,2,1,0,2,0,0,2,2,0,1,2,1.1619239228730611,0.7106306681096073
1,0,1,0,0.6729643750124814,1,2,1,0,0,2,2,1,2,0,1,0,1.2754480275648927,1.2310638773405254
0,0,0,0,0.7178532386027215,1,2,1,2,2,0,2,2,2,1,0,2,1.4824819928632846,1.4500643633506145
1,0,0,0,-1.1483658761631639,1,2,1,0,2,2,0,0,0,0,1,0,0.668815064610053,-0.8377878420293124
0,0,0,0,1.4339178050122137,1,2,1,2,2,2,2,2,2,1,0,1,1.7053883836220611,2.4466857100851795
0,0,0,0,0.1790060967558753,1,2,1,0,2,0,0,2,2,0,1,2,1.151122997294253,0.6334751641392166
0,0,1,0,-0.37141197063255615,1,2,0,2,0,0,2,2,2,0,1,1,0.688444767671698,-0.11281458712434117
1,1,0,0,-0.9408570647525702,1,2,1,0,0,0,0,2,2,0,1,2,1.0125135023838818,-0.6384589006007867
0,1,1,0,-0.18781996312022198,1,2,1,0,0,0,2,2,2,0,1,0,1.238442966531021,0.24082810522434608
0,0,0,0,0.19080524973726903,1,2,1,0,0,2,0,0,2,0,1,1,0.8343218445955278,0.5077070943262534
1,0,1,0,-0.7511421723607685,1,2,1,0,0,2,0,2,2,0,1,2,1.1267595442936846,-0.3892742738115169
1,0,0,0,-0.2457160321913111,1,2,1,0,2,2,0,2,2,0,1,2,1.365045058418658,0.22971738056053753
1,0,0,0,-0.9988201170531957,1,2,1,0,0,0,0,2,2,0,1,2,0.9898751873485137,-0.689407168795518
0,0,0,0,-0.36725594827857555,1,0,0,0,2,0,2,0,0,0,1,3,-0.22049363022780494,-0.36785459619659766
1,0,1,0,0.8198018592328417,1,2,1,0,2,2,0,2,2,0,1,0,1.305117392567707,1.354064812564882
0,0,0,0,-0.5853817716555735,1,2,1,2,0,0,2,2,2,0,1,0,1.2991291608362616,-0.16302522064118824
1,0,1,0,0.5701879692634363,1,0,0,2,0,1,2,2,2,1,0,0,0.45744527055870815,0.603331028784955
0,0,0,0,-1.0993197126949565,1,0,2,1,1,1,1,1,1,0,0,0,-1.4872466733043668,-0.9591244374984774
0,0,0,0,1.1891079651448775,1,2,1,0,2,0,2,2,2,1,1,1,1.3966051399491972,1.9517101171551212
0,0,0,0,1.2064976032430856,1,2,1,0,0,2,0,2,2,1,1,2,1.1407005477020749,1.7839033306701142
1,1,1,0,0.8947218571276109,1,2,1,0,0,2,0,2,2,0,0,2,1.1943304393532383,1.4157347547573413
0,0,0,0,-1.2774445836787656,1,0,2,1,1,1,1,1,1,0,1,2,-1.5049052685428983,-0.9971846035761436
0,0,0,0,-0.3336954908730958,1,2,1,2,2,0,0,0,2,0,1,1,0.9975588113104289,0.004403771207125845
1,0,0,0,-0.8708019243504829,1,2,1,0,0,0,0,2,0,0,0,2,0.6545125618276463,-0.577970076889964
0,0,1,0,0.8600870402398922,1,2,1,0,2,0,0,2,2,0,1,1,1.1687891128120818,1.3147194324276896
0,0,0,0,-1.0814949513358203,1,2,1,0,2,0,0,2,0,0,1,2,0.8465144665167844,-0.781246476081897
1,0,1,0,1.3317672856432816,1,2,1,0,2,2,0,2,2,0,1,1,1.3355672171649149,2.078291648071608
0,1,0,0,-1.2650719513946858,0,1,0,0,0,0,0,0,0,0,0,2,-1.3327087543104563,-0.9925529325755451
1,1,1,0,-1.183918354162198,1,0,1,0,0,0,0,0,0,0,0,3,0.19280861652518602,-0.9075256315839391
1,0,0,0,-0.9460610974542112,1,2,1,0,2,0,0,2,2,0,1,2,1.1654193295929474,-0.6098288612982954
0,0,0,0,-0.5072543622424843,1,2,1,0,2,0,0,2,0,0,1,0,0.8480454584345678,-0.1835484759359779
1,1,0,0,-1.2774445836787656,1,2,1,0,0,0,0,0,0,0,1,2,0.3004903363043329,-0.9732192906612732
0,0,1,0,-1.2774445836787656,1,0,1,0,0,0,0,0,0,0,1,2,0.1410100145450395,-0.975336275882941
0,0,1,0,1.269161005542345,1,2,1,0,0,2,2,2,2,0,1,1,1.3295668676946992,1.9236603508131864
1,0,0,0,0.6219704094444581,1,0,2,1,1,1,1,1,1,1,0,3,-1.5062285641716517,-0.6088686216166268
0,0,0,0,-0.5742518808638029,1,2,1,2,2,0,0,0,2,0,1,1,1.009072663819452,-0.24639758068860834
1,0,0,0,1.317552273710983,1,2,1,0,2,0,2,2,2,1,1,1,1.3396246281167286,2.0376483983033844
0,0,0,0,-0.7459245590858007,1,2,1,0,2,2,0,0,2,0,1,1,1.016851048142784,-0.40567003618341996
1,0,0,0,-0.45524080873634043,1,0,1,0,0,2,0,2,2,0,1,1,1.005776769282938,-0.17724851496779942
0,0,1,0,0.17332445513307781,1,2,1,2,0,2,0,2,2,0,1,2,1.2973240654736846,0.7008055113040479
1,0,0,0,-1.0952940574538188,1,0,0,2,0,0,0,0,0,0,1,2,-0.47514335081158965,-0.8850034331697608
1,0,0,0,0.8922111000500395,1,2,1,0,0,2,2,2,2,1,1,2,1.3108234972812536,1.5446111769702597
0,0,0,0,-1.1213684325045479,1,0,0,0,0,2,2,2,2,0,0,2,0.3397334238136306,-0.8472433029430154
0,0,0,0,-0.154058919661213,1,2,1,0,0,0,0,0,2,0,1,2,0.6642369117815742,0.05825950152808321
0,0,0,0,-1.2774445836787656,1,0,1,0,0,0,0,0,0,0,1,2,0.17236801815726877,-0.9749200212033933
1,0,0,0,-1.2397659758589816,1,2,1,0,0,0,0,0,0,0,1,2,0.3555434807205462,-0.9428920316076683
0,0,0,0,-1.023992816605043,1,2,1,0,0,0,0,2,2,0,1,2,0.9955829592255439,-0.6910560533925669
0,0,0,0,-0.67637734866597,1,0,2,1,1,1,1,1,1,0,0,0,-1.4861440212613153,-0.8653396289533546
1,0,0,0,-1.2162915865732649,0,1,0,0,0,0,0,0,0,0,0,0,-1.332531804480705,-0.9753758164035753
0,0,0,0,-0.2414401547350808,1,2,1,0,0,0,2,0,0,0,1,1,0.5211680332165,-0.07194021783998666
0,0,0,0,0.09830445284969919,1,0,0,2,0,2,2,2,0,1,0,2,0.8106568203539983,0.38051058386060466
0,0,0,0,1.2622743276259447,1,2,1,2,0,0,2,2,2,1,1,1,1.3928791879723765,1.9761249187690269
0,0,0,0,-0.8394641498451876,0,1,0,0,1,0,0,0,2,0,1,1,-0.8929386405320272,-0.8268447266080953
1,0,1,0,0.6479596199564864,1,2,1,0,0,0,0,2,0,0,0,2,0.6552447531122239,0.8413703662292591
0,0,0,0,-1.2245943465405955,1,0,1,0,0,2,0,2,2,0,0,2,0.9859197379089838,-0.909041985625993
1,0,1,0,1.2930044936248557,1,0,0,2,0,0,2,2,2,1,0,0,0.33945277519566175,1.0964633875126668
0,0,0,0,-0.5100408417425977,1,2,1,2,2,0,0,0,2,0,1,2,1.0093816600200316,-0.17865873083399014
0,1,0,0,-1.1145631287986442,1,0,1,0,0,0,0,0,0,0,1,3,0.15223335316787154,-0.8638241491805636
0,0,0,0,-1.2774445836787656,1,0,0,0,0,0,0,0,0,0,0,2,-0.6394714853467013,-0.9856965998578936
0,0,0,0,-0.8527811732147719,1,2,1,1,0,0,2,2,0,0,1,1,1.0368495141357716,-0.45336045520000934
0,0,0,0,-1.2774445836787656,1,2,0,0,0,0,0,0,2,0,1,2,0.3974840683026039,-0.971931769448815
0,0,0,0,-0.4693322627189697,1,2,1,0,0,2,0,0,2,0,1,2,0.8028705385100046,-0.18102001411841528
1,1,0,0,-0.7472325406791986,1,2,1,0,2,2,0,2,2,0,1,2,1.398809885332194,-0.35346933853811946
0,0,1,0,-1.0106255097996002,1,2,1,0,0,0,0,0,2,0,1,2,0.6732200031660363,-0.6872340560718853
1,0,1,0,-0.7735892530703604,1,2,1,0,0,2,0,2,2,0,1,2,1.1796283265654677,-0.40913862038219345
0,0,0,0,-1.1718064061387636,1,0,0,0,0,2,2,2,2,0,1,2,1.0430467837904205,-0.8605948119776735
0,0,0,0,1.4088477343819508,1,2,1,2,2,2,0,2,0,0,1,1,1.2697095708736101,2.0312424044229487
0,0,0,0,-0.8172367696651724,1,2,1,0,0,0,0,0,2,0,1,2,0.6518015822804799,-0.537796312085763
0,0,0,0,0.07614221650464709,1,2,1,0,2,2,0,2,2,0,1,2,1.327212519712497,0.5692342549298595
1,0,0,0,-1.1857026714301562,1,0,1,0,0,0,0,0,0,0,1,2,0.17826445127505458,-0.9192620625074663
0,0,0,0,-1.0283789673970016,1,2,1,0,0,0,0,2,0,0,1,0,0.6519518977999983,-0.7365212068871693
0,0,0,0,-0.889411743431982,1,2,1,0,2,0,0,0,0,0,0,0,0.5173773956535688,-0.6276295060692039
1,0,0,0,-0.38753110935972895,1,0,0,0,2,0,2,0,0,0,1,1,-0.24594943026561208,-0.4274121589255297
1,0,0,0,-1.2773543971971983,1,0,1,0,0,0,0,2,0,0,1,2,0.49146465679618384,-0.9706043414286388
1,0,0,0,-1.2774445836787656,1,0,1,0,0,0,0,2,2,0,1,2,0.8545180920452662,-0.9658649753554163
0,1,0,0,-1.2774445836787656,1,0,1,0,0,0,0,0,0,0,1,2,0.17448232668391714,-0.9748919552962293
0,1,0,0,-1.244596889319276,0,1,0,0,0,0,0,0,0,0,0,2,-1.3373374842248613,-0.9887322434313741
0,0,0,0,1.340472337901378,1,2,1,0,0,2,2,2,2,1,1,1,1.3719992927482567,2.037327888911194
0,0,0,0,-0.9101886974591329,1,2,1,0,0,0,2,1,2,0,1,2,1.1206622287650874,-0.5383178064206925
1,0,0,0,-1.2479431095284597,1,0,0,2,0,0,0,0,0,0,1,2,-0.5319884296820305,-0.9698863837394832
1,1,0,0,-1.2758014833326345,1,2,1,0,0,0,0,2,2,0,1,2,0.9574099561239884,-0.9629379169506804
1,1,0,0,-1.2774445836787656,1,2,1,0,0,0,0,0,0,0,1,2,0.32867958185894924,-0.9728450989391173
0,0,0,0,0.7976388722557735,1,2,1,0,2,0,0,2,2,0,1,1,1.1285929868710012,1.2425906588531128
1,0,0,0,-1.2774445836787656,1,0,0,0,0,0,0,0,2,0,1,3,0.5159645846407387,-0.9703590268096198
1,0,0,0,-0.5496599498242201,1,0,1,0,0,0,0,0,0,0,0,3,0.1954919623595408,-0.4194164205051346
0,0,0,0,-0.7073594915983407,1,0,2,1,1,1,1,1,1,0,0,0,-1.5051228071903422,-0.8773823274392089
0,0,0,0,-0.9355122630109552,1,0,0,0,0,0,2,0,0,0,0,0,-0.47437962408184176,-0.8023365203348387
0,0,0,0,-1.170530989270174,1,0,1,0,2,0,1,2,2,0,1,2,1.0842302748929784,-0.8394696763127841
0,0,1,0,0.7962827779284067,1,2,1,0,2,2,2,2,2,0,0,2,1.5967369596390393,1.5249048836208303
0,0,0,0,-0.9109613101984924,1,2,1,0,2,0,0,0,0,0,1,0,0.532369639930622,-0.6435752620454356
0,0,0,0,-1.2774445836787656,1,0,1,0,0,0,0,0,0,0,1,2,0.14751132309581955,-0.9752499757427628
0,0,0,1,-1.215195087866109,1,0,0,2,0,0,2,0,0,0,1,2,-0.2827389410701407,-0.9473910179756174
0,0,0,0,-1.2774445836787656,1,0,1,0,0,0,0,0,0,0,1,3,0.21006776629410653,-0.9744195844800039
1,0,1,0,-0.6646352585007501,1,2,1,0,0,0,0,2,2,0,1,2,0.9449007805931888,-0.3668586984738978
0,1,1,0,-1.0722571948765554,1,2,1,0,0,0,0,0,2,0,1,2,0.6512946424634506,-0.7933081730906985
0,0,0,0,-0.9999596613706346,1,2,1,2,0,0,0,0,0,0,1,2,0.49103745853654185,-0.7158108815711389
1,0,0,0,-1.2774445836787656,1,0,2,1,1,1,1,1,1,0,1,3,-1.49466859887476,-0.9970487192352576
1,0,0,0,-1.2774445836787656,1,0,2,1,1,1,1,1,1,0,0,3,-1.481985985770703,-0.9968803667751093
0,0,1,0,-0.06122232346479828,1,0,0,1,2,0,2,2,2,1,0,0,0.7622134651393226,0.14987607257234134
0,0,1,0,0.35961866261410425,1,2,1,0,0,0,0,2,0,0,1,2,0.6837389742721138,0.5436779308158722
0,0,1,1,-0.6940982276582087,0,1,0,2,0,0,0,0,0,0,0,1,-0.6766482747657423,-0.6425596683995225
1,0,0,0,-0.811292313038563,1,2,1,0,0,2,0,2,0,0,1,2,0.8294019091096317,-0.5280228704275384
0,0,0,0,-1.2774445836787656,1,0,0,0,0,0,0,0,0,0,1,2,-0.6866023455457845,-0.9863222277311341
0,0,0,0,-1.2576325115206077,0,0,0,0,0,0,0,2,0,0,1,3,-0.5108897948361348,-0.9778453296486995
0,0,0,0,-1.2367242199587352,1,0,0,0,2,0,1,0,0,0,1,1,-0.41097753024208417,-0.9627215821217567
0,0,1,0,0.730816647855174,1,2,1,0,2,2,0,0,0,0,1,2,0.7274675847317704,0.9640942430666932
1,0,1,0,-1.1123704332496265,1,0,0,0,0,2,0,0,0,0,0,2,-0.1754860422245057,-0.8880283255551333
1,1,0,0,-0.4595965138738012,1,2,1,0,0,0,0,2,2,0,1,2,1.0519910592630195,-0.12018032545894686
1,0,0,0,0.6212781001381416,0,1,0,0,2,2,0,2,2,1,1,2,-0.27224321754547987,0.18606980291616385
1,0,0,0,-1.2072577576049413,1,0,1,0,0,0,0,0,0,0,0,3,0.19487706651785797,-0.9208710817024809
1,0,0,0,-1.2745591191604193,0,1,0,0,2,0,0,0,0,0,1,3,-1.0561836130852946,-0.9893617828506085
0,0,0,0,-1.207832047267497,1,0,1,0,0,0,0,2,2,0,1,2,0.8360080951204809,-0.9111737458134294
0,0,0,0,-0.9064531642329072,1,0,1,0,0,2,0,2,2,0,1,2,1.00997796507409,-0.5965462604082332
0,0,1,0,-0.1898402137872993,1,2,1,0,0,0,0,0,2,0,0,1,0.7041782840260891,0.007790131132682121
0,0,0,0,-0.826496234984038,1,1,0,2,2,2,0,0,2,0,1,0,1.1567279441646792,-0.4579858365200242
1,0,0,0,-1.2766756980193528,1,0,0,0,0,0,0,0,0,0,1,3,-0.6339725618391253,-0.9851950036619876
1,1,0,0,0.13559203052813726,1,2,1,0,0,0,0,2,2,0,1,2,0.9855904926404007,0.5268111747626134
1,0,1,0,0.13441155242738023,1,2,1,0,0,0,0,2,2,0,1,0,0.972124335662772,0.4925459186878032
0,0,0,0,-0.00942877185263219,1,2,1,0,0,0,0,2,0,0,1,1,0.723207990758811,0.22595931993867502
0,1,0,0,0.824840583511623,1,2,1,0,0,2,0,2,2,0,1,2,1.1278070990411098,1.2688612203411853
1,0,1,0,-0.988057337956307,1,0,1,0,0,0,0,2,0,0,1,1,0.5205291127195871,-0.7419286182479666
1,0,0,0,-0.9222094751285973,1,0,0,0,0,0,2,0,0,0,0,3,-0.4445434450641708,-0.7788832607435916
0,0,0,0,-1.2377161234913283,0,1,0,0,0,0,0,0,0,0,1,3,-1.3139248023253705,-0.9843477041607265
1,0,0,0,-1.264313553707898,1,0,0,0,0,0,0,0,0,0,1,1,-0.631443925005549,-0.980112739401531
1,0,1,0,-1.1856708699873337,1,0,1,0,0,2,1,0,0,0,0,2,0.47431649910266604,-0.8925246800072258
0,0,0,0,-0.9187980087951543,0,1,0,0,0,2,0,0,0,0,0,1,-1.173922543893212,-0.8844874842207349
1,0,0,0,-1.2435390591825217,1,0,0,0,0,0,0,0,0,0,1,1,-0.6257873922942839,-0.9713720610749541
0,0,0,0,-1.1350257681231073,1,0,1,0,0,0,0,2,0,0,0,2,0.5811758288617618,-0.8408818324563805
0,0,0,0,1.1183863848973061,1,2,1,0,0,2,0,2,2,1,1,2,1.0965511954179763,1.6126203252966462
0,0,1,0,0.6929645458000595,1,2,1,0,0,0,0,2,2,0,1,0,1.040569730161099,1.0142707030399256
0,0,1,0,0.9984912152184559,1,2,1,0,2,0,0,2,2,0,0,1,1.1762077099104975,1.5208959740493175
1,0,0,0,-1.2774445836787656,1,0,2,1,1,1,1,1,1,0,1,3,-1.4865394145945259,-0.9969408102293337
0,1,0,0,-0.7238862225097046,1,2,1,0,0,0,0,2,0,0,1,2,0.6645897737547334,-0.4654697821915913
1,0,0,0,-1.2774445836787656,1,0,2,1,1,1,1,1,1,0,0,3,-1.4784765811578215,-0.9968337819825758
0,0,0,0,-1.2042331832366202,0,1,0,0,0,0,0,0,0,0,1,3,-1.3351242448501945,-0.9759468307186507
0,0,0,0,-1.2774445836787656,1,0,1,0,0,0,0,0,2,0,1,2,0.5362002905338281,-0.9700904125388865
1,0,1,0,0.19058118901076226,1,2,1,0,0,0,0,2,2,0,1,0,1.0449041173037232,0.5203245818918678
0,1,0,0,-1.2774445836787656,1,0,1,0,0,0,0,2,0,0,1,2,0.4783579162281988,-0.9708582279674008
0,0,0,0,-0.5981927697347433,1,0,0,2,0,0,0,0,0,0,1,1,-0.24947559679663722,-0.6013310148510619
0,0,0,0,-1.0539753500847833,1,0,0,0,0,2,2,2,2,0,1,3,1.0233042498572602,-0.756721855941861
1,0,0,0,-0.9240360605373967,1,0,1,0,2,2,0,0,0,0,1,2,0.5025717727444659,-0.6612007255256955
1,0,1,0,1.3286586944031769,1,2,0,2,2,2,0,0,0,1,0,1,0.8195019402289171,1.530245075288864
0,0,0,0,-0.5089834648101719,1,2,1,2,2,0,0,2,0,0,1,2,0.9850570111795457,-0.1731529933630458
0,0,0,0,-0.4133831074553975,1,2,1,0,2,0,0,0,0,0,1,2,0.5197195596033418,-0.23564906789991624
1,0,0,0,-1.2774445836787656,1,0,1,0,0,0,0,0,2,0,0,2,0.5001410527583465,-0.9705690726809855
1,0,0,0,-1.075020799090205,1,0,0,0,0,0,2,0,0,0,1,2,-0.3846133634821771,-0.8594373558294421
1,0,0,0,-1.2774445836787656,1,0,1,0,0,0,0,0,2,0,1,2,0.5228898930281596,-0.9702670983801438
0,0,0,0,0.035155130349307284,1,0,1,2,0,2,2,2,1,1,1,2,1.2851624338641103,0.48277869935163653
1,0,0,0,-0.8862112598949785,0,0,0,0,0,0,2,2,0,0,0,2,-0.46026910167838325,-0.766346463935129
1,0,0,0,-1.0141676055659408,1,2,1,0,0,0,0,2,0,0,1,2,0.641770932988595,-0.7384262180173673
1,0,0,0,1.0938638392143334,1,0,1,0,2,2,2,2,2,1,1,0,1.3974649201012856,1.762178785541634
1,0,0,0,-1.1302500718581674,1,2,1,0,0,0,0,0,2,0,1,2,0.6988397958015904,-0.835192270712897
0,0,1,0,-1.2774445836787656,1,0,1,0,0,0,0,0,0,0,1,2,0.1413330581498569,-0.9753319877141575
0,0,0,0,-0.8633607349951045,1,2,1,2,2,2,0,0,1,0,0,0,1.088013658669751,-0.5049395948879872
0,0,1,0,-1.0042829208360882,1,2,1,0,0,0,0,2,0,0,1,2,0.7184391860089554,-0.7211641090413654
1,0,1,0,-0.35100407453297977,1,0,1,0,0,0,0,0,0,0,1,2,0.19321216172653644,-0.2641692978131406
0,0,0,0,-1.2035648280749518,1,0,1,0,0,0,0,0,0,0,1,0,0.1902199006318193,-0.9264134753712698
1,0,0,0,-1.2774445836787656,1,0,1,0,0,0,0,0,0,0,1,2,0.15603559051670013,-0.9751368222956386
0,0,0,0,0.0383092072948112,1,2,1,0,2,2,0,2,2,0,1,2,1.3157748919787848,0.5118920412882936
1,0,1,0,-0.6220409111427857,1,0,1,0,0,0,0,0,0,0,1,2,0.14239393422320845,-0.4940741468194237
0,0,0,0,-0.7450947276336444,1,2,1,2,0,0,0,0,0,0,0,2,0.5390914272742247,-0.5195118135130191
0,0,0,0,-0.5106447389066717,1,2,1,0,0,0,0,2,0,0,1,2,0.6808076296575051,-0.24728603071305466
1,1,1,0,0.8633313059149534,1,2,1,2,0,2,0,2,2,0,1,1,1.3153426070613328,1.4901333509973704
1,0,1,0,-1.103914228684457,0,1,0,0,0,0,0,0,2,0,0,2,-0.9647881612049634,-0.9207883189972709
0,0,0,0,-1.2774445836787656,1,0,1,0,0,0,0,0,0,0,1,2,0.14906789754920421,-0.975229313349573
0,0,0,0,0.4373842773313638,0,1,0,0,2,2,0,2,2,0,1,1,-0.3461183758409976,0.010770467125191863
0,0,0,0,-0.6671849761278811,1,2,0,0,0,0,0,0,2,0,1,3,0.062356829261955016,-0.5891533069185675
0,0,0,0,-0.760333201036181,0,1,0,0,0,0,2,0,0,0,0,1,-1.1717512045834666,-0.8359876264881332
0,0,0,0,-1.2774445836787656,1,0,0,0,0,0,0,0,2,0,1,2,-0.28762633963459994,-0.9810261115771369
0,1,1,0,1.2565884448479856,1,2,1,2,0,2,0,2,2,0,0,0,1.3410917834899398,1.9022194942772344
1,0,0,0,0.14981620396550666,1,2,1,0,0,0,0,0,0,0,0,2,0.34736330765874246,0.18193454912102291
0,1,0,0,-1.2133898594683123,1,2,1,0,0,0,0,2,2,0,1,2,0.9820136386383915,-0.9019304357449147
0,0,1,0,0.13061988519951828,1,0,1,0,0,0,0,2,0,0,0,1,0.44766257496785444,0.19691821584481994
1,0,1,0,-0.9119735736835002,1,0,1,0,0,0,0,0,0,0,1,2,0.17727678750987025,-0.7154738917425858
0,0,0,0,-0.7024688121660508,1,0,1,0,2,0,0,0,0,0,1,1,0.348803540474169,-0.49587442329477516
1,0,1,0,-0.39938640796923885,1,2,1,0,0,2,0,2,2,0,1,2,1.1973776002881327,-0.011870490986340854
0,0,0,0,-0.29323258379301764,1,2,1,0,0,0,2,2,2,0,0,0,1.15095417270014,0.07726765695612953
0,1,1,0,0.7293091277429096,1,2,1,2,0,0,0,0,0,0,1,2,0.42456390758124873,0.6500594999538235
0,1,0,0,0.17708990885782133,1,2,1,0,2,2,2,2,2,0,1,2,1.5416763908710946,0.7873651766865496
1,0,0,0,-1.2774445836787656,1,0,0,0,0,0,0,0,0,0,1,2,-0.6354486742615902,-0.985643199968034
0,0,0,0,-0.653866564998518,1,2,1,1,2,0,0,2,0,0,1,2,0.976139991441415,-0.3223417765201663
1,0,0,0,-0.4357319395443696,1,2,1,0,0,2,2,2,2,0,1,2,1.3510737147132332,0.019424127703317008
1,0,0,0,0.30246278802495885,1,2,1,0,0,1,2,2,2,0,0,0,1.3173466414465214,0.7977584423071394
0,1,0,0,-0.744063709026657,1,2,1,0,2,0,0,0,0,0,1,2,0.4768884500145506,-0.5152676467483899
0,1,0,0,-0.044924864622411936,1,2,1,0,0,2,2,2,2,0,1,2,1.3243015104353022,0.4356500305275932
0,0,0,0,-0.2834527812312888,1,0,1,0,2,0,0,0,2,0,0,2,0.6677919068586257,-0.06895651894621337
1,1,1,0,-0.17769165294671152,1,2,1,0,0,0,0,2,2,0,1,2,0.9883682352566583,0.1261016923121288
1,0,0,0,-0.7350830508674624,1,2,1,0,0,0,0,2,2,0,1,2,0.9515735213554322,-0.3988016869972484
0,0,0,0,-0.9452970149884201,1,0,1,0,0,0,0,2,0,0,1,0,0.502093650061915,-0.6738977488109907
0,0,0,0,-1.2774445836787656,1,0,1,0,0,0,0,0,0,0,1,3,0.18062005845074192,-0.9748104813732926
0,0,0,0,-1.2774445836787656,0,1,0,0,0,0,0,0,0,0,0,3,-1.315570627737992,-0.9946713239933576
0,1,0,0,-1.1620053570315239,1,2,1,0,0,2,0,0,2,0,1,2,0.8001557461656584,-0.8523164226725496
1,1,0,0,0.2367566675771698,1,2,1,0,0,2,0,2,2,0,1,2,1.1647744285573454,0.6986799976129091
0,1,0,0,-0.13425096667733802,1,2,1,0,0,2,2,2,2,0,1,2,1.2951383429445578,0.32413532531622363
0,0,1,0,-1.05368172754548,1,0,1,0,0,0,0,0,0,0,1,2,0.1465695090048901,-0.7984249424794632
1,0,0,0,-0.46344015865141075,1,2,0,0,0,2,0,0,0,0,0,2,0.3880021919059505,-0.2567229675112683
1,0,0,0,-0.37464010434572975,0,1,0,0,0,0,0,0,2,0,0,0,-0.945422467255541,-0.6152433544149488
0,0,1,0,0.8741567579937284,1,2,1,0,2,0,0,2,2,1,1,1,1.2225981165793822,1.3607544243097254
0,0,0,0,0.018832512786518374,1,2,0,0,2,0,2,0,0,0,0,1,0.48060642723951486,0.14317312207031674
0,0,1,0,0.8649568621032737,0,1,0,0,2,2,1,2,2,1,1,2,-0.14999988947135115,0.4097697069097954
1,0,0,1,-1.2774445836787656,0,1,0,0,0,0,0,0,0,0,0,2,-1.3217878564172294,-0.9947538531799586
0,0,0,0,-0.11626476837773686,1,2,0,2,2,0,0,0,0,0,0,1,-0.18455638632155266,-0.2459535660541277
1,0,0,0,-1.2774445836787656,1,0,2,1,1,1,1,1,1,0,1,3,-1.5168679705571129,-0.9973433997404348
0,1,1,0,0.7603032605164899,1,2,0,2,0,0,1,0,0,0,0,2,0.0635225916764669,0.5049022097614793
0,1,0,0,-0.9229012175975284,1,2,1,0,0,0,0,2,2,0,1,2,0.9947200267659492,-0.5844743685600724
0,1,0,0,-1.0454395793692455,1,2,1,0,2,0,0,2,2,0,1,1,1.122288446441256,-0.7216478207370015
0,0,1,0,-0.9448768611973583,1,2,1,0,0,0,0,0,2,0,1,2,0.6716860826549563,-0.6290122372537182
1,0,0,0,-0.7627339755692853,1,2,1,0,2,0,0,0,0,0,1,2,0.5152771497703293,-0.5205490655932162
0,0,0,0,-1.2511929693535015,1,0,0,0,0,0,0,0,0,0,1,0,-0.666549985233231,-0.9758310793974329
1,0,0,0,-1.2774445836787656,1,0,1,0,0,0,0,0,0,0,1,2,0.17305309486394244,-0.9749109273086246
1,0,1,0,-1.0890864974860204,1,2,1,0,0,1,0,0,0,0,1,0,0.49273887441975484,-0.8329659503058817
0,0,0,0,-0.3965861970582188,1,2,1,0,2,2,0,0,2,0,1,2,0.9737736401947183,-0.0877112513831046
0,0,0,0,0.16148417060701836,1,2,1,0,0,2,0,2,2,0,1,2,1.2109062904239098,0.6241047265948103
1,0,1,0,-1.0894736366841205,1,2,1,0,0,2,0,2,2,0,0,2,1.2091554517901022,-0.7630494851656574
0,0,0,0,-1.1658235037323643,1,0,1,0,0,0,0,2,2,0,0,2,0.8445716952812766,-0.8505566578048579
1,0,0,0,-1.1366076805114345,1,0,0,0,0,0,2,0,0,0,0,2,-0.5079861916667587,-0.9199782486325733
0,0,0,0,-0.47508327150702084,0,1,0,0,0,2,0,2,0,0,1,2,-0.8312637965773557,-0.6521915040931371
1,0,0,0,-1.2774445836787656,1,1,2,1,1,1,1,1,1,0,1,3,-1.3653281404999753,-0.9953318187680235
0,0,0,0,-1.0121326010343854,1,0,1,1,0,0,0,2,0,0,0,2,0.5751581275319825,-0.741986000951382
0,0,0,0,-1.2206331212292965,1,0,2,1,1,1,1,1,1,0,0,2,-1.5005289485981859,-0.9850930718105019
1,1,0,0,-0.6133046172922891,1,2,1,0,0,0,0,2,0,0,1,2,0.7838588127694983,-0.36762275837844893
0,1,0,0,-1.2694554474591615,1,0,1,0,0,0,0,0,0,0,1,2,0.16080569909714826,-0.9697025829546386
0,0,0,0,-1.2774445836787656,1,0,1,0,0,0,0,0,0,0,0,3,0.2006224207242961,-0.9745449645693106
1,0,1,0,-0.8426649670581275,1,2,1,0,0,0,0,0,2,0,1,2,0.6795545741422359,-0.5759178761907209
0,0,0,0,-1.2371728574121788,1,0,1,0,0,2,0,0,0,0,0,1,0.42241756320838286,-0.9416145538577748
1,0,0,0,-1.0334706216341385,1,0,1,0,0,0,0,0,0,0,1,3,0.17909967695949972,-0.7931020877977529
0,0,0,0,-0.8907642564726,1,0,1,0,0,2,0,2,2,0,1,2,1.0219887222759092,-0.590581392231317
0,0,0,0,-1.003135755360727,1,0,1,2,0,2,0,0,2,0,1,3,0.8695600953390069,-0.6879990111224518
0,0,0,0,-1.1383910474751882,1,0,0,2,0,0,0,0,0,0,1,2,-0.09132430427846111,-0.9104740749203234
0,1,0,0,-0.7542617171595001,1,2,1,0,0,0,0,0,0,0,1,3,0.32200000811326246,-0.5391998795208363
0,0,0,0,-1.2587301537090996,1,2,1,0,0,0,0,0,0,0,1,3,0.3480514553760701,-0.9557689566824427
0,0,0,0,-1.2084831601243102,1,0,1,0,0,0,0,2,0,0,1,2,0.49466639227937376,-0.9111757883737076
1,1,0,0,-0.3754500516009842,1,0,1,0,0,0,0,0,2,0,0,2,0.4992954876160037,-0.17284895717321747
0,0,0,0,-0.850402333147166,1,0,1,0,0,1,2,0,2,0,0,2,0.8120598415759126,-0.5430976888550842
0,1,0,0,-1.072894497792464,1,0,1,0,0,2,0,0,0,0,1,0,0.33633775084194645,-0.8127992677244176
1,0,0,0,-1.2774445836787656,1,0,2,1,1,1,1,1,1,0,0,3,-1.4846496452060316,-0.9969157249158375
0,0,0,0,-0.9231744501651793,1,2,1,0,0,0,0,0,2,0,1,2,0.6671135284639759,-0.6387046127322706
0,0,1,0,-0.7089893669640448,1,0,1,0,2,2,0,0,0,0,0,2,0.5583167963219555,-0.46095901956759716
1,0,0,0,-1.2774445836787656,1,0,2,1,1,1,1,1,1,0,0,3,-1.5037537083867527,-0.9971693174530311
0,0,0,0,-1.2774445836787656,0,0,0,0,0,0,0,2,0,0,1,2,-0.5045287208269921,-0.9839053328532383
1,1,0,0,-1.2774445836787656,1,0,1,0,0,0,0,0,0,0,1,2,0.2227566276087805,-0.9742511490794064
0,0,1,0,-0.6954745388383518,0,1,0,0,0,0,0,0,0,0,1,2,-1.33458101846407,-0.8457301371582056
1,0,0,0,-1.2774445836787656,1,0,0,0,0,0,2,0,0,0,0,2,-0.07059154615485291,-0.9781451326242739
1,0,1,0,-1.2318685832658132,1,0,1,0,0,0,0,2,0,0,1,1,0.5242078263023283,-0.9347671867126027
0,0,0,0,-1.2774445836787656,1,0,0,0,0,0,0,0,0,0,1,2,-0.6468276429835875,-0.9857942474976384
1,0,1,0,0.2971531598874056,0,1,0,2,2,2,0,0,0,0,0,1,-0.7527683145251904,-0.2615572609598146
1,1,0,0,0.09077066595121591,1,2,1,0,0,0,0,2,2,0,1,0,1.0370468743584689,0.44750382452209936
1,0,0,0,-0.09458582402897484,1,2,1,2,0,0,0,2,2,0,1,1,1.1640059533849798,0.31251155448513573
0,0,0,0,0.15381530281160122,0,1,0,0,0,2,0,2,2,0,1,0,0.28375874313973437,0.09524040711246978
0,1,0,0,0.012734862173160999,1,2,1,0,0,2,0,0,2,0,0,1,0.8042140896348915,0.31639867085226314
1,0,0,0,-0.8435263716426726,0,1,0,2,0,0,0,0,1,0,0,3,-0.9907561374605864,-0.8022753864927532
0,0,0,0,1.2526970178697105,1,2,1,2,2,2,0,2,0,0,1,1,1.3848488835316486,1.9389044445155563
0,0,0,0,-1.264269951493995,1,0,2,1,1,1,1,1,1,0,0,2,-1.5085426292612918,-0.9944423208715364
0,0,0,0,-0.08083751425185721,1,2,1,0,0,2,0,2,0,0,0,2,0.7828950545197768,0.1491834789069822
1,0,1,0,0.7170973577427757,1,2,1,0,2,0,0,2,2,0,0,0,1.145428951915128,1.1826657647228798
0,0,0,0,-0.7404899705139582,1,2,1,0,0,0,0,0,0,0,1,3,0.3294363050898847,-0.5265648307780388
0,0,0,0,-1.0331224013585834,1,0,1,0,0,0,0,2,0,0,1,2,0.48885229806550473,-0.7563621482326283
1,0,0,0,-1.2367242199587352,1,0,0,2,0,0,0,0,0,0,1,2,-0.057432069358422766,-0.9416863339828742
1,0,1,0,1.0980645158041442,1,2,1,0,2,2,0,2,2,0,1,2,1.3457686189302298,1.66033841198438
0,0,0,0,-1.1196939772027275,1,0,1,0,0,0,0,0,2,0,0,2,0.4795185502211444,-0.8430415964501858
1,0,1,0,0.615333942068813,1,0,1,2,0,0,0,2,0,0,0,1,0.7115990993883663,0.7654970287400876
0,0,1,0,0.8321055923248591,1,2,1,0,2,0,0,2,2,0,1,0,1.1190497261525585,1.2597561339163554
1,0,0,0,-1.0188302355650056,1,2,1,0,0,0,0,2,0,0,1,2,0.6691999332069526,-0.7480880661704141
1,0,0,0,-0.24629393715732323,1,2,1,2,0,0,0,2,2,0,1,1,1.1788648434890607,0.13012120092100332
1,0,1,0,0.2738568307848245,1,2,1,0,0,2,0,0,2,0,0,2,0.8779449551498297,0.6172901565132008
1,0,1,0,-1.1145631287986442,1,2,1,0,2,0,1,0,0,0,1,2,0.577717241671318,-0.8264452116136459
0,0,0,0,-1.2774445836787656,1,0,1,0,0,0,0,0,2,0,1,2,0.5209120793002338,-0.9702933524181784
0,0,0,0,-1.165141049274013,1,0,1,0,2,2,0,0,0,0,1,2,0.5741178537791085,-0.881256285182192
1,0,0,0,-1.2774445836787656,1,0,1,0,0,0,0,0,0,0,1,2,0.1652227335934038,-0.9750148696565406
1,0,1,0,0.37020838982665094,1,1,0,2,0,0,2,0,0,0,1,2,-0.2289592666306096,0.0780586940658703
1,0,1,0,0.7591843353416037,1,2,1,2,0,2,0,1,2,0,0,1,1.2334321979634266,1.3042703336980008
0,0,0,0,1.0042927207113164,1,2,1,0,2,2,0,2,2,0,1,2,1.355770763041968,1.6665670391261769
1,0,0,0,-0.23057394874561005,1,2,0,0,2,0,2,2,1,1,0,3,0.46036823789528664,-0.04639065494290176
0,0,0,0,-1.1552834925186746,1,2,1,0,2,0,0,2,0,0,0,2,0.838147649716222,-0.8444817340486579
0,0,1,0,-1.1960038562387048,1,2,1,0,0,0,0,0,0,0,1,1,0.3356751757654725,-0.9060957440268479
1,0,0,0,0.935457593067969,1,1,2,1,1,1,1,1,1,2,0,0,-1.3557845733796787,-0.4467796577765817
0,0,0,0,-1.1627287134166957,1,2,0,0,0,0,0,0,0,0,0,3,-0.4758051525961277,-0.919092211991348
1,0,0,0,-1.2561532433441627,1,2,1,0,0,0,0,0,0,0,1,2,0.3355080160254662,-0.9553188890886439
0,0,0,0,-0.26525350617988724,1,2,1,0,2,0,0,0,2,0,1,2,0.8312220330582482,0.01453945267729908
0,0,0,0,-0.06770385651393465,1,2,1,0,0,0,2,0,0,0,1,1,0.5006263457664357,0.047700950426488774
0,0,0,0,-1.0355716070111212,1,0,2,1,1,1,1,1,1,0,0,0,-1.4878468530975435,-0.9454651306526995
1,0,0,0,-0.9168606468621361,1,0,1,0,0,2,2,2,2,0,1,2,1.1782854567623449,-0.5585926051676551
1,0,0,0,-1.1378553597079284,1,0,1,0,0,0,0,0,0,0,1,2,0.16626636777097936,-0.8786439473445703
0,0,1,0,-1.2010387146220196,1,2,1,0,2,0,0,2,0,0,1,2,0.8805872900778295,-0.8899807253652375
0,0,0,0,1.205574172630266,1,2,1,0,0,2,0,2,2,1,1,0,1.1990580498021872,1.6985721920301167
0,0,1,0,0.9613782727810136,1,2,1,0,2,2,2,2,2,2,1,0,1.4604356794689082,1.7053114866864822
0,0,1,0,-0.6772692462158948,0,1,0,0,0,0,2,2,2,0,1,2,-0.47926607625768414,-0.6523010922934427
1,0,0,0,-1.2413488244123458,1,2,1,0,0,0,0,0,0,0,1,2,0.3773319532800219,-0.9425849036824688
0,1,0,0,-0.33347582098547723,1,0,1,0,0,0,0,0,0,0,0,0,0.21344613153721395,-0.26169143991315746
0,0,1,0,-0.33256626637689024,1,0,1,0,2,2,0,2,2,0,1,1,1.1424870545132977,0.07437656527720232
0,0,0,0,-0.8071945830649663,0,0,0,0,0,0,2,0,0,0,1,2,-1.0424982430676784,-0.8423663250671757
0,0,1,0,0.5120166241511774,1,2,1,0,0,0,0,2,2,0,1,2,0.9833040122179393,0.9315852199983113
0,1,0,0,-0.6073311333806378,1,2,1,0,2,0,0,2,0,0,1,2,0.8017130492160206,-0.2886059202312663
0,0,0,0,-1.2137748365855359,1,0,2,1,1,1,1,1,1,0,0,2,-1.4967311433211412,-0.9835899808791445
0,1,0,0,-1.2264685335714727,1,2,1,0,0,0,0,2,2,0,1,2,0.973473792957164,-0.9178894316374476
0,0,0,0,0.6161332114916038,1,2,0,1,2,0,0,0,0,0,1,1,-0.01637482969078169,0.33631829759871634
1,1,0,0,0.5656221037489189,1,2,1,0,2,2,0,0,0,0,1,1,0.6429881775904391,0.6573351083715542
0,0,0,0,-0.6262114335622456,1,0,0,0,0,0,0,2,2,0,1,2,-0.0015118487268278588,-0.5236726254392629
0,0,0,0,-0.9976684416092249,1,0,1,0,0,2,0,2,2,0,1,2,0.9833530248346136,-0.6694899736243856
1,0,0,0,-0.9094536007007984,0,1,0,0,0,0,0,2,2,0,0,2,-0.6369554079559241,-0.7982371749724779
0,0,0,0,-1.2774445836787656,1,0,2,1,1,1,1,1,1,0,1,3,-1.4879240007794028,-0.9969591896034105
1,1,0,0,-1.2062597011984857,0,0,0,0,0,2,0,0,0,0,1,2,-0.6578614897624357,-0.9647313565494966
0,0,1,0,-0.4294599973745705,1,2,1,0,2,2,0,2,2,0,0,0,1.3681352627498433,0.0682532546736242
0,0,0,0,-0.8719427836486326,1,2,1,0,0,0,0,2,0,0,1,2,0.6792863631489789,-0.5781072636197058
0,0,1,0,-0.3539860973685199,1,0,2,1,1,1,1,1,1,0,0,0,-1.4975785380959195,-0.7824783041441699
1,0,0,0,-1.1107445145410575,1,0,0,0,0,2,0,2,2,0,0,3,0.2504604746082332,-0.8430778660005014
1,0,1,0,-1.218058353158726,0,1,0,0,2,0,0,2,0,0,0,2,-0.6814199566032817,-0.9535571078024333
1,0,1,0,-0.6149989636123155,1,0,1,0,0,0,0,0,0,0,1,0,0.22852446804145599,-0.44930031589932523
0,0,0,0,-1.0819988745688551,1,0,1,0,0,0,0,0,0,0,1,3,0.15037138232560493,-0.8273436617853444
0,0,0,0,-0.9482045268348276,1,0,1,0,0,2,1,0,2,0,1,2,0.7878789833735148,-0.6403061471820566
0,0,0,0,1.301769918850472,1,2,0,0,2,2,0,2,2,1,1,0,0.6813197130935607,1.3859984750250376
0,0,0,0,-0.33890156094660956,1,2,1,0,2,2,0,2,2,0,1,0,1.3343441640393485,0.11950047394584054
1,0,0,0,-0.5226945629047091,1,0,1,0,0,2,0,2,2,0,0,0,1.063910288065485,-0.17216681248247956
1,0,0,0,-1.2583846415442546,1,0,0,0,0,0,0,0,0,0,1,3,-0.6444229674850183,-0.975137692703598
1,0,0,0,-0.9056964301278376,1,2,1,0,0,0,0,0,0,0,1,0,0.33842142752837273,-0.6573542599869063
0,0,1,0,-0.5180888387552749,1,0,0,0,2,2,2,0,0,0,0,2,0.4831551677897504,-0.298107350483932
0,1,0,0,1.0181102372402,1,2,1,0,0,2,2,2,2,1,1,2,1.3785526903341838,1.7060419125532698
1,0,0,0,-1.2774445836787656,0,1,0,0,2,0,0,0,0,0,0,2,-1.1290929364156876,-0.9921959683360252
0,1,0,0,-1.2774445836787656,1,0,1,0,0,0,0,0,0,0,1,2,0.15488950520752298,-0.9751520357441413
1,0,0,0,-1.0167084580659873,1,2,1,0,0,0,0,0,2,0,1,2,0.7291146041280517,-0.7268814118910316
1,1,0,0,-1.2774445836787656,1,0,1,0,0,0,0,0,0,0,1,2,0.16249689639377893,-0.9750510531618447
1,0,0,0,-1.2774445836787656,1,0,2,1,1,1,1,1,1,0,0,3,-1.5015037106605427,-0.9971394503704805
0,0,0,0,0.9131371657600333,1,2,1,2,0,2,0,2,2,1,1,0,1.3103943025921951,1.5093854130023632
1,0,1,0,-0.7087717424811695,1,2,1,0,0,2,0,2,2,0,1,2,1.1282004910919043,-0.34720903137268094
0,0,0,0,-0.9735230699957098,1,2,1,0,0,0,0,0,2,0,0,2,0.7171434137544047,-0.6953354138598004
0,0,1,0,0.7019427226177666,1,2,1,0,2,2,2,2,2,2,1,0,1.4358596183872652,1.3567057086230305
1,1,1,0,0.29128208705438074,1,2,1,0,2,2,0,2,2,0,0,2,1.2895724382708673,0.7880300970135258
0,0,0,0,-1.2635829012992914,0,1,0,0,0,0,0,0,2,0,1,0,-0.9870714839474762,-0.9861731742055859
0,0,0,0,0.6762711702983177,1,2,1,2,2,0,0,2,2,1,1,1,1.3832994551308413,1.3275994412522434
1,0,0,0,0.839879090391725,1,0,0,2,1,2,0,0,0,1,0,1,-0.11758883542815089,0.43537250943258543
0,0,0,0,-1.2774445836787656,1,0,1,0,0,0,0,0,0,0,1,3,0.20232293376175114,-0.9745223914961575
0,0,1,0,-0.9157764164344359,1,2,1,0,2,0,0,2,2,0,1,2,1.136440046790813,-0.5874102960885709
1,0,0,0,-0.07562246209336104,1,2,1,0,0,0,0,0,2,0,1,2,0.6651589687851545,0.11839138674504822
0,0,1,0,-0.4282567774936834,1,2,1,0,0,2,2,2,2,0,1,2,1.3720806481923489,0.026237100185253034
0,0,1,0,0.058304111172631415,1,2,2,1,1,1,1,1,1,2,1,2,-1.3373809881775165,-0.6701332319504705
1,1,1,0,-0.02183540584059801,1,2,1,0,2,2,0,2,2,0,0,2,1.360793168159572,0.5017294410500839
0,0,0,0,-0.9114034442512575,1,0,1,0,0,0,0,0,0,0,1,2,0.17555640290854346,-0.7085456816325935
1,0,0,0,-1.2708959508690516,0,1,0,0,0,0,0,0,0,0,1,2,-1.3184608805878908,-0.9924889279938627
1,0,0,0,-1.2774445836787656,1,0,2,1,1,1,1,1,1,0,1,3,-1.5019714392915418,-0.9971456591277031
0,0,0,0,-1.1583340580109744,1,0,0,0,0,0,0,0,0,0,1,3,-0.6468276429835875,-0.9205595966729141
1,0,0,0,-1.1494494299972025,1,0,0,0,0,0,0,0,0,0,1,3,-0.6417415910348088,-0.9078206707573908
1,1,1,0,0.28420581393612593,1,0,1,0,0,0,0,0,2,0,0,2,0.5051521284640879,0.3561038247432927
0,0,0,0,-0.24933391403751262,1,2,1,0,0,0,2,0,0,0,1,1,0.5220056079152284,-0.07733425273394266
0,0,0,0,0.7107762486687432,1,1,1,0,2,2,2,2,2,1,1,0,1.408401955519889,1.3457284044453557
0,0,1,0,-0.7346241368795513,1,0,1,0,0,0,0,2,2,0,0,2,0.7821539538855611,-0.4187335644983519
0,0,0,0,-0.3619071865340732,1,2,1,0,0,0,0,2,0,0,0,2,0.6643158131110339,-0.10803256434063097
0,0,0,0,-1.2367242199587352,1,0,0,1,2,0,2,0,0,0,1,1,0.422746377956208,-0.9354221106850032
0,0,0,0,-0.9267595246740237,1,2,1,0,0,2,0,2,2,0,1,0,1.1210563301765357,-0.5798706621975341
0,0,0,0,-1.221260599822225,1,0,0,2,0,2,0,2,0,0,0,0,0.4659082930070033,-0.9317559218893539
1,0,0,0,-1.269359383468416,1,0,0,0,0,0,0,0,0,0,0,3,-0.64985731896933,-0.9827553688137217
1,0,0,0,-1.1018164599765048,1,0,0,0,0,0,2,2,0,0,1,2,0.3402020222054378,-0.8571381745242055
1,0,1,0,-1.0025507881727496,1,0,0,2,0,0,0,0,0,0,1,2,0.11864753171417647,-0.7673361616042661
1,0,0,0,-1.2418340676062762,1,2,1,0,0,0,0,0,0,0,1,1,0.2889984609115073,-0.9510714115854874
0,0,0,0,-1.1293992966575797,1,2,0,0,0,2,0,0,0,0,0,2,-0.3347141527589417,-0.8932663125012228
1,0,0,0,-0.9601949501171264,1,0,1,0,0,2,0,2,2,0,0,0,1.0572148957179381,-0.6277327406222141
1,0,0,0,-1.0988057468061119,1,0,0,2,0,0,0,0,0,0,1,3,-0.4134220003879898,-0.8838375251488522
0,0,0,0,-1.0931339380850882,1,0,0,2,0,0,0,0,0,0,1,1,-0.05481921250298377,-0.8368044870296463
1,0,0,0,-1.2774445836787656,1,0,2,1,1,1,1,1,1,0,0,3,-1.4812852312597482,-0.9968710647688972
1,0,0,0,-0.8624974712919716,1,0,1,0,0,0,0,0,0,0,1,0,0.1796706343181885,-0.6546011245554817
0,0,0,0,0.27531777879227354,1,2,1,0,2,2,0,2,2,0,1,2,1.2921095956118824,0.7696100126001976
1,0,0,0,-1.115343147137525,1,0,1,0,0,0,0,2,0,0,1,2,0.5266556993611018,-0.8230775670356026
0,0,0,0,-0.5569968709494537,1,2,1,0,0,0,2,2,0,0,1,2,0.7934745296507819,-0.2554694676314525
0,0,0,0,0.417486731514596,1,2,1,0,0,2,2,0,0,0,1,2,0.7095099813580251,0.59931969075665
0,0,0,0,-1.2774445836787656,1,0,1,2,0,0,0,2,2,0,1,2,1.0094805603067012,-0.9638079613514079
0,0,0,0,-1.1342561482124371,1,0,1,2,0,0,0,2,2,0,1,2,1.0144218096942779,-0.8200856415606251
1,0,0,0,-1.1131276856251666,1,2,0,0,0,0,0,0,0,0,0,1,-0.18185418879746562,-0.8685070010532078
1,0,0,0,1.080658990205516,1,0,2,1,1,1,1,1,1,1,0,2,-1.5037473418465142,-0.5175419563534813
1,1,0,0,-1.224179847563895,1,2,1,0,0,0,0,2,2,0,1,2,0.9686970023629013,-0.9070576621443223
1,0,1,0,-0.9924020376385531,1,0,1,2,0,0,0,0,0,0,0,2,0.3347604139520549,-0.7299106450690106
1,0,0,0,-1.1089666363638708,1,0,0,0,0,0,0,2,0,0,0,3,-0.319786632705225,-0.8810070834171663
1,0,0,0,-1.1960038562387048,1,0,0,0,0,0,0,2,0,0,1,1,-0.12439806744419099,-0.9225175701101583
0,0,1,0,1.5322605130033284,1,1,1,2,2,2,2,2,2,1,1,0,1.5824357743451962,2.3694325056681205
1,0,0,0,-1.2774445836787656,1,0,2,1,1,1,1,1,1,0,1,3,-1.4874609505259164,-0.9969530429482452
0,0,0,0,-1.2774445836787656,1,0,1,0,0,0,0,0,0,0,1,2,0.1660827304900654,-0.9750034538235348
1,0,1,0,-0.9702368155061544,1,0,1,0,2,2,0,0,0,0,1,2,0.5591712602394499,-0.692673809413847
0,0,1,0,-0.720269118293158,1,0,1,0,0,0,0,2,2,0,0,2,0.7796153661423642,-0.40480077684312654
0,0,1,0,-0.278190456629682,1,0,1,0,2,0,0,0,2,0,0,2,0.6646629132882388,-0.06497476155195978
1,0,0,0,-0.4807857443854122,1,2,1,0,0,0,0,0,2,0,1,2,0.6811686072296377,-0.2646977300366452
0,0,1,0,-0.024060282340658892,1,2,0,1,2,0,2,0,0,0,0,2,-0.09416076249172983,-0.0827721632700594
0,0,0,0,-1.2774445836787656,1,0,2,1,1,1,1,1,1,0,0,3,-1.467335045514226,-0.9966858862043131
1,0,0,0,-0.2609274717560295,1,2,1,0,0,0,0,0,2,0,1,2,0.6387765292075128,-0.014672030331803476
0,0,1,0,0.3958594245790858,1,2,1,0,0,0,0,2,2,0,1,2,0.9785636398793285,0.8439866375902089
0,1,0,0,-0.044271123709962834,1,2,1,0,0,0,0,0,0,0,1,2,0.31315758716470116,-0.016812515392486807
1,0,0,0,-0.33604114371275035,1,2,1,0,0,0,0,2,2,0,1,0,1.059952972878985,0.03050637545628406
1,0,1,0,1.2164895287073243,1,2,1,0,2,2,0,2,2,0,1,2,1.3111420469356279,1.8538248229017564
1,0,0,0,-1.2734168698292292,1,2,1,0,0,0,0,0,0,0,1,2,0.3386179781149237,-0.9694370449907252
1,0,0,0,-1.2087037002998016,1,0,1,0,0,0,0,2,0,0,1,2,0.5067638433067295,-0.9066844908505629
0,0,0,0,-1.2505679979069728,1,0,1,0,0,0,0,0,0,0,1,2,0.19906012577098067,-0.9539637882784141
1,0,0,0,0.9878909505215099,1,2,1,0,2,0,2,0,2,0,1,1,1.0161034110942857,1.3170454657548147
1,0,0,0,-1.2547551211333479,0,1,0,0,0,0,0,0,0,0,1,2,-1.3183837468208923,-0.9870142514431548
0,0,0,0,-1.2172638381124266,1,0,1,0,0,0,1,0,2,0,0,2,0.6658245835007682,-0.9076009644355822
0,0,1,0,-1.1005802973893488,1,0,1,0,2,0,0,0,2,0,1,2,0.6329565270425719,-0.8100391928642316
0,0,1,1,-1.0199523901158591,1,0,0,2,2,0,0,0,0,0,0,1,-0.24201923133342373,-0.8028285029435327
1,0,0,0,0.8478956119870179,1,0,2,1,1,1,1,1,1,2,0,0,-1.4844270527449757,-0.5336793210136037
0,0,0,0,-1.2774445836787656,1,0,1,0,0,0,0,0,2,0,0,2,0.4674553187031241,-0.9710029520160092
1,0,0,0,-1.1409262910424123,1,0,1,0,0,0,0,2,2,0,1,2,0.8503555000930034,-0.8387832654780247
1,0,0,0,-1.2716322047404551,1,2,1,0,0,0,0,0,0,0,1,2,0.31879501563071017,-0.9680911048961242
0,0,0,0,-0.8190025750412855,0,1,0,0,2,0,0,0,0,0,1,2,-1.1198235093435833,-0.8611932908563026
0,0,0,0,-1.2329632656606657,1,2,0,0,0,0,0,0,0,0,1,2,-0.5067231777562342,-0.9569483257733061
0,0,0,0,-0.9175902184893135,1,2,1,0,0,0,0,0,2,0,0,2,0.7100102650524525,-0.6441319440461426
0,0,0,0,-1.2774445836787656,1,0,1,0,0,0,0,0,0,0,0,3,0.1828828517500803,-0.9747804444388198
1,1,0,0,-0.3470035037232107,1,2,1,0,2,2,0,2,2,0,1,1,1.2864780496390034,0.0948452666896963
1,0,0,0,-0.8178211105311609,1,2,1,0,2,2,2,2,2,0,1,2,1.5997269281672906,-0.38172042505533277
0,0,0,0,-1.0591600473309053,0,1,0,0,0,0,0,0,2,0,1,2,-0.9793980940456155,-0.909207839655171
0,1,0,0,1.1654063681376272,1,0,0,2,2,0,2,2,1,1,1,1,0.7691425187789154,1.3527256906809833
1,1,1,0,-0.15572970806168,1,0,1,0,0,0,0,0,2,0,0,1,0.5020838779593294,-0.02569497837711851
1,0,0,0,-1.1936388380723137,1,0,0,2,0,0,0,0,0,0,1,2,-0.512908209974046,-0.9438115419450344
0,0,0,0,-0.6866248618699313,0,1,0,0,2,0,0,2,2,0,1,2,-0.41224674621356727,-0.6457874715041664
1,0,0,0,1.5223200892979054,1,2,1,0,2,2,2,2,2,1,0,1,1.4760280412463203,2.358898254710921
1,0,1,0,0.6476951702365962,1,2,1,0,2,2,0,2,2,0,1,0,1.3555815810990395,1.1721974983833277
0,0,0,0,-0.9516816739185228,1,2,1,0,0,0,0,2,2,0,1,2,1.0072114794207347,-0.6244937700733849
0,0,1,0,0.24868139770493575,1,2,1,0,0,2,2,2,2,0,1,2,1.3454636418042951,0.7920129478513502
0,0,0,0,-0.6999242727282221,1,0,1,0,2,0,0,0,2,0,1,0,0.7468524605249898,-0.42117478809574216
1,1,0,0,-1.2477653162709483,0,1,0,0,0,0,0,0,0,0,1,1,-1.317386157622344,-0.9864099288832229
0,0,0,0,-0.8792980547491436,1,2,1,0,0,0,0,0,0,0,1,2,0.3852362153966466,-0.6441052788714642
0,0,0,0,-1.1140029825521707,1,0,1,0,0,1,0,2,0,0,1,3,0.6666136744422837,-0.8221089939363435
0,0,0,0,-1.260142722881306,1,0,0,2,2,0,1,0,0,0,0,2,-0.1910924399928787,-0.9694486614425569
1,0,0,0,-1.2774445836787656,1,0,2,1,1,1,1,1,1,0,0,3,-1.486019458620862,-0.9969339081921418
0,0,0,0,-1.0666106239747042,1,0,2,1,1,1,1,1,1,0,0,0,-1.4897469053281482,-0.9504338273689985
0,1,0,0,-0.5131755345425397,1,2,1,0,2,0,0,2,0,0,1,2,0.8353508613453665,-0.2073973873836008
1,0,0,0,-1.2774445836787656,1,0,1,0,0,0,0,0,0,0,0,3,0.15876154700656087,-0.9751006372068433
1,0,0,0,-1.2774445836787656,0,0,0,0,0,0,0,0,0,0,0,0,-0.723937489330496,-0.986817824597062
1,0,0,0,-1.2774445836787656,1,0,2,1,1,1,1,1,1,0,0,3,-1.499026097532272,-0.9971065618590975
1,0,0,0,0.4010160599092812,1,0,1,0,2,2,0,2,2,1,1,0,1.2586715638334296,0.9251697614938879
0,0,1,0,0.9376774824616929,1,2,1,0,2,2,0,2,2,0,1,2,1.364176495871754,1.646034097848008
0,0,0,0,-1.2181258601185474,0,0,0,0,0,0,0,2,0,0,1,3,-0.7865871836337249,-0.9692525670129565
1,0,0,0,-1.2153509698275187,1,2,1,0,0,0,0,2,0,0,1,2,0.6654411640304256,-0.9117586814739539
1,0,0,0,-1.2774445836787656,1,0,1,0,0,0,0,2,2,0,1,2,0.8482008139179124,-0.9659488326256377
0,0,0,0,-0.873456576095009,1,0,1,0,2,0,2,0,2,0,1,1,0.8237752156552534,-0.5853698606636134
1,0,0,0,-1.254232250620368,1,0,0,0,0,0,0,0,0,0,1,2,-0.6446680111565991,-0.9723484304851999
1,0,0,0,-0.442968379283559,1,2,1,2,0,0,0,2,1,0,1,2,1.1390768136361376,-0.11394493629142244
0,0,1,0,0.6461765290286628,1,2,1,2,2,1,2,2,2,0,0,2,1.7156816588687616,1.4028571147944615
0,0,0,0,-0.3418489343953078,1,2,1,0,0,0,0,2,0,0,1,2,0.6915201465080428,-0.08914952600747483
0,0,0,0,-1.1336424551120885,1,0,0,0,2,0,0,2,2,0,1,1,0.6167414966260716,-0.8316222260882957
1,1,0,0,-1.171917431911469,1,2,1,0,0,0,0,2,2,0,1,2,0.9740327036168691,-0.8622681428079381
0,0,0,0,-1.215486870710267,1,0,1,0,0,0,0,0,0,0,0,2,0.18903238331420602,-0.9275750977290488
0,0,0,0,0.4246288767825027,1,2,1,0,0,0,2,2,2,0,1,2,1.161704973346226,0.8675473102776815
0,0,0,0,-1.2774445836787656,1,0,1,0,0,0,0,0,0,0,1,2,0.15345472632622853,-0.9751710813897393
0,0,0,0,-0.9355182767767737,1,2,1,0,2,2,2,2,2,0,1,2,1.5576051059391673,-0.5317634461158776
0,0,0,0,-0.30015585439803716,1,0,1,0,2,2,0,2,2,0,1,2,1.14909613289581,0.049954471559298774
0,0,0,0,-1.2204769212846769,1,2,0,0,0,0,0,0,2,0,1,2,-0.058536343590083556,-0.9249767529795422
0,0,0,0,0.6065450035119855,1,2,1,0,2,0,0,2,0,0,1,1,0.7967212232702288,0.8364823106863114
0,0,0,0,-1.2774445836787656,1,0,1,0,0,0,0,0,0,0,1,2,0.16198098691169335,-0.9750579014848054
1,1,1,0,0.722774142624351,0,1,0,0,0,0,0,2,2,0,1,2,-0.11706059330960616,0.2660034738841105
0,0,1,1,-0.8998854411249516,1,0,0,0,2,2,0,0,0,0,0,3,-0.2625553873094947,-0.7334100519308953
0,0,0,0,0.013663496814920073,1,2,1,0,2,0,0,2,2,0,1,2,1.1604407096155556,0.4647124867272384
0,0,0,0,-1.2774445836787656,1,0,0,0,0,0,0,0,0,0,1,2,-0.6468276429835875,-0.9857942474976384
1,0,0,0,-1.0750965935466177,1,2,0,0,0,0,0,0,0,0,0,1,-0.43364580279585785,-0.8724815705873998
0,0,0,0,-0.21054104765751303,1,2,0,2,2,0,0,0,0,0,0,2,-0.1389196370514464,-0.2571589005306196
0,0,1,0,0.621429638802654,1,2,1,0,0,0,0,2,0,0,1,2,0.6651272659347565,0.7737748181005417
0,1,1,0,1.4129230885313626,1,2,1,0,2,0,0,2,0,0,1,2,0.8307403576944973,1.6248636230922728
0,0,0,0,0.11572092774576026,1,0,0,0,0,2,2,0,0,1,0,1,-0.3374114374229435,-0.16957484606353707
0,0,0,0,-1.1419762932343656,1,2,1,0,0,0,0,0,0,0,0,2,0.35408461996371093,-0.8457233738354334
0,0,0,0,-1.1158838225721428,1,0,1,0,0,0,0,2,0,0,1,1,0.5392462694761866,-0.8349686203074647
1,0,0,0,-0.03089617140397144,1,0,1,0,0,0,0,0,0,0,0,2,0.13150197294055882,-0.07880540756204468
1,0,0,0,-1.2774445836787656,1,0,2,1,1,1,1,1,1,0,0,3,-1.4906734921430493,-0.9969956871005294
0,0,0,0,-0.5870122964106058,1,0,1,2,0,0,0,0,0,0,1,1,0.2841003094105946,-0.4069247901687061
0,0,1,0,0.6567379159884489,1,2,1,0,2,2,2,2,2,1,0,2,1.5376719225421744,1.3406146968954598
1,0,0,0,-1.2774445836787656,1,0,2,1,1,1,1,1,1,0,0,3,-1.4757052154308588,-0.9967969941192012
1,1,0,0,-0.8033018516764219,1,2,1,0,0,0,0,2,2,0,1,2,1.0137021010199885,-0.4790750003398186
1,0,0,0,1.1697335838321172,1,1,1,0,2,2,0,2,2,0,0,2,1.3517304511172046,1.769166841608037
0,0,0,0,1.4683047748166729,1,2,1,0,2,2,2,2,2,1,0,2,1.459514368842653,2.207562079675071
0,0,0,0,-1.1580212927863802,1,0,0,0,0,0,0,0,0,0,0,3,-0.638211762069569,-0.9231692555450991
0,0,0,0,-1.2774445836787656,1,0,1,0,0,0,0,0,0,0,0,3,0.2047285155572543,-0.9744904591483016
0,0,0,0,-0.9037076628936054,1,0,0,2,2,0,0,0,0,0,0,2,-0.24036694383400015,-0.7151119093958868
1,0,0,0,-1.265554603368412,1,0,1,0,2,0,0,0,0,0,1,2,0.3492166330504391,-0.9637582347900032
0,0,1,0,-1.2357531580319663,1,2,1,0,2,0,0,2,0,0,1,2,0.8706704212545541,-0.9244325891141413
1,0,0,0,-0.7342943581280824,1,0,0,1,0,0,2,0,0,0,0,3,-0.34965502756808886,-0.6661825906828732
1,0,0,0,-1.2774445836787656,1,0,1,0,0,0,0,2,0,0,1,2,0.5017087794560637,-0.9705482622498673
1,0,0,0,-1.1426640688772267,1,0,1,0,0,0,0,2,0,0,1,2,0.522673943538531,-0.8479903274665291
0,0,0,0,-0.6203828879376313,1,0,0,2,0,0,0,0,0,0,0,2,-0.4997912037192434,-0.6412853121732731
0,0,0,0,-1.1145631287986442,1,0,1,0,2,0,1,0,2,0,1,2,0.7605796019547979,-0.8096036854075374
0,0,0,0,-0.7123831035285876,1,2,1,0,2,0,0,0,0,0,1,2,0.507786123416831,-0.5166997536454487
0,0,0,0,-1.2405397647626721,1,2,1,2,0,0,0,0,0,0,1,2,0.5088998335603436,-0.9420279266406572
1,0,0,1,-1.272760538384867,1,0,0,0,0,2,0,0,0,0,0,2,-0.5243695273608227,-0.9815297532463083
0,1,1,0,1.54125920369472,1,2,1,1,2,0,0,2,2,0,1,1,1.2983925875376507,2.244526013556937
0,1,1,0,-0.3310133006413669,1,2,1,0,0,0,0,2,2,0,1,2,0.9564542699433757,0.0019890818099770335
0,0,1,0,1.02833287540886,1,2,1,0,2,2,2,2,2,2,1,0,1.4418536065852718,1.7147519510887705
0,0,0,0,0.005969429443451191,1,2,1,0,2,2,0,2,2,0,1,2,1.3773118232932458,0.5829769403512982
0,1,0,0,0.6056587453928077,1,2,1,1,2,2,2,2,2,0,0,2,1.7394315312532849,1.354153541035922
0,0,1,1,-1.2731473426951172,0,1,0,2,0,0,0,0,0,0,0,0,-1.1401225173883451,-0.9908990719087345
1,0,0,0,-1.2241828062792075,1,0,1,0,0,0,0,2,0,0,1,2,0.4968549431491853,-0.9287586039575254
1,0,0,0,-0.8192417028661488,1,2,1,0,0,0,0,2,2,0,1,2,0.9828816304333577,-0.4927847740064003
1,0,0,0,-1.2774445836787656,1,0,1,0,0,0,0,0,0,0,0,2,0.17206184513969186,-0.9749240854274075
0,0,0,0,-0.5872940948814304,1,2,1,0,0,2,0,2,2,0,1,1,1.1685206017629208,-0.2002083904489153
0,0,0,0,-0.2711285685991064,1,0,1,0,0,0,0,2,0,0,1,2,0.4875482933478263,-0.07352234204955754
0,1,1,0,-1.0394447879048412,1,2,1,0,0,0,0,0,2,0,1,2,0.6461225821609836,-0.7704537463953138
1,0,0,0,-1.0947918134384136,1,0,0,0,0,0,0,0,0,0,1,3,-0.6452467817842239,-0.874599067171949
1,0,0,0,-1.263074548658853,1,0,0,0,0,2,0,0,0,0,1,2,-0.4914977415775229,-0.9743986514228096
0,0,0,0,-1.1814012211387557,1,0,1,0,2,0,2,2,2,0,1,2,1.1088319657450751,-0.8548287672528806
0,0,0,0,-1.1219415290112018,1,0,1,0,2,2,0,0,0,0,1,2,0.544825683077204,-0.8306016031961809
0,0,0,0,-0.8295205827584317,1,0,1,0,0,2,0,2,2,0,0,2,1.027446446618139,-0.5220055369121118
1,0,0,0,0.15944359690254342,1,2,1,0,2,2,0,2,2,0,1,2,1.3394372088598219,0.6931348556110877
1,1,1,0,1.5152742748242245,1,2,1,0,2,2,1,2,2,2,1,0,1.4229168146603257,2.2547497133632546
0,0,0,0,-1.103088340909033,1,0,1,0,2,0,0,2,0,0,1,0,0.7724555655169731,-0.798943086727878
1,0,0,0,-0.5366746140558314,1,2,1,2,0,0,0,0,0,0,1,2,0.4880407558125919,-0.37981862224864976
1,0,0,0,-1.2774445836787656,1,0,2,1,1,1,1,1,1,0,0,3,-1.4691627093904265,-0.9967101471123262
0,0,0,0,0.017453287589884237,1,2,1,0,0,0,2,2,2,0,0,0,1.1700726086083582,0.3909916621256269
0,0,0,0,-1.2774445836787656,1,0,1,0,0,0,0,2,0,0,0,2,0.47257029299126563,-0.970935054454368
1,0,0,0,0.5521951938605909,1,1,1,0,2,2,0,2,2,1,1,0,1.3540892021330424,1.1344213217799326
1,0,1,0,-0.8298810285044304,1,2,1,0,0,0,0,0,2,0,1,2,0.6691832384827535,-0.5688520527668948
0,0,0,0,-1.1960038562387048,1,2,1,0,0,0,0,0,0,0,1,2,0.33497985493841803,-0.906947939611314
0,0,0,0,-0.6666391278783103,1,1,1,0,2,2,0,0,2,0,1,1,1.009657382302468,-0.3179278938876609
0,0,0,0,-1.102636416853648,1,2,1,0,0,2,0,0,2,0,0,2,0.8803744448611639,-0.8017162723038069
1,0,1,0,1.1093976537386694,0,1,0,2,2,2,0,0,2,1,0,1,0.08743285311377366,0.7692735464189366
1,0,1,0,0.5022136613384439,1,2,1,0,2,2,0,0,0,0,1,0,0.79938695419811,0.7662285119225257
1,0,1,0,-0.676312986254304,1,2,1,0,0,2,0,0,2,0,1,2,0.8261236921609896,-0.36369227576746627
0,1,0,0,-1.1960038562387048,1,0,1,0,0,0,0,2,0,0,1,2,0.5042566821385562,-0.8917717054157658
0,0,0,0,-1.1601147098127857,1,0,2,1,1,1,1,1,1,0,0,3,-1.4780359646064605,-0.9727550472705223
1,0,0,0,0.644759903778187,1,2,1,0,0,0,2,2,2,0,0,0,1.187156418835989,1.1842698018439681
1,0,0,0,-1.2516984375480285,1,2,1,0,0,0,0,0,0,0,1,2,0.37099644157634193,-0.9511602297554794
0,0,0,0,-1.1119918697169882,1,2,1,0,2,0,0,2,2,0,1,2,1.1083447882435802,-0.7948459319837491
0,0,0,0,-0.9383827855795303,1,0,1,2,0,0,0,0,0,0,1,1,0.31421309279855963,-0.7120293915158538
0,0,0,0,-1.1592584202993212,0,0,0,0,0,0,2,0,0,0,0,0,-0.8291686439184766,-0.9278491016616082
0,0,0,0,-0.6397419386716264,0,1,0,0,1,2,0,2,2,0,1,1,-0.4367113015910869,-0.6268282542124975
1,0,0,0,-1.2091336335629812,0,1,0,2,1,0,0,0,0,0,0,3,-1.0050116398990332,-0.9641268858270502
0,0,1,0,0.2724352657393032,1,2,1,2,0,2,2,0,2,1,1,2,1.2627818636645123,0.8137392635370029
0,0,1,0,-0.32795401712354877,1,2,1,0,0,0,0,0,0,0,1,1,0.35338238577404735,-0.22411525684475103
0,0,1,0,-0.2341119806193697,1,2,1,0,0,2,2,2,2,0,1,2,1.3384162493877667,0.23327559184933122
0,0,0,0,-0.9054868228019536,1,0,1,0,2,0,0,2,2,0,1,2,1.0323228357003122,-0.5555450761858304
1,0,0,0,1.368289511963904,1,0,1,1,2,0,0,0,2,0,1,1,0.8468166097098269,1.6142215136583407
1,0,0,0,-0.7449716280429228,1,0,1,2,0,0,0,2,2,0,0,2,1.0320205536851235,-0.4022823236061259
1,0,0,0,-1.0473368808720134,1,2,1,0,2,0,0,2,2,0,1,2,1.1660780006502087,-0.7217438506736172
1,0,0,0,-1.2774445836787656,1,0,2,1,1,1,1,1,1,0,0,3,-1.4833549887861046,-0.9968985392939508
0,0,0,0,-0.33586616033248573,1,2,1,0,0,0,0,0,0,0,1,0,0.35265407963199125,-0.232294321323415
1,0,1,0,-0.5450752742540937,1,0,1,0,0,0,0,0,0,0,1,2,0.17275660236250015,-0.4047655267098814
0,0,1,0,0.6426674072870014,1,2,1,2,2,1,2,2,2,0,0,2,1.72842709685406,1.3995912466988725
0,1,0,0,-0.5889985917219455,1,2,1,0,2,0,0,0,2,0,1,2,0.830026859634939,-0.3043187678548309
0,0,0,0,-1.1859588305692765,1,2,1,2,0,0,0,0,0,0,1,2,0.4977626009299493,-0.9001363642565526
1,0,0,0,-1.2774445836787656,1,0,2,1,1,1,1,1,1,0,1,3,-1.4991410719358018,-0.9971080880606404
1,0,1,0,1.1724754106062207,1,2,1,0,2,2,0,1,0,0,0,2,0.9837583994972426,1.5407994523494706
0,0,0,0,-0.5474650799578644,1,2,1,0,2,0,0,0,0,0,1,2,0.5188234610813596,-0.3468253688904463
0,0,0,0,-0.9401652570820415,1,2,1,0,2,0,0,2,0,0,1,2,0.8755750167057457,-0.6323361307827428
1,0,1,0,1.384586401483146,1,2,0,2,0,2,0,2,2,2,1,1,1.0451935608548224,1.796160379950681
0,0,0,0,-0.36601697975095987,1,0,1,0,0,0,0,2,0,0,1,2,0.47074857556795363,-0.16359784503875907
1,1,0,0,1.0134374631392224,1,2,1,0,0,2,0,2,2,0,1,2,1.1248046039546102,1.5166337493396842
1,0,0,0,-1.262993020923797,1,0,0,0,0,0,0,0,0,0,0,2,-0.6483849713440404,-0.9800373099330085
0,0,0,0,-0.1514169862387011,1,2,1,0,0,2,0,0,2,0,0,1,0.8042892603479785,0.1447711551316454
0,0,0,0,-0.7073594915983407,1,0,2,1,1,1,1,1,1,0,0,0,-1.4997769255025692,-0.8757603231113009
1,0,0,0,-0.23367418839283366,1,0,0,2,0,0,0,0,0,0,1,0,0.04894520900585131,-0.22259198134359806
1,0,0,0,-0.9088592397296229,1,2,0,2,0,0,0,0,0,0,0,2,-0.3389291759682824,-0.761704966184509
1,0,1,0,-0.19215944232678114,1,2,1,0,0,2,2,2,2,0,1,2,1.3497985590865405,0.2807679422861966
0,0,0,0,-0.4371387586908342,0,1,0,0,0,0,0,0,0,0,1,1,-1.3358699575618005,-0.7743272325457311
1,0,0,0,0.7642258386338134,1,2,2,1,1,1,1,1,1,1,0,0,-1.315750061400685,-0.46528827629665653
1,0,0,0,-0.34790853739443417,1,0,1,0,0,0,2,2,2,0,1,2,1.0603326504364987,-0.05347858640169351
0,0,0,0,-1.1586970982588545,0,0,0,2,2,0,0,0,0,0,1,2,-1.0058858931365366,-0.9455119890259713
0,0,0,0,-1.1079813234224993,1,2,1,0,2,0,0,2,0,0,1,2,0.8637369713818086,-0.8046227512461591
1,0,0,0,-0.9775768479616161,1,2,1,0,2,2,0,2,2,0,0,3,1.317787881442855,-0.6098741080514236
0,0,0,0,-1.052777271388944,1,0,1,0,0,2,0,2,0,0,1,2,0.7165904443796219,-0.7662542336442844
0,0,0,0,-1.006338300322573,1,2,1,0,0,2,0,2,2,0,1,2,1.1914767889309859,-0.6586781560274703
0,0,0,0,0.7831592511731943,1,2,1,0,2,2,0,2,2,0,1,0,1.3071320543105613,1.2248046649156525
0,0,0,0,0.10507098247691016,1,2,1,0,2,0,0,2,0,0,1,1,0.8097091920522981,0.38387416117761003
0,0,0,0,-0.4668120834714131,0,1,0,0,0,0,2,0,0,0,0,1,-1.1751250405982967,-0.7490178376788772
0,0,1,0,-0.5969261156862447,1,2,1,0,0,2,0,2,0,0,0,2,0.7795423902848937,-0.3352478890926939
0,0,0,0,0.16897620036206523,1,0,0,0,0,2,2,0,0,1,0,1,-0.15737908404839163,-0.13851225058408018
0,0,0,0,1.0369972027026402,1,2,1,0,2,2,0,2,2,0,1,2,1.3687834635348715,1.7181554190553563
0,0,0,0,-1.1199134495306629,0,1,0,0,2,0,0,2,2,0,1,2,-0.4582561707726472,-0.8751648955003564
0,0,0,0,-1.2774445836787656,1,0,0,0,0,0,0,0,0,0,1,2,-0.6760504366050163,-0.9861821588182954
1,0,0,0,-0.5258141604555127,1,2,1,0,2,0,0,0,0,0,1,2,0.5123102856040284,-0.32043796178536516
0,0,0,0,-1.2774445836787656,1,0,1,0,0,0,0,0,0,0,1,3,0.1870825841367661,-0.9747246960474227
1,0,1,0,-0.2285587956652017,1,2,1,0,0,0,0,0,2,0,1,2,0.6545477111904955,-0.04940409178176164
0,0,0,0,1.2875477601248742,1,2,1,2,2,2,0,2,0,0,1,1,1.209208336108251,1.8096140762493818
0,0,0,0,-1.2125411266701862,1,0,0,0,0,0,0,0,2,0,1,2,0.12147538515581069,-0.9197854568220113
0,0,0,0,-0.9924020376385531,1,0,1,0,0,2,0,2,2,0,1,2,0.9558964604636551,-0.6695866733757195
0,0,0,0,-1.0680810434774286,1,0,1,0,0,2,0,2,0,0,1,2,0.6555548954807069,-0.7837497982588183
1,0,0,0,-1.1960038562387048,1,0,1,0,0,0,0,2,0,0,1,2,0.4690991195031574,-0.8967585528369909
0,0,0,0,-0.7888002190384014,1,0,1,0,2,2,0,0,0,0,1,2,0.5368051030873342,-0.5840034807580455
0,0,0,0,-0.8196351068863674,1,0,1,0,0,0,0,0,0,0,1,1,0.20149567913528507,-0.6528854590366365
1,0,0,0,-1.1213662915472706,1,2,1,0,2,2,0,0,0,0,1,1,0.6798335881745545,-0.8225033708158553
0,1,0,0,-0.6390458796075366,1,2,1,0,0,0,0,2,2,0,1,2,0.9944374306707159,-0.2979802626517822
1,1,1,0,0.4707622566423071,1,2,1,0,2,0,0,1,2,0,0,1,1.1478829291423438,0.941193395589368
0,0,0,0,-1.2311293809492565,0,1,0,0,0,0,0,2,0,0,1,2,-0.9660514678747322,-0.9756676880275168
1,0,0,0,-1.1694019186728672,1,0,0,0,0,0,0,0,0,0,1,3,-0.6404620387393198,-0.9199480504541071
1,0,0,0,-1.2159716727626653,1,0,1,0,0,2,0,2,2,0,1,2,1.0300026323266815,-0.8982247118168164
1,1,0,0,-1.2164592640984337,1,0,1,0,0,0,0,2,0,0,1,2,0.4964576037658362,-0.9108207574015593
0,0,0,0,-1.2266947374591974,1,0,0,0,2,0,2,2,0,0,0,2,0.7635462405048823,-0.9289750442265048
0,0,0,0,-0.5773901432447905,1,2,1,2,0,0,0,0,0,0,1,2,0.45939036083831813,-0.40817981463374253
0,0,0,0,-0.8410000137080735,1,0,0,0,2,0,2,0,0,0,1,1,-0.3211622784793227,-0.7267176349888318
1,0,0,0,-1.2397617618237322,1,0,1,0,0,0,0,2,2,0,1,2,0.8355689522440778,-0.9277116490530106
0,0,0,0,-1.2774445836787656,1,0,2,1,1,1,1,1,1,0,0,3,-1.476830175263801,-0.9968119271423794
0,1,0,0,-1.2774445836787656,1,0,1,0,0,0,0,0,0,0,1,2,0.18481375223481322,-0.9747548131399512
1,0,1,0,-0.3264846346391339,1,0,1,0,0,2,0,2,2,0,1,2,0.9469707492990007,-0.007519934836774241
0,0,0,0,1.321492364715532,1,2,1,2,2,2,0,2,0,0,1,1,1.334313229371082,1.9797315406760605
0,0,0,0,-1.2774445836787656,1,0,2,1,1,1,1,1,1,0,1,3,-1.4595629834919885,-0.9965827177364955
1,0,1,0,0.7319556537041985,1,2,1,0,2,0,2,2,2,0,0,2,1.2944030428600026,1.2488508655146973
1,0,0,0,-1.2774445836787656,1,0,0,0,0,0,0,0,0,0,0,2,-0.6468276429835875,-0.9857942474976384
1,0,1,0,0.3411974391547721,1,1,0,2,0,0,2,0,0,0,1,2,-0.23342767082347082,0.05699990719687681
0,0,1,0,-1.2146025447422337,1,0,1,0,0,2,0,0,0,0,0,2,0.36288628865069,-0.9179983737822092
0,1,0,0,-1.0803056822244859,1,0,1,0,2,0,0,0,0,0,1,1,0.30024223380941417,-0.8096513661570114
1,0,0,0,-1.2640513774052997,1,0,0,0,0,0,0,0,0,0,1,3,-0.6411853366506992,-0.9782535392240642
1,0,1,0,-1.1145631287986442,1,2,1,0,2,0,0,0,0,0,1,2,0.5422294744078824,-0.8248022061602625
1,0,1,0,0.00439963737974558,1,2,1,0,0,2,2,2,2,0,1,2,1.329964286823423,0.4931106620073182
1,1,1,0,-1.2774445836787656,1,2,1,0,0,0,0,0,0,0,1,2,0.30903199460267344,-0.9731059063629055
0,0,0,0,-0.4060460738327646,1,0,1,0,2,2,0,2,2,0,1,2,1.1437568623408825,-0.06874407467663213
0,0,0,0,-1.247552923191979,1,2,1,0,0,0,0,2,2,0,1,2,1.0051228560653254,-0.9309130691419701
0,0,0,0,-1.1470163782956693,1,2,1,0,2,0,0,0,2,0,1,2,0.840368211925213,-0.8356200424213213
0,1,1,0,0.1832417730693089,1,2,1,0,0,0,0,2,0,0,1,1,0.6961184523602506,0.38710906976080345
1,0,0,0,-1.2613001324749766,1,2,1,0,0,0,0,2,0,0,1,2,0.6741836889473262,-0.9514930542233795
0,0,0,0,-1.2774445836787656,1,0,1,0,0,0,0,0,2,0,1,2,0.5089369957725647,-0.9704523129380511
0,0,0,0,-0.9696079094584787,1,0,0,0,0,0,2,2,2,0,1,0,0.49088902114121324,-0.7146625186787814
0,0,0,0,-1.2774445836787656,1,0,1,0,0,0,0,0,2,0,0,1,0.46759274764588604,-0.9710011277467975
0,0,0,0,-1.0256131326338138,1,2,1,0,0,0,0,0,0,0,1,2,0.30389716249689913,-0.7724037711794814
1,0,0,0,-1.2700667346558585,1,0,0,0,0,0,0,0,0,0,0,1,-0.6181196562990199,-0.9823356736020249
0,0,0,0,-0.5130229415561374,1,2,1,0,0,0,0,0,0,0,1,0,0.3158504038932849,-0.3475487885330201
0,0,0,0,-1.0196043904394798,1,2,1,0,0,2,0,2,2,0,0,2,1.209756072717613,-0.6876177609169886
0,0,0,0,-1.1523449412600588,1,0,0,0,0,0,2,0,0,0,1,2,-0.22867503434954922,-0.8647104429901369
1,0,0,0,-1.2774445836787656,1,0,1,0,0,0,0,2,2,0,1,2,0.8352415209573459,-0.9661208578095485
1,0,0,0,-0.9042174819695669,1,0,2,1,1,1,1,1,1,0,0,3,-1.4851989774390537,-0.9177079265520353
0,0,0,0,-0.06416147589823971,1,0,1,0,0,0,0,0,0,0,1,1,0.1794253235595289,-0.04601942793708597
0,0,0,0,-0.3161634216719623,1,2,1,0,0,0,0,0,2,0,1,2,0.6772553593392369,-0.08507344073712682
1,0,0,0,-1.158255528647396,1,0,1,0,2,0,0,0,0,0,1,2,0.32076102937674217,-0.8747985122043953
0,0,0,0,-1.2576775328674372,1,0,1,0,0,0,0,0,2,0,1,2,0.4988119489906473,-0.9524094435302648
1,0,0,0,-1.1045956890001891,1,0,1,0,0,0,0,0,0,0,0,2,0.1668761092355749,-0.8390240729213556
0,0,0,0,-1.2740188746726475,1,0,1,0,0,0,0,0,2,0,0,2,0.4674626861917094,-0.9680818496060609
0,0,0,0,-0.6593374893115886,1,2,0,0,2,0,2,0,0,0,1,1,0.14601038531892258,-0.4930124377211496
1,0,0,0,-1.2774445836787656,1,0,2,1,1,1,1,1,1,0,0,3,-1.4720784817284323,-0.9967488518683814
1,1,1,0,1.050372666826734,1,2,1,1,2,2,0,2,2,0,1,2,1.4633586374751748,1.7754585623338688
1,0,0,0,-1.1415085542362455,0,1,0,0,2,0,0,2,2,0,1,2,-0.5112652489314582,-0.901438915681483
1,1,0,0,-0.5837022679213912,1,2,1,0,2,0,0,2,2,0,1,1,1.18893986051115,-0.195955502785933
1,0,1,0,0.44430473163247713,1,2,1,0,0,2,2,2,2,1,1,2,1.2659897641103164,0.9630961501438975
1,1,1,0,0.8564196276785442,1,2,1,1,0,2,0,2,2,0,1,2,1.2680287821023222,1.4760764913703908
1,0,0,0,-1.2774445836787656,1,0,0,0,2,0,0,0,0,0,0,2,-0.4454737627644719,-0.9831214212577171
0,1,0,0,-0.8492893073925825,1,2,1,2,0,0,0,2,2,0,1,2,1.1911842054781034,-0.49860696076136085
1,0,0,0,1.2930913713553474,1,2,1,0,2,0,2,2,2,1,1,0,1.3581622134772358,2.0432924096080343
0,0,0,0,-1.0903906499014937,1,0,0,2,2,0,0,0,0,0,0,2,-0.1800205428337919,-0.8426376831376075
0,0,0,0,-0.9482906072883309,1,0,0,0,0,0,2,2,2,0,1,1,0.38135815281291396,-0.6986034398159507
0,0,0,0,-0.6591337831755856,1,0,1,0,2,2,0,2,2,0,1,1,1.2041948105264433,-0.3063141919540581
0,0,0,0,-1.2774445836787656,1,0,1,0,0,0,0,0,0,0,1,2,0.16136767593767454,-0.9750660427416951
1,0,0,0,-1.2774445836787656,1,0,1,0,0,0,0,2,0,0,1,2,0.48282314886213495,-0.970798955253419
0,0,0,0,-1.2774445836787656,0,0,0,0,0,0,0,2,0,0,1,2,-0.9121952107982441,-0.9893168088592934
1,0,0,0,-1.2774445836787656,1,0,0,0,0,0,0,0,0,0,1,2,-0.6335987282133201,-0.9856186432804009
0,0,1,0,0.5631503433402403,1,2,2,1,1,1,1,1,1,2,1,1,-1.3257359488988647,-0.5305717947638063
1,1,1,0,1.0799968058320804,1,2,1,0,2,2,0,2,2,0,1,2,1.318071089697763,1.728791307221271
0,0,1,0,1.3740460072129028,1,2,1,0,2,0,2,2,2,1,1,2,1.3109738146949739,2.0438879419821245
0,0,0,0,0.2189793438152614,0,1,0,0,2,0,0,0,0,0,1,2,-1.1402421964118512,-0.4984503196655309
0,0,0,0,-1.2774445836787656,1,2,1,0,2,0,0,0,0,0,1,2,0.5127122301830106,-0.9704021994483925
0,0,0,0,0.3722026541538331,1,2,1,0,2,0,0,2,2,0,1,2,1.20180808230836,0.9063061302339293
0,0,0,0,0.007890061761413603,0,1,0,0,0,2,0,2,2,0,1,2,-0.4901347689504832,-0.28071065875480916
1,1,0,0,-1.2774445836787656,1,2,1,0,0,0,0,2,2,0,1,2,0.9574085678344222,-0.9644991791600412
0,0,0,0,-0.4559227823067105,1,0,2,1,1,1,1,1,1,0,0,0,-1.504218113848163,-0.8115757482700097
0,0,0,0,-0.8535756350444065,1,2,1,0,0,0,0,0,2,0,1,2,0.5901139950782064,-0.5653072115816273
1,0,0,0,-1.1542166358212633,1,0,1,0,0,0,0,2,0,0,1,2,0.539347107979115,-0.8545391927866686
0,0,0,0,-1.2181638237118095,1,2,1,0,0,2,0,0,2,0,0,2,0.8406184156514306,-0.9110528562801489
1,0,0,0,0.15711527959691982,1,2,0,0,2,0,2,2,2,0,0,2,0.710014656136983,0.4374244445641475
1,0,1,0,-1.2537810734487465,1,0,1,0,0,0,0,0,0,0,1,2,0.14162889552567415,-0.9575672517092615
0,0,1,0,-0.8707942536417483,1,0,1,2,0,0,0,0,0,0,0,2,0.32403784968088517,-0.6297348104067525
1,0,0,0,-0.9222155735932487,1,2,1,0,0,0,0,0,2,0,1,2,0.7158802151770602,-0.6513791716353505
0,0,0,0,-0.7686664664196767,1,2,1,0,0,0,2,0,0,0,1,2,0.5230774451333633,-0.5217402700014491
1,0,0,0,-0.752248230778441,1,2,1,0,2,0,0,0,0,0,0,2,0.471391626832481,-0.5204649693054675
1,1,0,0,0.08027616543401139,1,2,1,0,0,0,0,2,2,0,1,2,1.0220558039886392,0.4958734760393038
1,0,0,0,0.6296973624667395,0,1,0,0,2,2,0,2,2,1,1,2,-0.2672802526131561,0.19426777741078854
0,0,0,0,-0.9316769052181466,1,0,1,0,2,0,0,2,2,0,0,2,1.0086200861513668,-0.5820049107126167
0,0,0,0,-0.7492299623632657,0,1,0,0,0,0,0,0,2,0,1,2,-0.9864801754819282,-0.7998020544402618
0,0,0,0,0.5268005114946374,1,2,1,0,0,0,0,0,2,0,1,2,0.5958411509050227,0.6768862181529507
0,0,0,0,0.6767887388907665,1,2,2,1,1,1,1,1,1,1,0,1,-1.3259679116173828,-0.4812663541130817
1,0,0,0,-1.2774445836787656,1,0,2,1,1,1,1,1,1,0,1,3,-1.485603759328636,-0.996928390086531
0,0,0,0,-1.0369981436780944,1,0,1,0,0,2,2,2,2,0,1,2,1.1848997498417204,-0.7215815017214006
0,0,0,0,-1.0564211897520668,1,2,1,0,0,0,0,0,2,0,1,3,0.6800787156135017,-0.7617002954080626
0,0,0,0,0.284093015690122,1,0,1,0,2,0,0,0,0,0,1,1,0.3020584441112687,0.27009294422336005
0,0,0,0,-1.0718290882190873,1,2,1,0,0,2,0,0,0,0,0,2,0.4938902358409436,-0.7956567561095405
0,0,1,0,-0.8488259419145643,1,0,1,0,0,0,0,2,0,0,1,1,0.5294809683164731,-0.5912122608950425
1,1,0,0,-1.2774445836787656,1,2,1,0,0,0,0,0,0,0,1,2,0.327394162608351,-0.9728621619443029
0,0,0,0,-1.2453213451304328,1,2,1,0,0,0,0,2,2,0,1,2,1.0284107583608562,-0.9361313013316575
1,0,0,0,-1.2774445836787656,1,2,1,0,0,0,0,0,0,0,1,2,0.3402469601071168,-0.9726915504101534
0,0,0,0,-0.2176614069356987,1,2,1,2,2,0,0,0,2,0,1,2,1.002782336108076,0.13345358892494702
0,0,1,0,-1.2774445836787656,1,0,1,0,0,0,0,0,0,0,1,2,0.15353849218931928,-0.9751699694588609
0,1,0,0,-1.2547269792140774,1,0,1,0,0,0,0,0,0,0,1,2,0.16080569909714826,-0.9598009594366981
0,0,0,0,-0.7754441797824847,1,2,1,0,2,0,0,0,0,0,1,1,0.5120431620332594,-0.5585955331436623
1,1,0,0,-1.2774445836787656,1,2,1,0,0,0,0,0,0,0,1,2,0.3263747985744196,-0.9728756932600886
1,0,0,0,-0.7981876765903041,1,0,1,2,0,0,0,2,2,0,0,1,1.0675447327852732,-0.4530871084586999
0,0,1,0,-1.2774445836787656,1,0,1,0,2,0,0,0,0,0,1,2,0.3776926581885268,-0.9721944860163845
1,0,0,0,-1.149581802408914,1,0,1,0,0,2,0,0,0,0,0,2,0.3619161323262942,-0.8646460274062505
0,0,1,0,1.5978555078052619,1,2,1,0,2,2,2,2,2,1,1,2,1.480227380086377,2.5347635689022527
1,0,0,0,0.42304435838929055,1,2,1,0,2,0,0,2,2,0,1,2,1.2204985381345843,0.9649617478258299
1,1,0,0,0.5267851401937867,1,0,0,2,0,1,0,0,2,0,0,1,0.048099895449583735,0.31070911341659535
0,1,0,0,-1.2774445836787656,1,0,1,0,0,0,0,0,0,0,1,2,0.22348288503991878,-0.9742415085404866
0,0,0,0,-0.16207498256765768,1,2,1,0,0,2,0,2,2,0,1,2,1.161253136842479,0.26254464670225636
0,0,0,0,-0.30015585439803716,1,0,1,0,2,2,0,2,2,0,1,2,1.1333250231345544,0.08040442991073901
0,0,0,0,-0.19405806604156015,1,0,0,0,0,0,0,2,2,0,1,2,0.33967529028378324,-0.19026328198421022
0,0,0,0,-1.1390569942340347,1,0,1,0,0,0,0,2,2,0,0,2,0.8700556271264691,-0.8564457798328117
1,0,1,0,-0.817980343690425,1,0,0,0,0,0,0,0,2,0,0,0,-0.3168429496731382,-0.6827367837347874
0,0,0,0,-1.2732089282970382,1,0,1,0,0,2,0,0,0,0,1,2,0.3356309442097356,-0.9689025685423226
0,0,0,0,-0.6611302936880188,0,1,0,2,0,0,1,2,0,0,1,1,-0.68606179122461,-0.7003606090968175
0,1,0,0,0.29690235664520115,1,2,1,0,2,2,0,0,0,0,1,1,0.6505219231187811,0.4809809635067406
0,0,1,0,0.7034362996722745,1,2,1,0,0,0,0,2,2,0,1,2,1.0026880540872607,1.0792353012213973
1,0,0,0,-1.2774445836787656,1,2,1,0,0,0,0,2,0,0,0,2,0.6578084454795173,-0.9684761527730774
0,0,0,0,-1.1870243813635561,1,0,1,0,0,2,0,0,0,0,1,0,0.33795040331630455,-0.8920312383644338
0,0,0,0,-1.2774445836787656,1,0,1,0,0,0,0,0,0,0,1,2,0.17515204794699812,-0.9748830652338007
0,0,1,0,-0.2856581537995073,1,2,1,0,0,2,0,2,2,0,1,2,1.200702405932788,0.112497821309265
1,0,0,0,-1.2774445836787656,0,1,0,0,0,0,0,0,2,0,0,0,-0.9744264372215659,-0.9901428831060164
0,1,1,0,-0.6764150672617815,1,0,1,0,2,2,0,2,2,0,1,2,1.108528424495437,-0.3301207560971107
0,0,0,0,-1.0429663208903437,1,2,0,0,0,0,0,0,0,0,1,2,-0.500965205106361,-0.8694563919407989
0,0,0,0,-0.26460333676890024,1,0,1,0,0,0,0,2,0,0,1,2,0.4866879571293456,-0.0676925317931526
0,0,1,0,-1.1426412599918236,1,0,1,0,0,0,0,2,0,0,1,2,0.5273758927829643,-0.8559684720290632
0,1,0,0,-1.2774445836787656,1,0,1,0,0,0,0,0,0,0,1,2,0.16767030943524563,-0.9749823798682775
1,0,0,0,-1.1960038562387048,1,0,1,0,0,0,0,2,0,0,1,2,0.4718166915798267,-0.8962728449972474
0,0,1,0,0.502141110983608,0,1,0,0,2,0,0,0,0,0,0,2,-1.1183101767470431,-0.38693299031553163
0,0,0,0,-0.6433092318865947,1,2,1,2,0,0,0,2,2,0,1,2,1.1971073068165634,-0.29084594394648383
1,1,1,0,0.6554210965793464,1,2,0,2,0,0,1,0,0,0,1,2,-0.05892510848694188,0.3185778958174492
1,0,1,0,-0.8867993808663434,1,2,1,0,0,0,0,2,0,0,1,2,0.7087632368224579,-0.5935717735585957
0,0,0,0,0.3395238567759647,1,2,1,0,0,0,0,0,0,0,0,0,0.3439317858593513,0.32386577048009546
0,0,0,0,-1.0744052141124787,1,2,1,0,0,2,0,2,2,0,1,2,1.1785094655392903,-0.7345602114866001
0,0,0,0,-1.207024575994825,1,0,0,0,0,2,2,2,2,0,0,2,0.9273806934531313,-0.8920892225396256
0,0,0,0,0.6407481718667888,1,1,0,2,2,0,0,0,0,0,1,1,-0.1735876424347864,0.26428315225734617
1,1,1,0,-0.2543002669179135,1,2,1,0,2,2,0,2,2,0,0,2,1.3616069149669776,0.19551316094249294
1,0,0,0,-0.42107010418302315,1,0,1,0,0,0,0,0,0,0,0,1,0.20147271006746637,-0.3390016609843786
1,0,0,0,-1.1562264951933214,1,0,0,2,0,0,0,0,0,0,1,2,-0.5111760316098499,-0.9248954263858017
0,0,0,0,0.3819134653364621,1,2,1,0,0,0,0,2,0,0,1,1,0.6624413294635284,0.5481437887300351
1,1,0,0,-0.6880505974221998,1,2,1,0,2,2,0,2,2,0,0,2,1.3939962445492071,-0.2864440915301916
1,0,1,0,-0.5453629355743237,1,2,1,0,0,0,0,2,2,0,1,2,0.9674036061825397,-0.22546794388506786
0,0,0,0,-1.0865160906234412,0,1,0,0,0,0,0,0,0,0,0,3,-1.3289042056189244,-0.9412108209134756
1,0,0,0,1.4264566031645312,1,1,1,2,2,2,2,2,2,1,1,0,1.7416731413705333,2.421357475474293
1,1,0,0,-0.7748904349890657,1,2,1,0,2,0,0,2,2,0,1,1,1.1702141384315683,-0.40596291168369814
1,0,0,0,-0.4203045701138383,1,0,1,0,0,0,0,2,2,0,1,2,0.8603401111767615,-0.12435366130498415
0,0,0,0,-1.2619460047958777,1,0,1,2,0,0,0,0,0,0,1,2,0.3203143166103133,-0.9538973756349628
0,0,0,0,-1.157561893756704,1,0,1,0,0,0,0,2,2,0,1,2,0.8781116695657685,-0.8709425688530246
1,0,0,0,-1.2774445836787656,1,0,1,0,0,0,0,0,0,0,1,2,0.174835712908229,-0.9748872643512515
1,0,0,0,-0.09618160745335756,1,2,1,0,2,2,0,2,2,0,1,2,1.3105412413441262,0.3344155249092391
0,0,1,0,-0.5121684634538926,1,0,1,0,0,0,0,2,2,0,0,2,0.8157127739282586,-0.20555428832578157
0,0,0,0,-1.120647788366906,1,2,1,0,2,0,0,2,0,0,0,2,0.8594480719413553,-0.81074428261338
0,0,0,0,-1.24493052881106,1,0,0,0,2,0,0,0,0,0,0,2,-0.4975500151429353,-0.9608797857690348
1,0,0,0,-0.8135011196985696,1,2,1,0,0,0,0,2,2,0,1,2,1.03695441973827,-0.4836414713067618
1,1,0,0,-1.2521236560299254,1,2,1,0,0,0,0,0,0,0,1,2,0.32021156991776306,-0.9515934001887827
0,1,1,0,1.0269428324515784,1,2,1,2,0,2,0,2,2,0,0,0,1.3265133788435108,1.628046362534583
1,1,1,0,0.6135314567469159,1,2,1,0,2,2,0,2,2,0,1,2,1.283423951793884,1.1514760467507061
1,0,0,0,-1.2774445836787656,1,0,1,0,0,0,0,0,2,0,1,2,0.5334146256185202,-0.9701273902135812
1,0,0,0,-0.4223169455581282,1,2,0,2,1,0,0,0,0,0,0,2,-0.19394514616279024,-0.45313783929408874
0,1,0,0,-0.3334806029564128,1,2,1,0,2,0,0,2,2,0,1,2,1.2220794610257617,0.08840471145803784
0,1,0,0,-1.1992727941212311,1,0,1,0,0,0,0,0,0,0,1,2,0.18387074919261961,-0.9048093699150815
0,0,0,0,-0.09692949332098674,1,0,0,2,2,2,0,0,1,0,1,0,0.1909441719911587,-0.07508222495941425
1,0,0,0,-0.5434961971509624,1,0,1,0,0,2,0,2,2,0,1,1,1.0345903704038477,-0.2209149345945036
0,0,0,0,-1.2774445836787656,1,0,0,0,0,0,2,0,0,0,1,2,0.12487454701917927,-0.9755504624729863
1,0,0,0,-1.2131323524567632,0,1,0,0,0,0,0,0,0,0,0,2,-1.329826210051864,-0.9801583311895807
1,1,0,0,-1.1914541811870605,1,2,1,0,0,0,0,2,2,0,1,2,0.9708435266672334,-0.8811961460724516
1,0,0,0,-1.2774445836787656,1,0,2,1,1,1,1,1,1,0,1,3,-1.5022527363118874,-0.9971493931409557
0,0,1,0,0.6145151165431331,1,2,1,0,0,0,0,0,2,1,0,3,0.6029659717394603,0.7652228486996845
0,0,0,0,-1.121781190450169,1,2,1,0,2,0,0,2,0,0,1,2,0.8924618515924527,-0.8114905820796655
1,0,0,0,0.6964039703109437,1,0,2,1,1,1,1,1,1,1,0,0,-1.472772281676137,-0.5623950390209823
0,0,0,0,-1.1120162600207444,1,0,0,2,0,0,2,0,0,0,0,2,-0.3392828225519545,-0.8674360355258014
1,0,0,0,-1.2243189889036807,1,0,1,0,0,0,0,0,0,0,1,3,0.18688819393826947,-0.9370767031017364
1,0,0,0,-1.2084734720615775,1,0,0,0,0,2,0,0,0,0,1,2,-0.5163248504594852,-0.9392634198188516
1,1,0,0,-0.8339203151084156,1,2,1,0,0,2,0,2,2,0,1,2,1.1690220861598561,-0.4978376961040446
0,0,1,0,1.1945231694076703,1,2,1,0,2,2,0,2,2,1,1,2,1.4489415969543074,1.9660411586895763
1,0,0,0,-0.8790884438815381,1,2,1,0,0,0,0,2,0,0,1,2,0.6664965870015733,-0.5921986076533232
0,0,0,0,0.7488902411327276,1,2,1,2,2,0,0,0,2,0,1,1,0.9578349495378441,1.0514937602248187
0,0,0,0,0.22920887396235737,1,0,0,2,2,0,0,0,0,0,1,1,-0.01768704749412836,0.09395120369285784
0,0,0,0,-0.9048240043195771,1,0,1,2,0,0,0,0,0,0,1,1,0.30101086789373793,-0.6849683227890787
0,0,0,0,-0.9573189471694012,1,0,1,0,2,0,0,0,2,0,1,2,0.6646116452859951,-0.6804188158012151
1,0,0,0,-0.6371544366320666,1,0,1,2,0,0,0,2,2,0,0,2,0.9704454642241128,-0.30590551292362267
0,0,0,0,-1.1394631419777863,1,0,0,0,0,2,2,2,2,0,1,2,0.9295329945572592,-0.8397009230926833
0,1,0,0,0.2791431333319326,1,2,1,0,0,0,0,2,2,0,1,0,1.0183295215849077,0.6408092713203035
1,0,1,0,0.8682072489325496,1,2,1,0,2,2,0,2,2,0,1,2,1.309491614992118,1.3509929941784165
0,0,0,0,-1.2774445836787656,1,0,0,0,0,0,0,0,0,0,0,3,-0.6831656227242558,-0.9862766077364923
1,0,0,0,-1.2367242199587352,1,0,0,0,0,0,0,0,0,0,1,2,-0.6536809095829531,-0.9626621769821002
0,0,0,0,-0.9816270765825519,1,2,1,2,0,0,0,0,0,0,1,2,0.48347867255257077,-0.7050133877335432
1,0,0,0,0.6962308385744759,0,1,0,1,2,2,0,2,2,1,0,2,-0.2204144979763852,0.2625492091293785
0,1,0,0,-0.5045328305102371,1,2,1,0,0,0,0,2,2,0,1,2,0.9801712337765985,-0.17596777458337245
0,0,1,0,-0.9783481661810055,1,0,1,0,0,2,0,0,0,0,1,0,0.3565006591892517,-0.7355024747167601
0,0,0,0,-1.051608335043035,1,2,1,0,0,2,0,2,2,0,1,0,1.2043608965836308,-0.7236270660521624
1,0,0,0,0.42274331433170753,1,2,1,0,2,0,0,2,2,0,1,2,1.217332073700047,0.9111901001189447
0,0,0,0,-1.2275627853239768,1,2,1,0,0,0,0,0,0,0,1,2,0.3671263222336925,-0.9352327744674954
1,0,0,0,-0.9486006144481309,1,0,0,0,0,0,0,0,0,0,1,0,-0.6461547688245903,-0.8324210353706811
